timestamp,platform,test_type,image_key,image_tier,run_number,total_latency_seconds,processing_seconds,original_size_bytes,original_dimensions,status,error
2026-04-13T13:29:33.568579,aws,cold_start,dataset/small_1.jpg,small,1,2.0452,0.4154,63116,640x960,ok,
2026-04-13T13:29:35.688085,aws,cold_start,dataset/small_2.jpg,small,1,2.1178,0.2134,97616,736x1099,ok,
2026-04-13T13:29:36.433035,aws,cold_start,dataset/small_3.jpg,small,1,0.7434,0.1953,95950,736x981,ok,
2026-04-13T13:29:39.154418,aws,cold_start,dataset/medium_1.jpg,medium,1,2.7192,2.1537,1694858,3089x2048,ok,
2026-04-13T13:29:44.345739,aws,cold_start,dataset/medium_2.jpg,medium,1,5.1893,4.592,1977150,3966x3966,ok,
2026-04-13T13:29:47.658573,aws,cold_start,dataset/medium_3.jpg,medium,1,3.3118,2.6841,2215521,2475x3720,ok,
2026-04-13T13:29:55.129020,aws,cold_start,dataset/large_1.jpg,large,1,7.4674,6.4979,6594243,5616x3744,ok,
2026-04-13T13:30:02.847514,aws,cold_start,dataset/large_2.jpg,large,1,7.7162,6.3883,8116973,3654x5473,ok,
2026-04-13T13:30:11.035301,aws,cold_start,dataset/large_3.jpg,large,1,8.186,7.3908,5377411,4071x6139,ok,
2026-04-13T13:30:11.694690,aws,warm,dataset/small_1.jpg,small,1,0.6574,0.1611,63116,640x960,ok,
2026-04-13T13:30:12.716110,aws,warm,dataset/small_1.jpg,small,2,1.0202,0.1381,63116,640x960,ok,
2026-04-13T13:30:13.294837,aws,warm,dataset/small_1.jpg,small,3,0.577,0.1339,63116,640x960,ok,
2026-04-13T13:30:13.888299,aws,warm,dataset/small_1.jpg,small,4,0.5917,0.1341,63116,640x960,ok,
2026-04-13T13:30:14.481824,aws,warm,dataset/small_1.jpg,small,5,0.5907,0.142,63116,640x960,ok,
2026-04-13T13:30:15.101575,aws,warm,dataset/small_1.jpg,small,6,0.6181,0.1462,63116,640x960,ok,
2026-04-13T13:30:15.701951,aws,warm,dataset/small_1.jpg,small,7,0.5966,0.1422,63116,640x960,ok,
2026-04-13T13:30:16.306901,aws,warm,dataset/small_1.jpg,small,8,0.6033,0.1382,63116,640x960,ok,
2026-04-13T13:30:16.904748,aws,warm,dataset/small_1.jpg,small,9,0.5961,0.1421,63116,640x960,ok,
2026-04-13T13:30:17.495763,aws,warm,dataset/small_1.jpg,small,10,0.5895,0.1345,63116,640x960,ok,
2026-04-13T13:30:18.122094,aws,warm,dataset/small_1.jpg,small,11,0.6248,0.1381,63116,640x960,ok,
2026-04-13T13:30:18.718667,aws,warm,dataset/small_1.jpg,small,12,0.5943,0.1342,63116,640x960,ok,
2026-04-13T13:30:19.349293,aws,warm,dataset/small_1.jpg,small,13,0.6277,0.1379,63116,640x960,ok,
2026-04-13T13:30:19.957342,aws,warm,dataset/small_1.jpg,small,14,0.606,0.1461,63116,640x960,ok,
2026-04-13T13:30:20.569736,aws,warm,dataset/small_1.jpg,small,15,0.6107,0.1463,63116,640x960,ok,
2026-04-13T13:30:21.174297,aws,warm,dataset/small_1.jpg,small,16,0.6036,0.146,63116,640x960,ok,
2026-04-13T13:30:21.812803,aws,warm,dataset/small_1.jpg,small,17,0.6368,0.1505,63116,640x960,ok,
2026-04-13T13:30:22.465182,aws,warm,dataset/small_1.jpg,small,18,0.6497,0.1468,63116,640x960,ok,
2026-04-13T13:30:23.078477,aws,warm,dataset/small_1.jpg,small,19,0.611,0.138,63116,640x960,ok,
2026-04-13T13:30:23.695704,aws,warm,dataset/small_1.jpg,small,20,0.6147,0.1422,63116,640x960,ok,
2026-04-13T13:30:24.297470,aws,warm,dataset/small_1.jpg,small,21,0.5985,0.1425,63116,640x960,ok,
2026-04-13T13:30:24.926656,aws,warm,dataset/small_1.jpg,small,22,0.6258,0.1417,63116,640x960,ok,
2026-04-13T13:30:25.518705,aws,warm,dataset/small_1.jpg,small,23,0.5892,0.1377,63116,640x960,ok,
2026-04-13T13:30:26.108555,aws,warm,dataset/small_1.jpg,small,24,0.5874,0.1333,63116,640x960,ok,
2026-04-13T13:30:26.712829,aws,warm,dataset/small_1.jpg,small,25,0.6026,0.1419,63116,640x960,ok,
2026-04-13T13:30:27.325219,aws,warm,dataset/small_1.jpg,small,26,0.6107,0.1587,63116,640x960,ok,
2026-04-13T13:30:28.368474,aws,warm,dataset/small_1.jpg,small,27,1.0417,0.1423,63116,640x960,ok,
2026-04-13T13:30:29.397585,aws,warm,dataset/small_1.jpg,small,28,1.0263,0.1379,63116,640x960,ok,
2026-04-13T13:30:30.440894,aws,warm,dataset/small_1.jpg,small,29,1.0417,0.1377,63116,640x960,ok,
2026-04-13T13:30:31.034440,aws,warm,dataset/small_1.jpg,small,30,0.5912,0.1463,63116,640x960,ok,
2026-04-13T13:30:31.641945,aws,warm,dataset/small_1.jpg,small,31,0.6028,0.1337,63116,640x960,ok,
2026-04-13T13:30:32.301366,aws,warm,dataset/small_1.jpg,small,32,0.6582,0.138,63116,640x960,ok,
2026-04-13T13:30:33.345164,aws,warm,dataset/small_1.jpg,small,33,1.0425,0.1422,63116,640x960,ok,
2026-04-13T13:30:33.959060,aws,warm,dataset/small_1.jpg,small,34,0.6124,0.1339,63116,640x960,ok,
2026-04-13T13:30:34.564729,aws,warm,dataset/small_1.jpg,small,35,0.6044,0.1339,63116,640x960,ok,
2026-04-13T13:30:35.171294,aws,warm,dataset/small_1.jpg,small,36,0.6054,0.1384,63116,640x960,ok,
2026-04-13T13:30:35.773662,aws,warm,dataset/small_1.jpg,small,37,0.6005,0.138,63116,640x960,ok,
2026-04-13T13:30:36.360412,aws,warm,dataset/small_1.jpg,small,38,0.5841,0.1336,63116,640x960,ok,
2026-04-13T13:30:36.936254,aws,warm,dataset/small_1.jpg,small,39,0.5749,0.1339,63116,640x960,ok,
2026-04-13T13:30:37.534053,aws,warm,dataset/small_1.jpg,small,40,0.5957,0.1459,63116,640x960,ok,
2026-04-13T13:30:38.574301,aws,warm,dataset/small_1.jpg,small,41,1.0389,0.1424,63116,640x960,ok,
2026-04-13T13:30:39.183111,aws,warm,dataset/small_1.jpg,small,42,0.6075,0.15,63116,640x960,ok,
2026-04-13T13:30:39.822426,aws,warm,dataset/small_1.jpg,small,43,0.638,0.1462,63116,640x960,ok,
2026-04-13T13:30:40.430067,aws,warm,dataset/small_1.jpg,small,44,0.6051,0.1419,63116,640x960,ok,
2026-04-13T13:30:41.027663,aws,warm,dataset/small_1.jpg,small,45,0.5963,0.1344,63116,640x960,ok,
2026-04-13T13:30:41.639345,aws,warm,dataset/small_1.jpg,small,46,0.6105,0.1429,63116,640x960,ok,
2026-04-13T13:30:42.250002,aws,warm,dataset/small_1.jpg,small,47,0.6094,0.1589,63116,640x960,ok,
2026-04-13T13:30:42.846962,aws,warm,dataset/small_1.jpg,small,48,0.5957,0.1463,63116,640x960,ok,
2026-04-13T13:30:43.437247,aws,warm,dataset/small_1.jpg,small,49,0.589,0.1463,63116,640x960,ok,
2026-04-13T13:30:44.031005,aws,warm,dataset/small_1.jpg,small,50,0.5926,0.1507,63116,640x960,ok,
2026-04-13T13:30:44.632841,aws,warm,dataset/small_1.jpg,small,51,0.6009,0.1465,63116,640x960,ok,
2026-04-13T13:30:45.241924,aws,warm,dataset/small_1.jpg,small,52,0.6077,0.1382,63116,640x960,ok,
2026-04-13T13:30:45.836957,aws,warm,dataset/small_1.jpg,small,53,0.5937,0.1471,63116,640x960,ok,
2026-04-13T13:30:46.435453,aws,warm,dataset/small_1.jpg,small,54,0.5969,0.1465,63116,640x960,ok,
2026-04-13T13:30:47.030332,aws,warm,dataset/small_1.jpg,small,55,0.5941,0.1341,63116,640x960,ok,
2026-04-13T13:30:47.630910,aws,warm,dataset/small_1.jpg,small,56,0.5998,0.1507,63116,640x960,ok,
2026-04-13T13:30:48.227054,aws,warm,dataset/small_1.jpg,small,57,0.5945,0.1344,63116,640x960,ok,
2026-04-13T13:30:48.849225,aws,warm,dataset/small_1.jpg,small,58,0.62,0.1501,63116,640x960,ok,
2026-04-13T13:30:49.447633,aws,warm,dataset/small_1.jpg,small,59,0.5967,0.1341,63116,640x960,ok,
2026-04-13T13:30:50.063352,aws,warm,dataset/small_1.jpg,small,60,0.613,0.1424,63116,640x960,ok,
2026-04-13T13:30:50.664816,aws,warm,dataset/small_1.jpg,small,61,0.5987,0.1343,63116,640x960,ok,
2026-04-13T13:30:51.260954,aws,warm,dataset/small_1.jpg,small,62,0.5945,0.1347,63116,640x960,ok,
2026-04-13T13:30:51.866314,aws,warm,dataset/small_1.jpg,small,63,0.6036,0.1426,63116,640x960,ok,
2026-04-13T13:30:52.470561,aws,warm,dataset/small_1.jpg,small,64,0.6025,0.1587,63116,640x960,ok,
2026-04-13T13:30:53.081872,aws,warm,dataset/small_1.jpg,small,65,0.608,0.1343,63116,640x960,ok,
2026-04-13T13:30:53.730816,aws,warm,dataset/small_1.jpg,small,66,0.6459,0.159,63116,640x960,ok,
2026-04-13T13:30:54.344554,aws,warm,dataset/small_1.jpg,small,67,0.6105,0.1343,63116,640x960,ok,
2026-04-13T13:30:54.935350,aws,warm,dataset/small_1.jpg,small,68,0.5886,0.1425,63116,640x960,ok,
2026-04-13T13:30:55.560179,aws,warm,dataset/small_1.jpg,small,69,0.6218,0.1508,63116,640x960,ok,
2026-04-13T13:30:56.170406,aws,warm,dataset/small_1.jpg,small,70,0.6071,0.1344,63116,640x960,ok,
2026-04-13T13:30:56.780359,aws,warm,dataset/small_1.jpg,small,71,0.6084,0.1467,63116,640x960,ok,
2026-04-13T13:30:57.385678,aws,warm,dataset/small_1.jpg,small,72,0.6035,0.1379,63116,640x960,ok,
2026-04-13T13:30:57.971243,aws,warm,dataset/small_1.jpg,small,73,0.5839,0.1339,63116,640x960,ok,
2026-04-13T13:30:58.595504,aws,warm,dataset/small_1.jpg,small,74,0.6205,0.1587,63116,640x960,ok,
2026-04-13T13:30:59.211086,aws,warm,dataset/small_1.jpg,small,75,0.6125,0.1341,63116,640x960,ok,
2026-04-13T13:30:59.832701,aws,warm,dataset/small_1.jpg,small,76,0.6201,0.159,63116,640x960,ok,
2026-04-13T13:31:00.432254,aws,warm,dataset/small_1.jpg,small,77,0.598,0.1461,63116,640x960,ok,
2026-04-13T13:31:01.056460,aws,warm,dataset/small_1.jpg,small,78,0.6225,0.1343,63116,640x960,ok,
2026-04-13T13:31:01.719890,aws,warm,dataset/small_1.jpg,small,79,0.6605,0.1464,63116,640x960,ok,
2026-04-13T13:31:02.330346,aws,warm,dataset/small_1.jpg,small,80,0.6079,0.134,63116,640x960,ok,
2026-04-13T13:31:03.375807,aws,warm,dataset/small_1.jpg,small,81,1.0429,0.1467,63116,640x960,ok,
2026-04-13T13:31:03.993545,aws,warm,dataset/small_1.jpg,small,82,0.615,0.1542,63116,640x960,ok,
2026-04-13T13:31:04.612204,aws,warm,dataset/small_1.jpg,small,83,0.6155,0.1586,63116,640x960,ok,
2026-04-13T13:31:05.203228,aws,warm,dataset/small_1.jpg,small,84,0.5881,0.1339,63116,640x960,ok,
2026-04-13T13:31:05.807817,aws,warm,dataset/small_1.jpg,small,85,0.6015,0.1387,63116,640x960,ok,
2026-04-13T13:31:06.423581,aws,warm,dataset/small_1.jpg,small,86,0.6134,0.1422,63116,640x960,ok,
2026-04-13T13:31:07.034674,aws,warm,dataset/small_1.jpg,small,87,0.6095,0.1507,63116,640x960,ok,
2026-04-13T13:31:07.640583,aws,warm,dataset/small_1.jpg,small,88,0.6044,0.1464,63116,640x960,ok,
2026-04-13T13:31:08.241983,aws,warm,dataset/small_1.jpg,small,89,0.5998,0.1344,63116,640x960,ok,
2026-04-13T13:31:08.836964,aws,warm,dataset/small_1.jpg,small,90,0.5926,0.1385,63116,640x960,ok,
2026-04-13T13:31:09.444055,aws,warm,dataset/small_1.jpg,small,91,0.6038,0.138,63116,640x960,ok,
2026-04-13T13:31:10.065349,aws,warm,dataset/small_1.jpg,small,92,0.6197,0.1427,63116,640x960,ok,
2026-04-13T13:31:10.673747,aws,warm,dataset/small_1.jpg,small,93,0.6068,0.1471,63116,640x960,ok,
2026-04-13T13:31:11.274705,aws,warm,dataset/small_1.jpg,small,94,0.5997,0.1463,63116,640x960,ok,
2026-04-13T13:31:11.868747,aws,warm,dataset/small_1.jpg,small,95,0.5917,0.1501,63116,640x960,ok,
2026-04-13T13:31:12.575191,aws,warm,dataset/small_1.jpg,small,96,0.7029,0.1384,63116,640x960,ok,
2026-04-13T13:31:13.188062,aws,warm,dataset/small_1.jpg,small,97,0.6111,0.1462,63116,640x960,ok,
2026-04-13T13:31:13.793412,aws,warm,dataset/small_1.jpg,small,98,0.6029,0.1468,63116,640x960,ok,
2026-04-13T13:31:14.508286,aws,warm,dataset/small_1.jpg,small,99,0.7132,0.1425,63116,640x960,ok,
2026-04-13T13:31:15.121721,aws,warm,dataset/small_1.jpg,small,100,0.6114,0.1464,63116,640x960,ok,
2026-04-13T13:31:17.624777,aws,warm,dataset/medium_1.jpg,medium,1,2.5014,1.8964,1694858,3089x2048,ok,
2026-04-13T13:31:20.031735,aws,warm,dataset/medium_1.jpg,medium,2,2.4038,1.902,1694858,3089x2048,ok,
2026-04-13T13:31:22.410516,aws,warm,dataset/medium_1.jpg,medium,3,2.377,1.9097,1694858,3089x2048,ok,
2026-04-13T13:31:24.801810,aws,warm,dataset/medium_1.jpg,medium,4,2.3897,1.9078,1694858,3089x2048,ok,
2026-04-13T13:31:27.200877,aws,warm,dataset/medium_1.jpg,medium,5,2.3967,1.9168,1694858,3089x2048,ok,
2026-04-13T13:31:29.599427,aws,warm,dataset/medium_1.jpg,medium,6,2.3973,1.9149,1694858,3089x2048,ok,
2026-04-13T13:31:31.991580,aws,warm,dataset/medium_1.jpg,medium,7,2.3906,1.8991,1694858,3089x2048,ok,
2026-04-13T13:31:34.421467,aws,warm,dataset/medium_1.jpg,medium,8,2.4285,1.9052,1694858,3089x2048,ok,
2026-04-13T13:31:36.804488,aws,warm,dataset/medium_1.jpg,medium,9,2.3805,1.9007,1694858,3089x2048,ok,
2026-04-13T13:31:39.709909,aws,warm,dataset/medium_1.jpg,medium,10,2.9034,1.9075,1694858,3089x2048,ok,
2026-04-13T13:31:42.108120,aws,warm,dataset/medium_1.jpg,medium,11,2.3966,1.8983,1694858,3089x2048,ok,
2026-04-13T13:31:44.524427,aws,warm,dataset/medium_1.jpg,medium,12,2.4132,1.9207,1694858,3089x2048,ok,
2026-04-13T13:31:46.916228,aws,warm,dataset/medium_1.jpg,medium,13,2.3894,1.9017,1694858,3089x2048,ok,
2026-04-13T13:31:49.318841,aws,warm,dataset/medium_1.jpg,medium,14,2.4009,1.9026,1694858,3089x2048,ok,
2026-04-13T13:31:51.708779,aws,warm,dataset/medium_1.jpg,medium,15,2.3867,1.9096,1694858,3089x2048,ok,
2026-04-13T13:31:54.115406,aws,warm,dataset/medium_1.jpg,medium,16,2.4037,1.8975,1694858,3089x2048,ok,
2026-04-13T13:31:56.511326,aws,warm,dataset/medium_1.jpg,medium,17,2.3928,1.9057,1694858,3089x2048,ok,
2026-04-13T13:31:58.894807,aws,warm,dataset/medium_1.jpg,medium,18,2.38,1.8995,1694858,3089x2048,ok,
2026-04-13T13:32:01.282466,aws,warm,dataset/medium_1.jpg,medium,19,2.3859,1.9056,1694858,3089x2048,ok,
2026-04-13T13:32:03.657072,aws,warm,dataset/medium_1.jpg,medium,20,2.3731,1.9016,1694858,3089x2048,ok,
2026-04-13T13:32:06.053940,aws,warm,dataset/medium_1.jpg,medium,21,2.394,1.9154,1694858,3089x2048,ok,
2026-04-13T13:32:08.450817,aws,warm,dataset/medium_1.jpg,medium,22,2.3953,1.9097,1694858,3089x2048,ok,
2026-04-13T13:32:10.840242,aws,warm,dataset/medium_1.jpg,medium,23,2.3878,1.9067,1694858,3089x2048,ok,
2026-04-13T13:32:13.245268,aws,warm,dataset/medium_1.jpg,medium,24,2.4032,1.9025,1694858,3089x2048,ok,
2026-04-13T13:32:15.643099,aws,warm,dataset/medium_1.jpg,medium,25,2.3946,1.9178,1694858,3089x2048,ok,
2026-04-13T13:32:18.038118,aws,warm,dataset/medium_1.jpg,medium,26,2.392,1.911,1694858,3089x2048,ok,
2026-04-13T13:32:20.459463,aws,warm,dataset/medium_1.jpg,medium,27,2.4186,1.9102,1694858,3089x2048,ok,
2026-04-13T13:32:22.877095,aws,warm,dataset/medium_1.jpg,medium,28,2.4152,1.9061,1694858,3089x2048,ok,
2026-04-13T13:32:25.271539,aws,warm,dataset/medium_1.jpg,medium,29,2.3917,1.9106,1694858,3089x2048,ok,
2026-04-13T13:32:27.649650,aws,warm,dataset/medium_1.jpg,medium,30,2.3763,1.9015,1694858,3089x2048,ok,
2026-04-13T13:32:30.107573,aws,warm,dataset/medium_1.jpg,medium,31,2.4548,1.8997,1694858,3089x2048,ok,
2026-04-13T13:32:32.728043,aws,warm,dataset/medium_1.jpg,medium,32,2.6165,1.911,1694858,3089x2048,ok,
2026-04-13T13:32:35.141057,aws,warm,dataset/medium_1.jpg,medium,33,2.4114,1.9036,1694858,3089x2048,ok,
2026-04-13T13:32:37.763674,aws,warm,dataset/medium_1.jpg,medium,34,2.6195,1.9124,1694858,3089x2048,ok,
2026-04-13T13:32:40.174219,aws,warm,dataset/medium_1.jpg,medium,35,2.4089,1.9008,1694858,3089x2048,ok,
2026-04-13T13:32:42.777379,aws,warm,dataset/medium_1.jpg,medium,36,2.6006,1.9086,1694858,3089x2048,ok,
2026-04-13T13:32:45.402725,aws,warm,dataset/medium_1.jpg,medium,37,2.6232,1.9155,1694858,3089x2048,ok,
2026-04-13T13:32:47.873488,aws,warm,dataset/medium_1.jpg,medium,38,2.4688,1.9229,1694858,3089x2048,ok,
2026-04-13T13:32:50.519865,aws,warm,dataset/medium_1.jpg,medium,39,2.6446,1.9131,1694858,3089x2048,ok,
2026-04-13T13:32:52.966712,aws,warm,dataset/medium_1.jpg,medium,40,2.4439,1.9041,1694858,3089x2048,ok,
2026-04-13T13:32:55.366101,aws,warm,dataset/medium_1.jpg,medium,41,2.3962,1.9088,1694858,3089x2048,ok,
2026-04-13T13:32:57.857725,aws,warm,dataset/medium_1.jpg,medium,42,2.489,1.9042,1694858,3089x2048,ok,
2026-04-13T13:33:00.307174,aws,warm,dataset/medium_1.jpg,medium,43,2.4464,1.9095,1694858,3089x2048,ok,
2026-04-13T13:33:02.719466,aws,warm,dataset/medium_1.jpg,medium,44,2.4107,1.8993,1694858,3089x2048,ok,
2026-04-13T13:33:05.162370,aws,warm,dataset/medium_1.jpg,medium,45,2.4399,1.8885,1694858,3089x2048,ok,
2026-04-13T13:33:07.646822,aws,warm,dataset/medium_1.jpg,medium,46,2.4821,1.9001,1694858,3089x2048,ok,
2026-04-13T13:33:10.042011,aws,warm,dataset/medium_1.jpg,medium,47,2.3922,1.8947,1694858,3089x2048,ok,
2026-04-13T13:33:12.414748,aws,warm,dataset/medium_1.jpg,medium,48,2.3694,1.8941,1694858,3089x2048,ok,
2026-04-13T13:33:14.802109,aws,warm,dataset/medium_1.jpg,medium,49,2.384,1.8997,1694858,3089x2048,ok,
2026-04-13T13:33:17.300187,aws,warm,dataset/medium_1.jpg,medium,50,2.4946,1.9174,1694858,3089x2048,ok,
2026-04-13T13:33:19.759888,aws,warm,dataset/medium_1.jpg,medium,51,2.4565,1.9164,1694858,3089x2048,ok,
2026-04-13T13:33:22.153696,aws,warm,dataset/medium_1.jpg,medium,52,2.3905,1.9039,1694858,3089x2048,ok,
2026-04-13T13:33:24.566510,aws,warm,dataset/medium_1.jpg,medium,53,2.4112,1.8993,1694858,3089x2048,ok,
2026-04-13T13:33:26.959481,aws,warm,dataset/medium_1.jpg,medium,54,2.3891,1.9042,1694858,3089x2048,ok,
2026-04-13T13:33:29.363815,aws,warm,dataset/medium_1.jpg,medium,55,2.4013,1.8997,1694858,3089x2048,ok,
2026-04-13T13:33:31.737977,aws,warm,dataset/medium_1.jpg,medium,56,2.3723,1.9024,1694858,3089x2048,ok,
2026-04-13T13:33:34.117051,aws,warm,dataset/medium_1.jpg,medium,57,2.3761,1.8982,1694858,3089x2048,ok,
2026-04-13T13:33:36.531944,aws,warm,dataset/medium_1.jpg,medium,58,2.4116,1.8923,1694858,3089x2048,ok,
2026-04-13T13:33:38.919056,aws,warm,dataset/medium_1.jpg,medium,59,2.385,1.8959,1694858,3089x2048,ok,
2026-04-13T13:33:41.297373,aws,warm,dataset/medium_1.jpg,medium,60,2.3767,1.8888,1694858,3089x2048,ok,
2026-04-13T13:33:44.098390,aws,warm,dataset/medium_1.jpg,medium,61,2.7993,1.9006,1694858,3089x2048,ok,
2026-04-13T13:33:46.921350,aws,warm,dataset/medium_1.jpg,medium,62,2.8199,1.8822,1694858,3089x2048,ok,
2026-04-13T13:33:49.698583,aws,warm,dataset/medium_1.jpg,medium,63,2.7755,1.9,1694858,3089x2048,ok,
2026-04-13T13:33:52.130149,aws,warm,dataset/medium_1.jpg,medium,64,2.4288,1.898,1694858,3089x2048,ok,
2026-04-13T13:33:54.544321,aws,warm,dataset/medium_1.jpg,medium,65,2.4114,1.8738,1694858,3089x2048,ok,
2026-04-13T13:33:56.932486,aws,warm,dataset/medium_1.jpg,medium,66,2.3858,1.9168,1694858,3089x2048,ok,
2026-04-13T13:33:59.317918,aws,warm,dataset/medium_1.jpg,medium,67,2.3823,1.9001,1694858,3089x2048,ok,
2026-04-13T13:34:01.683236,aws,warm,dataset/medium_1.jpg,medium,68,2.3637,1.8996,1694858,3089x2048,ok,
2026-04-13T13:34:04.071478,aws,warm,dataset/medium_1.jpg,medium,69,2.3867,1.8985,1694858,3089x2048,ok,
2026-04-13T13:34:06.445272,aws,warm,dataset/medium_1.jpg,medium,70,2.3706,1.8997,1694858,3089x2048,ok,
2026-04-13T13:34:08.830965,aws,warm,dataset/medium_1.jpg,medium,71,2.3827,1.8896,1694858,3089x2048,ok,
2026-04-13T13:34:11.231498,aws,warm,dataset/medium_1.jpg,medium,72,2.3979,1.9018,1694858,3089x2048,ok,
2026-04-13T13:34:13.639355,aws,warm,dataset/medium_1.jpg,medium,73,2.405,1.8981,1694858,3089x2048,ok,
2026-04-13T13:34:16.062359,aws,warm,dataset/medium_1.jpg,medium,74,2.4214,1.9057,1694858,3089x2048,ok,
2026-04-13T13:34:18.453733,aws,warm,dataset/medium_1.jpg,medium,75,2.3897,1.9117,1694858,3089x2048,ok,
2026-04-13T13:34:20.848341,aws,warm,dataset/medium_1.jpg,medium,76,2.3931,1.8995,1694858,3089x2048,ok,
2026-04-13T13:34:23.216157,aws,warm,dataset/medium_1.jpg,medium,77,2.3654,1.9048,1694858,3089x2048,ok,
2026-04-13T13:34:25.596699,aws,warm,dataset/medium_1.jpg,medium,78,2.3789,1.9075,1694858,3089x2048,ok,
2026-04-13T13:34:27.976759,aws,warm,dataset/medium_1.jpg,medium,79,2.3782,1.908,1694858,3089x2048,ok,
2026-04-13T13:34:30.366300,aws,warm,dataset/medium_1.jpg,medium,80,2.388,1.8993,1694858,3089x2048,ok,
2026-04-13T13:34:32.752850,aws,warm,dataset/medium_1.jpg,medium,81,2.3849,1.9051,1694858,3089x2048,ok,
2026-04-13T13:34:35.147634,aws,warm,dataset/medium_1.jpg,medium,82,2.393,1.9005,1694858,3089x2048,ok,
2026-04-13T13:34:37.550575,aws,warm,dataset/medium_1.jpg,medium,83,2.4012,1.9158,1694858,3089x2048,ok,
2026-04-13T13:34:40.371049,aws,warm,dataset/medium_1.jpg,medium,84,2.8188,1.9116,1694858,3089x2048,ok,
2026-04-13T13:34:43.197755,aws,warm,dataset/medium_1.jpg,medium,85,2.8237,1.9146,1694858,3089x2048,ok,
2026-04-13T13:34:45.598091,aws,warm,dataset/medium_1.jpg,medium,86,2.3987,1.9146,1694858,3089x2048,ok,
2026-04-13T13:34:48.015388,aws,warm,dataset/medium_1.jpg,medium,87,2.4156,1.9,1694858,3089x2048,ok,
2026-04-13T13:34:50.410473,aws,warm,dataset/medium_1.jpg,medium,88,2.3933,1.9197,1694858,3089x2048,ok,
2026-04-13T13:34:52.796784,aws,warm,dataset/medium_1.jpg,medium,89,2.3833,1.8985,1694858,3089x2048,ok,
2026-04-13T13:34:55.612597,aws,warm,dataset/medium_1.jpg,medium,90,2.8127,1.9006,1694858,3089x2048,ok,
2026-04-13T13:34:58.054766,aws,warm,dataset/medium_1.jpg,medium,91,2.4391,1.9087,1694858,3089x2048,ok,
2026-04-13T13:35:00.445375,aws,warm,dataset/medium_1.jpg,medium,92,2.3873,1.9221,1694858,3089x2048,ok,
2026-04-13T13:35:02.850118,aws,warm,dataset/medium_1.jpg,medium,93,2.4028,1.9165,1694858,3089x2048,ok,
2026-04-13T13:35:05.330670,aws,warm,dataset/medium_1.jpg,medium,94,2.478,1.9077,1694858,3089x2048,ok,
2026-04-13T13:35:07.737678,aws,warm,dataset/medium_1.jpg,medium,95,2.404,1.9175,1694858,3089x2048,ok,
2026-04-13T13:35:10.177678,aws,warm,dataset/medium_1.jpg,medium,96,2.4373,1.9124,1694858,3089x2048,ok,
2026-04-13T13:35:12.557770,aws,warm,dataset/medium_1.jpg,medium,97,2.3767,1.9161,1694858,3089x2048,ok,
2026-04-13T13:35:14.934179,aws,warm,dataset/medium_1.jpg,medium,98,2.3746,1.8991,1694858,3089x2048,ok,
2026-04-13T13:35:17.300936,aws,warm,dataset/medium_1.jpg,medium,99,2.3652,1.9071,1694858,3089x2048,ok,
2026-04-13T13:35:19.703527,aws,warm,dataset/medium_1.jpg,medium,100,2.4009,1.9076,1694858,3089x2048,ok,
2026-04-13T13:35:26.954533,aws,warm,dataset/large_1.jpg,large,1,7.2488,6.3939,6594243,5616x3744,ok,
2026-04-13T13:35:34.057922,aws,warm,dataset/large_1.jpg,large,2,7.1018,6.3968,6594243,5616x3744,ok,
2026-04-13T13:35:41.104012,aws,warm,dataset/large_1.jpg,large,3,7.0426,6.3806,6594243,5616x3744,ok,
2026-04-13T13:35:48.079369,aws,warm,dataset/large_1.jpg,large,4,6.9723,6.38,6594243,5616x3744,ok,
2026-04-13T13:35:55.053360,aws,warm,dataset/large_1.jpg,large,5,6.9723,6.3934,6594243,5616x3744,ok,
2026-04-13T13:36:02.079325,aws,warm,dataset/large_1.jpg,large,6,7.0244,6.3928,6594243,5616x3744,ok,
2026-04-13T13:36:09.051724,aws,warm,dataset/large_1.jpg,large,7,6.97,6.4107,6594243,5616x3744,ok,
2026-04-13T13:36:16.023049,aws,warm,dataset/large_1.jpg,large,8,6.969,6.3964,6594243,5616x3744,ok,
2026-04-13T13:36:22.985488,aws,warm,dataset/large_1.jpg,large,9,6.9596,6.3779,6594243,5616x3744,ok,
2026-04-13T13:36:29.954016,aws,warm,dataset/large_1.jpg,large,10,6.966,6.3972,6594243,5616x3744,ok,
2026-04-13T13:36:36.919938,aws,warm,dataset/large_1.jpg,large,11,6.963,6.3965,6594243,5616x3744,ok,
2026-04-13T13:36:43.886221,aws,warm,dataset/large_1.jpg,large,12,6.9635,6.3649,6594243,5616x3744,ok,
2026-04-13T13:36:50.854993,aws,warm,dataset/large_1.jpg,large,13,6.9658,6.394,6594243,5616x3744,ok,
2026-04-13T13:36:57.850428,aws,warm,dataset/large_1.jpg,large,14,6.9928,6.3851,6594243,5616x3744,ok,
2026-04-13T13:37:04.841962,aws,warm,dataset/large_1.jpg,large,15,6.9881,6.3825,6594243,5616x3744,ok,
2026-04-13T13:37:12.412962,aws,warm,dataset/large_1.jpg,large,16,7.5692,6.4037,6594243,5616x3744,ok,
2026-04-13T13:37:19.365760,aws,warm,dataset/large_1.jpg,large,17,6.9504,6.361,6594243,5616x3744,ok,
2026-04-13T13:37:26.338115,aws,warm,dataset/large_1.jpg,large,18,6.9687,6.3952,6594243,5616x3744,ok,
2026-04-13T13:37:33.319684,aws,warm,dataset/large_1.jpg,large,19,6.9783,6.3764,6594243,5616x3744,ok,
2026-04-13T13:37:40.298877,aws,warm,dataset/large_1.jpg,large,20,6.976,6.3586,6594243,5616x3744,ok,
2026-04-13T13:37:47.307336,aws,warm,dataset/large_1.jpg,large,21,7.0052,6.392,6594243,5616x3744,ok,
2026-04-13T13:37:54.382256,aws,warm,dataset/large_1.jpg,large,22,7.0726,6.3809,6594243,5616x3744,ok,
2026-04-13T13:38:01.360150,aws,warm,dataset/large_1.jpg,large,23,6.9747,6.3825,6594243,5616x3744,ok,
2026-04-13T13:38:08.414040,aws,warm,dataset/large_1.jpg,large,24,7.0507,6.3846,6594243,5616x3744,ok,
2026-04-13T13:38:15.454112,aws,warm,dataset/large_1.jpg,large,25,7.0372,6.3974,6594243,5616x3744,ok,
2026-04-13T13:38:22.439395,aws,warm,dataset/large_1.jpg,large,26,6.9824,6.3951,6594243,5616x3744,ok,
2026-04-13T13:38:29.582256,aws,warm,dataset/large_1.jpg,large,27,7.1412,6.3941,6594243,5616x3744,ok,
2026-04-13T13:38:36.541182,aws,warm,dataset/large_1.jpg,large,28,6.9571,6.3975,6594243,5616x3744,ok,
2026-04-13T13:38:43.521450,aws,warm,dataset/large_1.jpg,large,29,6.9773,6.3786,6594243,5616x3744,ok,
2026-04-13T13:38:50.518473,aws,warm,dataset/large_1.jpg,large,30,6.9955,6.3825,6594243,5616x3744,ok,
2026-04-13T13:38:57.781582,aws,warm,dataset/large_1.jpg,large,31,7.2599,6.3988,6594243,5616x3744,ok,
2026-04-13T13:39:04.763841,aws,warm,dataset/large_1.jpg,large,32,6.9795,6.3933,6594243,5616x3744,ok,
2026-04-13T13:39:11.807835,aws,warm,dataset/large_1.jpg,large,33,7.0405,6.3844,6594243,5616x3744,ok,
2026-04-13T13:39:18.877406,aws,warm,dataset/large_1.jpg,large,34,7.0655,6.3669,6594243,5616x3744,ok,
2026-04-13T13:39:25.852087,aws,warm,dataset/large_1.jpg,large,35,6.9717,6.3821,6594243,5616x3744,ok,
2026-04-13T13:39:32.872622,aws,warm,dataset/large_1.jpg,large,36,7.0188,6.3962,6594243,5616x3744,ok,
2026-04-13T13:39:40.342230,aws,warm,dataset/large_1.jpg,large,37,7.4687,6.4108,6594243,5616x3744,ok,
2026-04-13T13:39:47.871171,aws,warm,dataset/large_1.jpg,large,38,7.5272,6.3799,6594243,5616x3744,ok,
2026-04-13T13:39:54.868842,aws,warm,dataset/large_1.jpg,large,39,6.9948,6.391,6594243,5616x3744,ok,
2026-04-13T13:40:01.870768,aws,warm,dataset/large_1.jpg,large,40,7.0002,6.396,6594243,5616x3744,ok,
2026-04-13T13:40:08.842084,aws,warm,dataset/large_1.jpg,large,41,6.9696,6.3789,6594243,5616x3744,ok,
2026-04-13T13:40:15.834549,aws,warm,dataset/large_1.jpg,large,42,6.9899,6.3984,6594243,5616x3744,ok,
2026-04-13T13:40:23.444293,aws,warm,dataset/large_1.jpg,large,43,7.6067,6.3905,6594243,5616x3744,ok,
2026-04-13T13:40:30.411758,aws,warm,dataset/large_1.jpg,large,44,6.9649,6.3808,6594243,5616x3744,ok,
2026-04-13T13:40:37.421683,aws,warm,dataset/large_1.jpg,large,45,7.0069,6.3977,6594243,5616x3744,ok,
2026-04-13T13:40:44.481654,aws,warm,dataset/large_1.jpg,large,46,7.0568,6.4171,6594243,5616x3744,ok,
2026-04-13T13:40:52.119793,aws,warm,dataset/large_1.jpg,large,47,7.6358,6.3818,6594243,5616x3744,ok,
2026-04-13T13:40:59.083020,aws,warm,dataset/large_1.jpg,large,48,6.9602,6.3651,6594243,5616x3744,ok,
2026-04-13T13:41:06.260061,aws,warm,dataset/large_1.jpg,large,49,7.1737,6.3814,6594243,5616x3744,ok,
2026-04-13T13:41:13.228920,aws,warm,dataset/large_1.jpg,large,50,6.9656,6.3766,6594243,5616x3744,ok,
2026-04-13T13:41:20.178650,aws,warm,dataset/large_1.jpg,large,51,6.946,6.3785,6594243,5616x3744,ok,
2026-04-13T13:41:27.163986,aws,warm,dataset/large_1.jpg,large,52,6.9825,6.3671,6594243,5616x3744,ok,
2026-04-13T13:41:34.144991,aws,warm,dataset/large_1.jpg,large,53,6.9793,6.3835,6594243,5616x3744,ok,
2026-04-13T13:41:41.120107,aws,warm,dataset/large_1.jpg,large,54,6.9726,6.3631,6594243,5616x3744,ok,
2026-04-13T13:41:48.097901,aws,warm,dataset/large_1.jpg,large,55,6.9747,6.3748,6594243,5616x3744,ok,
2026-04-13T13:41:55.138553,aws,warm,dataset/large_1.jpg,large,56,7.0375,6.3837,6594243,5616x3744,ok,
2026-04-13T13:42:02.538889,aws,warm,dataset/large_1.jpg,large,57,7.3987,6.3813,6594243,5616x3744,ok,
2026-04-13T13:42:09.526968,aws,warm,dataset/large_1.jpg,large,58,6.9846,6.3956,6594243,5616x3744,ok,
2026-04-13T13:42:16.501069,aws,warm,dataset/large_1.jpg,large,59,6.9709,6.3869,6594243,5616x3744,ok,
2026-04-13T13:42:23.592300,aws,warm,dataset/large_1.jpg,large,60,7.088,6.3781,6594243,5616x3744,ok,
2026-04-13T13:42:30.611534,aws,warm,dataset/large_1.jpg,large,61,7.0157,6.3805,6594243,5616x3744,ok,
2026-04-13T13:42:37.595272,aws,warm,dataset/large_1.jpg,large,62,6.982,6.3826,6594243,5616x3744,ok,
2026-04-13T13:42:45.033783,aws,warm,dataset/large_1.jpg,large,63,7.4367,6.3872,6594243,5616x3744,ok,
2026-04-13T13:42:52.034314,aws,warm,dataset/large_1.jpg,large,64,6.9988,6.3864,6594243,5616x3744,ok,
2026-04-13T13:42:59.007107,aws,warm,dataset/large_1.jpg,large,65,6.9707,6.3969,6594243,5616x3744,ok,
2026-04-13T13:43:05.970891,aws,warm,dataset/large_1.jpg,large,66,6.9611,6.3836,6594243,5616x3744,ok,
2026-04-13T13:43:13.003309,aws,warm,dataset/large_1.jpg,large,67,7.0292,6.4009,6594243,5616x3744,ok,
2026-04-13T13:43:20.073556,aws,warm,dataset/large_1.jpg,large,68,7.0683,6.3963,6594243,5616x3744,ok,
2026-04-13T13:43:27.065486,aws,warm,dataset/large_1.jpg,large,69,6.9894,6.3863,6594243,5616x3744,ok,
2026-04-13T13:43:34.043231,aws,warm,dataset/large_1.jpg,large,70,6.9761,6.3972,6594243,5616x3744,ok,
2026-04-13T13:43:41.154134,aws,warm,dataset/large_1.jpg,large,71,7.1092,6.3959,6594243,5616x3744,ok,
2026-04-13T13:43:48.152605,aws,warm,dataset/large_1.jpg,large,72,6.9952,6.3955,6594243,5616x3744,ok,
2026-04-13T13:43:55.116347,aws,warm,dataset/large_1.jpg,large,73,6.9607,6.3822,6594243,5616x3744,ok,
2026-04-13T13:44:02.092497,aws,warm,dataset/large_1.jpg,large,74,6.9744,6.3961,6594243,5616x3744,ok,
2026-04-13T13:44:09.077391,aws,warm,dataset/large_1.jpg,large,75,6.9818,6.3843,6594243,5616x3744,ok,
2026-04-13T13:44:16.054458,aws,warm,dataset/large_1.jpg,large,76,6.9741,6.3704,6594243,5616x3744,ok,
2026-04-13T13:44:23.031018,aws,warm,dataset/large_1.jpg,large,77,6.9747,6.3666,6594243,5616x3744,ok,
2026-04-13T13:44:30.012385,aws,warm,dataset/large_1.jpg,large,78,6.9796,6.3943,6594243,5616x3744,ok,
2026-04-13T13:44:36.996953,aws,warm,dataset/large_1.jpg,large,79,6.9812,6.4152,6594243,5616x3744,ok,
2026-04-13T13:44:43.987410,aws,warm,dataset/large_1.jpg,large,80,6.9887,6.3843,6594243,5616x3744,ok,
2026-04-13T13:44:50.932753,aws,warm,dataset/large_1.jpg,large,81,6.9432,6.3735,6594243,5616x3744,ok,
2026-04-13T13:44:57.939440,aws,warm,dataset/large_1.jpg,large,82,7.0051,6.3843,6594243,5616x3744,ok,
2026-04-13T13:45:04.902169,aws,warm,dataset/large_1.jpg,large,83,6.9602,6.3795,6594243,5616x3744,ok,
2026-04-13T13:45:11.898414,aws,warm,dataset/large_1.jpg,large,84,6.9929,6.3843,6594243,5616x3744,ok,
2026-04-13T13:45:18.872748,aws,warm,dataset/large_1.jpg,large,85,6.9721,6.3826,6594243,5616x3744,ok,
2026-04-13T13:45:25.849384,aws,warm,dataset/large_1.jpg,large,86,6.9706,6.3752,6594243,5616x3744,ok,
2026-04-13T13:45:32.854647,aws,warm,dataset/large_1.jpg,large,87,7.0033,6.3865,6594243,5616x3744,ok,
2026-04-13T13:45:39.822011,aws,warm,dataset/large_1.jpg,large,88,6.9656,6.378,6594243,5616x3744,ok,
2026-04-13T13:45:46.801294,aws,warm,dataset/large_1.jpg,large,89,6.9769,6.3973,6594243,5616x3744,ok,
2026-04-13T13:45:53.771853,aws,warm,dataset/large_1.jpg,large,90,6.9688,6.3966,6594243,5616x3744,ok,
2026-04-13T13:46:00.760389,aws,warm,dataset/large_1.jpg,large,91,6.9856,6.3796,6594243,5616x3744,ok,
2026-04-13T13:46:07.758178,aws,warm,dataset/large_1.jpg,large,92,6.9961,6.3789,6594243,5616x3744,ok,
2026-04-13T13:46:14.787506,aws,warm,dataset/large_1.jpg,large,93,7.0276,6.3951,6594243,5616x3744,ok,
2026-04-13T13:46:21.754881,aws,warm,dataset/large_1.jpg,large,94,6.9656,6.3974,6594243,5616x3744,ok,
2026-04-13T13:46:28.730294,aws,warm,dataset/large_1.jpg,large,95,6.9736,6.3912,6594243,5616x3744,ok,
2026-04-13T13:46:35.707013,aws,warm,dataset/large_1.jpg,large,96,6.9754,6.4148,6594243,5616x3744,ok,
2026-04-13T13:46:42.665336,aws,warm,dataset/large_1.jpg,large,97,6.9566,6.3784,6594243,5616x3744,ok,
2026-04-13T13:46:49.650748,aws,warm,dataset/large_1.jpg,large,98,6.9831,6.396,6594243,5616x3744,ok,
2026-04-13T13:46:56.639122,aws,warm,dataset/large_1.jpg,large,99,6.9852,6.3806,6594243,5616x3744,ok,
2026-04-13T13:47:03.615093,aws,warm,dataset/large_1.jpg,large,100,6.9746,6.3737,6594243,5616x3744,ok,
2026-04-13T13:47:05.888815,aws,concurrency_50,dataset/small_1.jpg,small,1,2.1348,0.4313,63116,640x960,ok,
2026-04-13T13:47:05.888874,aws,concurrency_50,dataset/small_1.jpg,small,2,2.1395,0.437,63116,640x960,ok,
2026-04-13T13:47:05.888887,aws,concurrency_50,dataset/small_1.jpg,small,3,2.1652,0.4404,63116,640x960,ok,
2026-04-13T13:47:05.888902,aws,concurrency_50,dataset/small_1.jpg,small,4,1.8076,0.4116,63116,640x960,ok,
2026-04-13T13:47:05.888914,aws,concurrency_50,dataset/small_1.jpg,small,5,2.216,0.4167,63116,640x960,ok,
2026-04-13T13:47:05.888924,aws,concurrency_50,dataset/small_1.jpg,small,6,2.1431,0.4272,63116,640x960,ok,
2026-04-13T13:47:05.888933,aws,concurrency_50,dataset/small_1.jpg,small,7,2.1147,0.4405,63116,640x960,ok,
2026-04-13T13:47:05.888944,aws,concurrency_50,dataset/small_1.jpg,small,8,2.1575,0.4413,63116,640x960,ok,
2026-04-13T13:47:05.888955,aws,concurrency_50,dataset/small_1.jpg,small,9,1.9717,0.4352,63116,640x960,ok,
2026-04-13T13:47:05.888966,aws,concurrency_50,dataset/small_1.jpg,small,10,2.1255,0.429,63116,640x960,ok,
2026-04-13T13:47:05.888978,aws,concurrency_50,dataset/small_1.jpg,small,11,0.6608,0.1494,63116,640x960,ok,
2026-04-13T13:47:05.890568,aws,concurrency_50,dataset/small_1.jpg,small,12,2.1734,0.4204,63116,640x960,ok,
2026-04-13T13:47:05.890584,aws,concurrency_50,dataset/small_1.jpg,small,13,2.1882,0.4178,63116,640x960,ok,
2026-04-13T13:47:05.890596,aws,concurrency_50,dataset/small_1.jpg,small,14,1.2416,0.1463,63116,640x960,ok,
2026-04-13T13:47:05.890606,aws,concurrency_50,dataset/small_1.jpg,small,15,2.1326,0.4116,63116,640x960,ok,
2026-04-13T13:47:05.890617,aws,concurrency_50,dataset/small_1.jpg,small,16,2.0789,0.412,63116,640x960,ok,
2026-04-13T13:47:05.890627,aws,concurrency_50,dataset/small_1.jpg,small,17,2.211,0.4271,63116,640x960,ok,
2026-04-13T13:47:05.890638,aws,concurrency_50,dataset/small_1.jpg,small,18,2.2055,0.409,63116,640x960,ok,
2026-04-13T13:47:05.890647,aws,concurrency_50,dataset/small_1.jpg,small,19,2.212,0.4186,63116,640x960,ok,
2026-04-13T13:47:05.890657,aws,concurrency_50,dataset/small_1.jpg,small,20,2.1873,0.4187,63116,640x960,ok,
2026-04-13T13:47:05.890667,aws,concurrency_50,dataset/small_1.jpg,small,21,2.0982,0.4152,63116,640x960,ok,
2026-04-13T13:47:05.890679,aws,concurrency_50,dataset/small_1.jpg,small,22,1.8288,0.381,63116,640x960,ok,
2026-04-13T13:47:05.890689,aws,concurrency_50,dataset/small_1.jpg,small,23,1.9475,0.4101,63116,640x960,ok,
2026-04-13T13:47:05.890700,aws,concurrency_50,dataset/small_1.jpg,small,24,2.1422,0.4304,63116,640x960,ok,
2026-04-13T13:47:05.890709,aws,concurrency_50,dataset/small_1.jpg,small,25,2.1356,0.415,63116,640x960,ok,
2026-04-13T13:47:05.890719,aws,concurrency_50,dataset/small_1.jpg,small,26,2.1075,0.4195,63116,640x960,ok,
2026-04-13T13:47:05.890730,aws,concurrency_50,dataset/small_1.jpg,small,27,2.1255,0.4376,63116,640x960,ok,
2026-04-13T13:47:05.890740,aws,concurrency_50,dataset/small_1.jpg,small,28,2.1309,0.4375,63116,640x960,ok,
2026-04-13T13:47:05.890750,aws,concurrency_50,dataset/small_1.jpg,small,29,1.9201,0.4159,63116,640x960,ok,
2026-04-13T13:47:05.890760,aws,concurrency_50,dataset/small_1.jpg,small,30,2.2406,0.4119,63116,640x960,ok,
2026-04-13T13:47:05.890769,aws,concurrency_50,dataset/small_1.jpg,small,31,2.1117,0.4311,63116,640x960,ok,
2026-04-13T13:47:05.890781,aws,concurrency_50,dataset/small_1.jpg,small,32,2.1414,0.416,63116,640x960,ok,
2026-04-13T13:47:05.890790,aws,concurrency_50,dataset/small_1.jpg,small,33,2.1579,0.4124,63116,640x960,ok,
2026-04-13T13:47:05.890801,aws,concurrency_50,dataset/small_1.jpg,small,34,2.2522,0.4338,63116,640x960,ok,
2026-04-13T13:47:05.890812,aws,concurrency_50,dataset/small_1.jpg,small,35,2.1199,0.4167,63116,640x960,ok,
2026-04-13T13:47:05.890824,aws,concurrency_50,dataset/small_1.jpg,small,36,1.0571,0.151,63116,640x960,ok,
2026-04-13T13:47:05.890833,aws,concurrency_50,dataset/small_1.jpg,small,37,1.9419,0.4315,63116,640x960,ok,
2026-04-13T13:47:05.890846,aws,concurrency_50,dataset/small_1.jpg,small,38,2.0601,0.4083,63116,640x960,ok,
2026-04-13T13:47:05.890856,aws,concurrency_50,dataset/small_1.jpg,small,39,2.1753,0.4177,63116,640x960,ok,
2026-04-13T13:47:05.890878,aws,concurrency_50,dataset/small_1.jpg,small,40,2.0991,0.4181,63116,640x960,ok,
2026-04-13T13:47:05.890891,aws,concurrency_50,dataset/small_1.jpg,small,41,2.1444,0.4408,63116,640x960,ok,
2026-04-13T13:47:05.890900,aws,concurrency_50,dataset/small_1.jpg,small,42,2.144,0.4342,63116,640x960,ok,
2026-04-13T13:47:05.890913,aws,concurrency_50,dataset/small_1.jpg,small,43,2.2223,0.4391,63116,640x960,ok,
2026-04-13T13:47:05.890926,aws,concurrency_50,dataset/small_1.jpg,small,44,2.1374,0.4099,63116,640x960,ok,
2026-04-13T13:47:05.890937,aws,concurrency_50,dataset/small_1.jpg,small,45,2.2044,0.4078,63116,640x960,ok,
2026-04-13T13:47:05.890946,aws,concurrency_50,dataset/small_1.jpg,small,46,1.9645,0.4175,63116,640x960,ok,
2026-04-13T13:47:05.890956,aws,concurrency_50,dataset/small_1.jpg,small,47,2.2195,0.4242,63116,640x960,ok,
2026-04-13T13:47:05.890966,aws,concurrency_50,dataset/small_1.jpg,small,48,2.0818,0.4164,63116,640x960,ok,
2026-04-13T13:47:05.890976,aws,concurrency_50,dataset/small_1.jpg,small,49,2.0904,0.4162,63116,640x960,ok,
2026-04-13T13:47:05.890988,aws,concurrency_50,dataset/small_1.jpg,small,50,2.2568,0.442,63116,640x960,ok,
2026-04-13T13:47:07.726099,aws,concurrency_100,dataset/small_1.jpg,small,1,1.0876,0.1667,63116,640x960,ok,
2026-04-13T13:47:07.726146,aws,concurrency_100,dataset/small_1.jpg,small,2,1.6913,0.4145,63116,640x960,ok,
2026-04-13T13:47:07.726156,aws,concurrency_100,dataset/small_1.jpg,small,3,1.0861,0.159,63116,640x960,ok,
2026-04-13T13:47:07.726165,aws,concurrency_100,dataset/small_1.jpg,small,4,1.6764,0.4121,63116,640x960,ok,
2026-04-13T13:47:07.726173,aws,concurrency_100,dataset/small_1.jpg,small,5,0.6566,0.1652,63116,640x960,ok,
2026-04-13T13:47:07.726181,aws,concurrency_100,dataset/small_1.jpg,small,6,0.6509,0.1534,63116,640x960,ok,
2026-04-13T13:47:07.726189,aws,concurrency_100,dataset/small_1.jpg,small,7,0.6317,0.1576,63116,640x960,ok,
2026-04-13T13:47:07.726195,aws,concurrency_100,dataset/small_1.jpg,small,8,0.6509,0.162,63116,640x960,ok,
2026-04-13T13:47:07.726204,aws,concurrency_100,dataset/small_1.jpg,small,9,1.128,0.166,63116,640x960,ok,
2026-04-13T13:47:07.726211,aws,concurrency_100,dataset/small_1.jpg,small,10,1.1168,0.154,63116,640x960,ok,
2026-04-13T13:47:07.726220,aws,concurrency_100,dataset/small_1.jpg,small,11,1.7027,0.4092,63116,640x960,ok,
2026-04-13T13:47:07.726229,aws,concurrency_100,dataset/small_1.jpg,small,12,0.6554,0.1587,63116,640x960,ok,
2026-04-13T13:47:07.726237,aws,concurrency_100,dataset/small_1.jpg,small,13,0.6954,0.1575,63116,640x960,ok,
2026-04-13T13:47:07.726245,aws,concurrency_100,dataset/small_1.jpg,small,14,0.6252,0.1623,63116,640x960,ok,
2026-04-13T13:47:07.726254,aws,concurrency_100,dataset/small_1.jpg,small,15,1.0954,0.1506,63116,640x960,ok,
2026-04-13T13:47:07.726262,aws,concurrency_100,dataset/small_1.jpg,small,16,0.6356,0.1579,63116,640x960,ok,
2026-04-13T13:47:07.726271,aws,concurrency_100,dataset/small_1.jpg,small,17,0.6828,0.1832,63116,640x960,ok,
2026-04-13T13:47:07.726279,aws,concurrency_100,dataset/small_1.jpg,small,18,0.6357,0.1582,63116,640x960,ok,
2026-04-13T13:47:07.726287,aws,concurrency_100,dataset/small_1.jpg,small,19,1.1347,0.1673,63116,640x960,ok,
2026-04-13T13:47:07.726295,aws,concurrency_100,dataset/small_1.jpg,small,20,0.6462,0.1577,63116,640x960,ok,
2026-04-13T13:47:07.726304,aws,concurrency_100,dataset/small_1.jpg,small,21,1.7711,0.4263,63116,640x960,ok,
2026-04-13T13:47:07.726311,aws,concurrency_100,dataset/small_1.jpg,small,22,0.632,0.154,63116,640x960,ok,
2026-04-13T13:47:07.726319,aws,concurrency_100,dataset/small_1.jpg,small,23,0.6368,0.1551,63116,640x960,ok,
2026-04-13T13:47:07.726326,aws,concurrency_100,dataset/small_1.jpg,small,24,1.0947,0.1626,63116,640x960,ok,
2026-04-13T13:47:07.726335,aws,concurrency_100,dataset/small_1.jpg,small,25,0.6321,0.1544,63116,640x960,ok,
2026-04-13T13:47:07.726344,aws,concurrency_100,dataset/small_1.jpg,small,26,1.8181,0.4331,63116,640x960,ok,
2026-04-13T13:47:07.726352,aws,concurrency_100,dataset/small_1.jpg,small,27,1.7109,0.4143,63116,640x960,ok,
2026-04-13T13:47:07.726360,aws,concurrency_100,dataset/small_1.jpg,small,28,0.6416,0.1494,63116,640x960,ok,
2026-04-13T13:47:07.726368,aws,concurrency_100,dataset/small_1.jpg,small,29,1.74,0.4182,63116,640x960,ok,
2026-04-13T13:47:07.726375,aws,concurrency_100,dataset/small_1.jpg,small,30,1.7356,0.4182,63116,640x960,ok,
2026-04-13T13:47:07.726383,aws,concurrency_100,dataset/small_1.jpg,small,31,1.094,0.1645,63116,640x960,ok,
2026-04-13T13:47:07.726390,aws,concurrency_100,dataset/small_1.jpg,small,32,1.1323,0.1573,63116,640x960,ok,
2026-04-13T13:47:07.726398,aws,concurrency_100,dataset/small_1.jpg,small,33,0.651,0.1579,63116,640x960,ok,
2026-04-13T13:47:07.726405,aws,concurrency_100,dataset/small_1.jpg,small,34,1.6892,0.4233,63116,640x960,ok,
2026-04-13T13:47:07.726413,aws,concurrency_100,dataset/small_1.jpg,small,35,0.6432,0.1538,63116,640x960,ok,
2026-04-13T13:47:07.726420,aws,concurrency_100,dataset/small_1.jpg,small,36,1.0979,0.153,63116,640x960,ok,
2026-04-13T13:47:07.726520,aws,concurrency_100,dataset/small_1.jpg,small,37,0.6595,0.159,63116,640x960,ok,
2026-04-13T13:47:07.726531,aws,concurrency_100,dataset/small_1.jpg,small,38,0.6532,0.1593,63116,640x960,ok,
2026-04-13T13:47:07.726539,aws,concurrency_100,dataset/small_1.jpg,small,39,1.1132,0.1629,63116,640x960,ok,
2026-04-13T13:47:07.726547,aws,concurrency_100,dataset/small_1.jpg,small,40,0.6468,0.1619,63116,640x960,ok,
2026-04-13T13:47:07.726555,aws,concurrency_100,dataset/small_1.jpg,small,41,1.0849,0.1509,63116,640x960,ok,
2026-04-13T13:47:07.726562,aws,concurrency_100,dataset/small_1.jpg,small,42,1.1441,0.1703,63116,640x960,ok,
2026-04-13T13:47:07.726570,aws,concurrency_100,dataset/small_1.jpg,small,43,1.7576,0.4197,63116,640x960,ok,
2026-04-13T13:47:07.726577,aws,concurrency_100,dataset/small_1.jpg,small,44,1.6721,0.4029,63116,640x960,ok,
2026-04-13T13:47:07.726585,aws,concurrency_100,dataset/small_1.jpg,small,45,1.7122,0.4115,63116,640x960,ok,
2026-04-13T13:47:07.726593,aws,concurrency_100,dataset/small_1.jpg,small,46,0.6014,0.1506,63116,640x960,ok,
2026-04-13T13:47:07.726601,aws,concurrency_100,dataset/small_1.jpg,small,47,1.0001,0.418,63116,640x960,ok,
2026-04-13T13:47:07.726609,aws,concurrency_100,dataset/small_1.jpg,small,48,0.6565,0.1666,63116,640x960,ok,
2026-04-13T13:47:07.726617,aws,concurrency_100,dataset/small_1.jpg,small,49,0.6586,0.1671,63116,640x960,ok,
2026-04-13T13:47:07.726625,aws,concurrency_100,dataset/small_1.jpg,small,50,1.8161,0.4493,63116,640x960,ok,
2026-04-13T13:47:07.726633,aws,concurrency_100,dataset/small_1.jpg,small,51,1.7249,0.4082,63116,640x960,ok,
2026-04-13T13:47:07.726640,aws,concurrency_100,dataset/small_1.jpg,small,52,1.0843,0.154,63116,640x960,ok,
2026-04-13T13:47:07.726647,aws,concurrency_100,dataset/small_1.jpg,small,53,1.6116,0.4081,63116,640x960,ok,
2026-04-13T13:47:07.726655,aws,concurrency_100,dataset/small_1.jpg,small,54,0.6584,0.154,63116,640x960,ok,
2026-04-13T13:47:07.726662,aws,concurrency_100,dataset/small_1.jpg,small,55,1.1284,0.1541,63116,640x960,ok,
2026-04-13T13:47:07.726670,aws,concurrency_100,dataset/small_1.jpg,small,56,1.0659,0.1671,63116,640x960,ok,
2026-04-13T13:47:07.726677,aws,concurrency_100,dataset/small_1.jpg,small,57,1.1308,0.161,63116,640x960,ok,
2026-04-13T13:47:07.726684,aws,concurrency_100,dataset/small_1.jpg,small,58,0.6614,0.1615,63116,640x960,ok,
2026-04-13T13:47:07.726691,aws,concurrency_100,dataset/small_1.jpg,small,59,0.6593,0.1576,63116,640x960,ok,
2026-04-13T13:47:07.726699,aws,concurrency_100,dataset/small_1.jpg,small,60,1.089,0.1614,63116,640x960,ok,
2026-04-13T13:47:07.726706,aws,concurrency_100,dataset/small_1.jpg,small,61,1.1536,0.166,63116,640x960,ok,
2026-04-13T13:47:07.726713,aws,concurrency_100,dataset/small_1.jpg,small,62,1.1311,0.1632,63116,640x960,ok,
2026-04-13T13:47:07.726720,aws,concurrency_100,dataset/small_1.jpg,small,63,0.6534,0.1826,63116,640x960,ok,
2026-04-13T13:47:07.726728,aws,concurrency_100,dataset/small_1.jpg,small,64,0.6834,0.1663,63116,640x960,ok,
2026-04-13T13:47:07.726736,aws,concurrency_100,dataset/small_1.jpg,small,65,0.6526,0.157,63116,640x960,ok,
2026-04-13T13:47:07.726743,aws,concurrency_100,dataset/small_1.jpg,small,66,1.7566,0.4178,63116,640x960,ok,
2026-04-13T13:47:07.726750,aws,concurrency_100,dataset/small_1.jpg,small,67,1.0779,0.1668,63116,640x960,ok,
2026-04-13T13:47:07.726760,aws,concurrency_100,dataset/small_1.jpg,small,68,0.649,0.1661,63116,640x960,ok,
2026-04-13T13:47:07.726768,aws,concurrency_100,dataset/small_1.jpg,small,69,0.625,0.1407,63116,640x960,ok,
2026-04-13T13:47:07.726776,aws,concurrency_100,dataset/small_1.jpg,small,70,1.0894,0.1582,63116,640x960,ok,
2026-04-13T13:47:07.726786,aws,concurrency_100,dataset/small_1.jpg,small,71,0.6408,0.1625,63116,640x960,ok,
2026-04-13T13:47:07.726795,aws,concurrency_100,dataset/small_1.jpg,small,72,1.1129,0.1508,63116,640x960,ok,
2026-04-13T13:47:07.726802,aws,concurrency_100,dataset/small_1.jpg,small,73,0.6477,0.1598,63116,640x960,ok,
2026-04-13T13:47:07.726810,aws,concurrency_100,dataset/small_1.jpg,small,74,1.7022,0.4232,63116,640x960,ok,
2026-04-13T13:47:07.726818,aws,concurrency_100,dataset/small_1.jpg,small,75,1.6979,0.4211,63116,640x960,ok,
2026-04-13T13:47:07.726824,aws,concurrency_100,dataset/small_1.jpg,small,76,0.6473,0.1485,63116,640x960,ok,
2026-04-13T13:47:07.726834,aws,concurrency_100,dataset/small_1.jpg,small,77,1.6981,0.4141,63116,640x960,ok,
2026-04-13T13:47:07.726843,aws,concurrency_100,dataset/small_1.jpg,small,78,0.6509,0.1659,63116,640x960,ok,
2026-04-13T13:47:07.726851,aws,concurrency_100,dataset/small_1.jpg,small,79,1.0678,0.1546,63116,640x960,ok,
2026-04-13T13:47:07.726859,aws,concurrency_100,dataset/small_1.jpg,small,80,1.1286,0.1615,63116,640x960,ok,
2026-04-13T13:47:07.726867,aws,concurrency_100,dataset/small_1.jpg,small,81,1.0731,0.1386,63116,640x960,ok,
2026-04-13T13:47:07.726874,aws,concurrency_100,dataset/small_1.jpg,small,82,1.1144,0.166,63116,640x960,ok,
2026-04-13T13:47:07.726881,aws,concurrency_100,dataset/small_1.jpg,small,83,0.6503,0.1627,63116,640x960,ok,
2026-04-13T13:47:07.726892,aws,concurrency_100,dataset/small_1.jpg,small,84,1.7362,0.4229,63116,640x960,ok,
2026-04-13T13:47:07.726900,aws,concurrency_100,dataset/small_1.jpg,small,85,0.6556,0.1654,63116,640x960,ok,
2026-04-13T13:47:07.726906,aws,concurrency_100,dataset/small_1.jpg,small,86,1.7445,0.4101,63116,640x960,ok,
2026-04-13T13:47:07.726915,aws,concurrency_100,dataset/small_1.jpg,small,87,1.1019,0.1554,63116,640x960,ok,
2026-04-13T13:47:07.726922,aws,concurrency_100,dataset/small_1.jpg,small,88,1.0959,0.1537,63116,640x960,ok,
2026-04-13T13:47:07.726930,aws,concurrency_100,dataset/small_1.jpg,small,89,0.6369,0.1495,63116,640x960,ok,
2026-04-13T13:47:07.726937,aws,concurrency_100,dataset/small_1.jpg,small,90,0.6323,0.1538,63116,640x960,ok,
2026-04-13T13:47:07.726944,aws,concurrency_100,dataset/small_1.jpg,small,91,0.6433,0.1579,63116,640x960,ok,
2026-04-13T13:47:07.726952,aws,concurrency_100,dataset/small_1.jpg,small,92,0.6372,0.1579,63116,640x960,ok,
2026-04-13T13:47:07.726960,aws,concurrency_100,dataset/small_1.jpg,small,93,1.7756,0.4299,63116,640x960,ok,
2026-04-13T13:47:07.726967,aws,concurrency_100,dataset/small_1.jpg,small,94,0.6586,0.1583,63116,640x960,ok,
2026-04-13T13:47:07.726984,aws,concurrency_100,dataset/small_1.jpg,small,95,0.625,0.1582,63116,640x960,ok,
2026-04-13T13:47:07.726992,aws,concurrency_100,dataset/small_1.jpg,small,96,0.6393,0.1565,63116,640x960,ok,
2026-04-13T13:47:07.726999,aws,concurrency_100,dataset/small_1.jpg,small,97,0.6146,0.1552,63116,640x960,ok,
2026-04-13T13:47:07.727007,aws,concurrency_100,dataset/small_1.jpg,small,98,0.6496,0.167,63116,640x960,ok,
2026-04-13T13:47:07.727014,aws,concurrency_100,dataset/small_1.jpg,small,99,0.6243,0.166,63116,640x960,ok,
2026-04-13T13:47:07.727022,aws,concurrency_100,dataset/small_1.jpg,small,100,0.6245,0.1633,63116,640x960,ok,
2026-04-13T13:47:10.417246,aws,concurrency_500,dataset/small_1.jpg,small,1,2.3772,0.4475,63116,640x960,ok,
2026-04-13T13:47:10.417265,aws,concurrency_500,dataset/small_1.jpg,small,2,2.2606,0.4396,63116,640x960,ok,
2026-04-13T13:47:10.417271,aws,concurrency_500,dataset/small_1.jpg,small,3,1.179,0.1491,63116,640x960,ok,
2026-04-13T13:47:10.417276,aws,concurrency_500,dataset/small_1.jpg,small,4,2.2683,0.4098,63116,640x960,ok,
2026-04-13T13:47:10.417281,aws,concurrency_500,dataset/small_1.jpg,small,5,2.331,0.4357,63116,640x960,ok,
2026-04-13T13:47:10.417285,aws,concurrency_500,dataset/small_1.jpg,small,6,2.237,0.414,63116,640x960,ok,
2026-04-13T13:47:10.417290,aws,concurrency_500,dataset/small_1.jpg,small,7,1.1518,0.1571,63116,640x960,ok,
2026-04-13T13:47:10.417295,aws,concurrency_500,dataset/small_1.jpg,small,8,1.3663,0.1616,63116,640x960,ok,
2026-04-13T13:47:10.417299,aws,concurrency_500,dataset/small_1.jpg,small,9,1.7535,0.418,63116,640x960,ok,
2026-04-13T13:47:10.417303,aws,concurrency_500,dataset/small_1.jpg,small,10,1.3722,0.154,63116,640x960,ok,
2026-04-13T13:47:10.417308,aws,concurrency_500,dataset/small_1.jpg,small,11,2.2085,0.4187,63116,640x960,ok,
2026-04-13T13:47:10.417350,aws,concurrency_500,dataset/small_1.jpg,small,12,1.1038,,,,error,"500, message='Internal Server Error', url='https://aum2n5vzc2.execute-api.us-east-1.amazonaws.com/Prod/process'"
2026-04-13T13:47:10.417358,aws,concurrency_500,dataset/small_1.jpg,small,13,2.2911,0.4232,63116,640x960,ok,
2026-04-13T13:47:10.417362,aws,concurrency_500,dataset/small_1.jpg,small,14,0.7071,0.1539,63116,640x960,ok,
2026-04-13T13:47:10.417367,aws,concurrency_500,dataset/small_1.jpg,small,15,0.717,0.1671,63116,640x960,ok,
2026-04-13T13:47:10.417371,aws,concurrency_500,dataset/small_1.jpg,small,16,2.2848,0.4196,63116,640x960,ok,
2026-04-13T13:47:10.417375,aws,concurrency_500,dataset/small_1.jpg,small,17,0.6938,0.1518,63116,640x960,ok,
2026-04-13T13:47:10.417380,aws,concurrency_500,dataset/small_1.jpg,small,18,0.7135,0.1578,63116,640x960,ok,
2026-04-13T13:47:10.417384,aws,concurrency_500,dataset/small_1.jpg,small,19,0.7024,0.1661,63116,640x960,ok,
2026-04-13T13:47:10.417388,aws,concurrency_500,dataset/small_1.jpg,small,20,1.181,0.1467,63116,640x960,ok,
2026-04-13T13:47:10.417392,aws,concurrency_500,dataset/small_1.jpg,small,21,1.1548,0.1534,63116,640x960,ok,
2026-04-13T13:47:10.417397,aws,concurrency_500,dataset/small_1.jpg,small,22,2.3282,0.4247,63116,640x960,ok,
2026-04-13T13:47:10.417401,aws,concurrency_500,dataset/small_1.jpg,small,23,0.7064,0.1493,63116,640x960,ok,
2026-04-13T13:47:10.417405,aws,concurrency_500,dataset/small_1.jpg,small,24,0.7202,0.1638,63116,640x960,ok,
2026-04-13T13:47:10.417409,aws,concurrency_500,dataset/small_1.jpg,small,25,1.1559,0.1576,63116,640x960,ok,
2026-04-13T13:47:10.417413,aws,concurrency_500,dataset/small_1.jpg,small,26,0.6951,0.143,63116,640x960,ok,
2026-04-13T13:47:10.417417,aws,concurrency_500,dataset/small_1.jpg,small,27,1.3671,0.1572,63116,640x960,ok,
2026-04-13T13:47:10.417421,aws,concurrency_500,dataset/small_1.jpg,small,28,0.8973,0.1658,63116,640x960,ok,
2026-04-13T13:47:10.417426,aws,concurrency_500,dataset/small_1.jpg,small,29,2.2799,0.4214,63116,640x960,ok,
2026-04-13T13:47:10.417430,aws,concurrency_500,dataset/small_1.jpg,small,30,1.4166,0.157,63116,640x960,ok,
2026-04-13T13:47:10.417434,aws,concurrency_500,dataset/small_1.jpg,small,31,2.2192,0.4177,63116,640x960,ok,
2026-04-13T13:47:10.417438,aws,concurrency_500,dataset/small_1.jpg,small,32,1.1706,0.1656,63116,640x960,ok,
2026-04-13T13:47:10.417443,aws,concurrency_500,dataset/small_1.jpg,small,33,2.4514,0.4291,63116,640x960,ok,
2026-04-13T13:47:10.417447,aws,concurrency_500,dataset/small_1.jpg,small,34,2.2149,0.4164,63116,640x960,ok,
2026-04-13T13:47:10.417451,aws,concurrency_500,dataset/small_1.jpg,small,35,2.3096,0.4133,63116,640x960,ok,
2026-04-13T13:47:10.417455,aws,concurrency_500,dataset/small_1.jpg,small,36,2.2651,0.412,63116,640x960,ok,
2026-04-13T13:47:10.417460,aws,concurrency_500,dataset/small_1.jpg,small,37,1.1603,0.1502,63116,640x960,ok,
2026-04-13T13:47:10.417464,aws,concurrency_500,dataset/small_1.jpg,small,38,0.6694,0.1541,63116,640x960,ok,
2026-04-13T13:47:10.417468,aws,concurrency_500,dataset/small_1.jpg,small,39,0.6927,0.1495,63116,640x960,ok,
2026-04-13T13:47:10.417472,aws,concurrency_500,dataset/small_1.jpg,small,40,0.7258,0.1617,63116,640x960,ok,
2026-04-13T13:47:10.417476,aws,concurrency_500,dataset/small_1.jpg,small,41,0.6746,0.1615,63116,640x960,ok,
2026-04-13T13:47:10.417480,aws,concurrency_500,dataset/small_1.jpg,small,42,1.151,0.1618,63116,640x960,ok,
2026-04-13T13:47:10.417484,aws,concurrency_500,dataset/small_1.jpg,small,43,1.1271,0.1501,63116,640x960,ok,
2026-04-13T13:47:10.417489,aws,concurrency_500,dataset/small_1.jpg,small,44,2.3007,0.4201,63116,640x960,ok,
2026-04-13T13:47:10.417493,aws,concurrency_500,dataset/small_1.jpg,small,45,1.1742,0.1586,63116,640x960,ok,
2026-04-13T13:47:10.417497,aws,concurrency_500,dataset/small_1.jpg,small,46,2.237,0.4194,63116,640x960,ok,
2026-04-13T13:47:10.417501,aws,concurrency_500,dataset/small_1.jpg,small,47,1.8747,0.4047,63116,640x960,ok,
2026-04-13T13:47:10.417505,aws,concurrency_500,dataset/small_1.jpg,small,48,0.6941,0.1434,63116,640x960,ok,
2026-04-13T13:47:10.417510,aws,concurrency_500,dataset/small_1.jpg,small,49,1.096,,,,error,"500, message='Internal Server Error', url='https://aum2n5vzc2.execute-api.us-east-1.amazonaws.com/Prod/process'"
2026-04-13T13:47:10.417515,aws,concurrency_500,dataset/small_1.jpg,small,50,2.2345,0.4127,63116,640x960,ok,
2026-04-13T13:47:10.417519,aws,concurrency_500,dataset/small_1.jpg,small,51,2.3493,0.4337,63116,640x960,ok,
2026-04-13T13:47:10.417523,aws,concurrency_500,dataset/small_1.jpg,small,52,2.2654,0.4369,63116,640x960,ok,
2026-04-13T13:47:10.417527,aws,concurrency_500,dataset/small_1.jpg,small,53,1.1782,0.1663,63116,640x960,ok,
2026-04-13T13:47:10.417532,aws,concurrency_500,dataset/small_1.jpg,small,54,1.8237,0.4355,63116,640x960,ok,
2026-04-13T13:47:10.417536,aws,concurrency_500,dataset/small_1.jpg,small,55,1.3604,0.1657,63116,640x960,ok,
2026-04-13T13:47:10.417540,aws,concurrency_500,dataset/small_1.jpg,small,56,1.2139,0.1388,63116,640x960,ok,
2026-04-13T13:47:10.417544,aws,concurrency_500,dataset/small_1.jpg,small,57,2.1958,0.4186,63116,640x960,ok,
2026-04-13T13:47:10.417549,aws,concurrency_500,dataset/small_1.jpg,small,58,2.2423,0.4181,63116,640x960,ok,
2026-04-13T13:47:10.417553,aws,concurrency_500,dataset/small_1.jpg,small,59,1.1942,0.1623,63116,640x960,ok,
2026-04-13T13:47:10.417557,aws,concurrency_500,dataset/small_1.jpg,small,60,1.1809,0.1656,63116,640x960,ok,
2026-04-13T13:47:10.417561,aws,concurrency_500,dataset/small_1.jpg,small,61,0.7362,0.1587,63116,640x960,ok,
2026-04-13T13:47:10.417565,aws,concurrency_500,dataset/small_1.jpg,small,62,2.1577,0.3711,63116,640x960,ok,
2026-04-13T13:47:10.417569,aws,concurrency_500,dataset/small_1.jpg,small,63,0.7439,0.1757,63116,640x960,ok,
2026-04-13T13:47:10.417573,aws,concurrency_500,dataset/small_1.jpg,small,64,0.6933,0.1544,63116,640x960,ok,
2026-04-13T13:47:10.417578,aws,concurrency_500,dataset/small_1.jpg,small,65,0.6691,0.1659,63116,640x960,ok,
2026-04-13T13:47:10.417582,aws,concurrency_500,dataset/small_1.jpg,small,66,2.229,0.3999,63116,640x960,ok,
2026-04-13T13:47:10.417586,aws,concurrency_500,dataset/small_1.jpg,small,67,2.2577,0.4096,63116,640x960,ok,
2026-04-13T13:47:10.417590,aws,concurrency_500,dataset/small_1.jpg,small,68,0.7349,0.1621,63116,640x960,ok,
2026-04-13T13:47:10.417594,aws,concurrency_500,dataset/small_1.jpg,small,69,2.2406,0.4094,63116,640x960,ok,
2026-04-13T13:47:10.417598,aws,concurrency_500,dataset/small_1.jpg,small,70,2.2964,0.4189,63116,640x960,ok,
2026-04-13T13:47:10.417602,aws,concurrency_500,dataset/small_1.jpg,small,71,1.3547,0.1582,63116,640x960,ok,
2026-04-13T13:47:10.417606,aws,concurrency_500,dataset/small_1.jpg,small,72,0.7039,0.1578,63116,640x960,ok,
2026-04-13T13:47:10.417611,aws,concurrency_500,dataset/small_1.jpg,small,73,2.2357,0.3942,63116,640x960,ok,
2026-04-13T13:47:10.417615,aws,concurrency_500,dataset/small_1.jpg,small,74,2.2619,0.4378,63116,640x960,ok,
2026-04-13T13:47:10.417619,aws,concurrency_500,dataset/small_1.jpg,small,75,1.1481,0.1542,63116,640x960,ok,
2026-04-13T13:47:10.417623,aws,concurrency_500,dataset/small_1.jpg,small,76,1.1708,0.1533,63116,640x960,ok,
2026-04-13T13:47:10.417627,aws,concurrency_500,dataset/small_1.jpg,small,77,1.3699,0.1536,63116,640x960,ok,
2026-04-13T13:47:10.417631,aws,concurrency_500,dataset/small_1.jpg,small,78,1.1725,0.1663,63116,640x960,ok,
2026-04-13T13:47:10.417636,aws,concurrency_500,dataset/small_1.jpg,small,79,1.1898,0.1615,63116,640x960,ok,
2026-04-13T13:47:10.417640,aws,concurrency_500,dataset/small_1.jpg,small,80,2.2846,0.4256,63116,640x960,ok,
2026-04-13T13:47:10.417644,aws,concurrency_500,dataset/small_1.jpg,small,81,1.7748,0.4204,63116,640x960,ok,
2026-04-13T13:47:10.417649,aws,concurrency_500,dataset/small_1.jpg,small,82,1.7939,0.4289,63116,640x960,ok,
2026-04-13T13:47:10.417653,aws,concurrency_500,dataset/small_1.jpg,small,83,1.1863,0.1645,63116,640x960,ok,
2026-04-13T13:47:10.417657,aws,concurrency_500,dataset/small_1.jpg,small,84,1.8425,0.4238,63116,640x960,ok,
2026-04-13T13:47:10.417673,aws,concurrency_500,dataset/small_1.jpg,small,85,2.2362,0.4184,63116,640x960,ok,
2026-04-13T13:47:10.417679,aws,concurrency_500,dataset/small_1.jpg,small,86,2.2093,0.4129,63116,640x960,ok,
2026-04-13T13:47:10.417683,aws,concurrency_500,dataset/small_1.jpg,small,87,1.7707,0.4255,63116,640x960,ok,
2026-04-13T13:47:10.417687,aws,concurrency_500,dataset/small_1.jpg,small,88,2.2807,0.4264,63116,640x960,ok,
2026-04-13T13:47:10.417692,aws,concurrency_500,dataset/small_1.jpg,small,89,2.277,0.4125,63116,640x960,ok,
2026-04-13T13:47:10.417696,aws,concurrency_500,dataset/small_1.jpg,small,90,2.3128,0.4332,63116,640x960,ok,
2026-04-13T13:47:10.417700,aws,concurrency_500,dataset/small_1.jpg,small,91,2.3755,0.4356,63116,640x960,ok,
2026-04-13T13:47:10.417704,aws,concurrency_500,dataset/small_1.jpg,small,92,2.3185,0.4147,63116,640x960,ok,
2026-04-13T13:47:10.417708,aws,concurrency_500,dataset/small_1.jpg,small,93,2.3238,0.4125,63116,640x960,ok,
2026-04-13T13:47:10.417712,aws,concurrency_500,dataset/small_1.jpg,small,94,2.298,0.4125,63116,640x960,ok,
2026-04-13T13:47:10.417716,aws,concurrency_500,dataset/small_1.jpg,small,95,1.09,,,,error,"500, message='Internal Server Error', url='https://aum2n5vzc2.execute-api.us-east-1.amazonaws.com/Prod/process'"
2026-04-13T13:47:10.417721,aws,concurrency_500,dataset/small_1.jpg,small,96,1.0917,,,,error,"500, message='Internal Server Error', url='https://aum2n5vzc2.execute-api.us-east-1.amazonaws.com/Prod/process'"
2026-04-13T13:47:10.417726,aws,concurrency_500,dataset/small_1.jpg,small,97,2.3035,0.4212,63116,640x960,ok,
2026-04-13T13:47:10.417730,aws,concurrency_500,dataset/small_1.jpg,small,98,2.27,0.4242,63116,640x960,ok,
2026-04-13T13:47:10.417734,aws,concurrency_500,dataset/small_1.jpg,small,99,2.3444,0.4066,63116,640x960,ok,
2026-04-13T13:47:10.417739,aws,concurrency_500,dataset/small_1.jpg,small,100,0.8787,0.1579,63116,640x960,ok,
2026-04-13T13:47:10.417743,aws,concurrency_500,dataset/small_1.jpg,small,101,1.8232,0.4271,63116,640x960,ok,
2026-04-13T13:47:10.417747,aws,concurrency_500,dataset/small_1.jpg,small,102,1.1556,0.1537,63116,640x960,ok,
2026-04-13T13:47:10.417751,aws,concurrency_500,dataset/small_1.jpg,small,103,2.2978,0.4142,63116,640x960,ok,
2026-04-13T13:47:10.417755,aws,concurrency_500,dataset/small_1.jpg,small,104,2.3069,0.4109,63116,640x960,ok,
2026-04-13T13:47:10.417759,aws,concurrency_500,dataset/small_1.jpg,small,105,2.2637,0.4209,63116,640x960,ok,
2026-04-13T13:47:10.417763,aws,concurrency_500,dataset/small_1.jpg,small,106,2.2686,0.4216,63116,640x960,ok,
2026-04-13T13:47:10.417767,aws,concurrency_500,dataset/small_1.jpg,small,107,2.2684,0.4187,63116,640x960,ok,
2026-04-13T13:47:10.417772,aws,concurrency_500,dataset/small_1.jpg,small,108,1.8362,0.4324,63116,640x960,ok,
2026-04-13T13:47:10.417776,aws,concurrency_500,dataset/small_1.jpg,small,109,2.3088,0.434,63116,640x960,ok,
2026-04-13T13:47:10.417780,aws,concurrency_500,dataset/small_1.jpg,small,110,1.347,0.1535,63116,640x960,ok,
2026-04-13T13:47:10.417784,aws,concurrency_500,dataset/small_1.jpg,small,111,2.3125,0.4325,63116,640x960,ok,
2026-04-13T13:47:10.417788,aws,concurrency_500,dataset/small_1.jpg,small,112,2.2714,0.4283,63116,640x960,ok,
2026-04-13T13:47:10.417793,aws,concurrency_500,dataset/small_1.jpg,small,113,2.3298,0.4329,63116,640x960,ok,
2026-04-13T13:47:10.417797,aws,concurrency_500,dataset/small_1.jpg,small,114,2.1656,0.3936,63116,640x960,ok,
2026-04-13T13:47:10.417801,aws,concurrency_500,dataset/small_1.jpg,small,115,2.2465,0.4205,63116,640x960,ok,
2026-04-13T13:47:10.417805,aws,concurrency_500,dataset/small_1.jpg,small,116,2.2906,0.4381,63116,640x960,ok,
2026-04-13T13:47:10.417810,aws,concurrency_500,dataset/small_1.jpg,small,117,2.2548,0.4148,63116,640x960,ok,
2026-04-13T13:47:10.417814,aws,concurrency_500,dataset/small_1.jpg,small,118,2.2716,0.4304,63116,640x960,ok,
2026-04-13T13:47:10.417817,aws,concurrency_500,dataset/small_1.jpg,small,119,2.3616,0.4315,63116,640x960,ok,
2026-04-13T13:47:10.417822,aws,concurrency_500,dataset/small_1.jpg,small,120,2.2494,0.4221,63116,640x960,ok,
2026-04-13T13:47:10.417826,aws,concurrency_500,dataset/small_1.jpg,small,121,2.326,0.4306,63116,640x960,ok,
2026-04-13T13:47:10.417830,aws,concurrency_500,dataset/small_1.jpg,small,122,1.0845,,,,error,"500, message='Internal Server Error', url='https://aum2n5vzc2.execute-api.us-east-1.amazonaws.com/Prod/process'"
2026-04-13T13:47:10.417835,aws,concurrency_500,dataset/small_1.jpg,small,123,2.2599,0.4183,63116,640x960,ok,
2026-04-13T13:47:10.417839,aws,concurrency_500,dataset/small_1.jpg,small,124,2.2706,0.4249,63116,640x960,ok,
2026-04-13T13:47:10.417843,aws,concurrency_500,dataset/small_1.jpg,small,125,2.3615,0.4315,63116,640x960,ok,
2026-04-13T13:47:10.417847,aws,concurrency_500,dataset/small_1.jpg,small,126,2.275,0.4223,63116,640x960,ok,
2026-04-13T13:47:10.417851,aws,concurrency_500,dataset/small_1.jpg,small,127,2.432,0.4202,63116,640x960,ok,
2026-04-13T13:47:10.417855,aws,concurrency_500,dataset/small_1.jpg,small,128,2.2588,0.4223,63116,640x960,ok,
2026-04-13T13:47:10.417859,aws,concurrency_500,dataset/small_1.jpg,small,129,2.2727,0.4202,63116,640x960,ok,
2026-04-13T13:47:10.417863,aws,concurrency_500,dataset/small_1.jpg,small,130,0.8521,0.1533,63116,640x960,ok,
2026-04-13T13:47:10.417867,aws,concurrency_500,dataset/small_1.jpg,small,131,2.2472,0.4199,63116,640x960,ok,
2026-04-13T13:47:10.417871,aws,concurrency_500,dataset/small_1.jpg,small,132,2.2522,0.4388,63116,640x960,ok,
2026-04-13T13:47:10.417875,aws,concurrency_500,dataset/small_1.jpg,small,133,2.3111,0.4263,63116,640x960,ok,
2026-04-13T13:47:10.417879,aws,concurrency_500,dataset/small_1.jpg,small,134,2.289,0.4323,63116,640x960,ok,
2026-04-13T13:47:10.417883,aws,concurrency_500,dataset/small_1.jpg,small,135,2.2847,0.419,63116,640x960,ok,
2026-04-13T13:47:10.417887,aws,concurrency_500,dataset/small_1.jpg,small,136,2.301,0.4133,63116,640x960,ok,
2026-04-13T13:47:10.417891,aws,concurrency_500,dataset/small_1.jpg,small,137,2.2509,0.4209,63116,640x960,ok,
2026-04-13T13:47:10.417896,aws,concurrency_500,dataset/small_1.jpg,small,138,2.279,0.426,63116,640x960,ok,
2026-04-13T13:47:10.417900,aws,concurrency_500,dataset/small_1.jpg,small,139,2.3181,0.4376,63116,640x960,ok,
2026-04-13T13:47:10.417904,aws,concurrency_500,dataset/small_1.jpg,small,140,2.1954,0.4196,63116,640x960,ok,
2026-04-13T13:47:10.417908,aws,concurrency_500,dataset/small_1.jpg,small,141,2.2699,0.4114,63116,640x960,ok,
2026-04-13T13:47:10.417912,aws,concurrency_500,dataset/small_1.jpg,small,142,1.3293,0.1497,63116,640x960,ok,
2026-04-13T13:47:10.417916,aws,concurrency_500,dataset/small_1.jpg,small,143,2.2973,0.4211,63116,640x960,ok,
2026-04-13T13:47:10.417920,aws,concurrency_500,dataset/small_1.jpg,small,144,1.7513,0.4147,63116,640x960,ok,
2026-04-13T13:47:10.417924,aws,concurrency_500,dataset/small_1.jpg,small,145,1.1491,0.1657,63116,640x960,ok,
2026-04-13T13:47:10.417928,aws,concurrency_500,dataset/small_1.jpg,small,146,2.3273,0.4361,63116,640x960,ok,
2026-04-13T13:47:10.417932,aws,concurrency_500,dataset/small_1.jpg,small,147,0.697,0.1575,63116,640x960,ok,
2026-04-13T13:47:10.417937,aws,concurrency_500,dataset/small_1.jpg,small,148,2.2842,0.4219,63116,640x960,ok,
2026-04-13T13:47:10.417941,aws,concurrency_500,dataset/small_1.jpg,small,149,2.2787,0.4204,63116,640x960,ok,
2026-04-13T13:47:10.417945,aws,concurrency_500,dataset/small_1.jpg,small,150,0.6932,0.162,63116,640x960,ok,
2026-04-13T13:47:10.417949,aws,concurrency_500,dataset/small_1.jpg,small,151,1.846,0.4231,63116,640x960,ok,
2026-04-13T13:47:10.417953,aws,concurrency_500,dataset/small_1.jpg,small,152,0.6626,0.1551,63116,640x960,ok,
2026-04-13T13:47:10.417957,aws,concurrency_500,dataset/small_1.jpg,small,153,0.7057,0.158,63116,640x960,ok,
2026-04-13T13:47:10.417961,aws,concurrency_500,dataset/small_1.jpg,small,154,1.8109,0.4172,63116,640x960,ok,
2026-04-13T13:47:10.417965,aws,concurrency_500,dataset/small_1.jpg,small,155,0.6988,0.1538,63116,640x960,ok,
2026-04-13T13:47:10.417969,aws,concurrency_500,dataset/small_1.jpg,small,156,1.744,0.4067,63116,640x960,ok,
2026-04-13T13:47:10.417983,aws,concurrency_500,dataset/small_1.jpg,small,157,1.124,0.1494,63116,640x960,ok,
2026-04-13T13:47:10.417988,aws,concurrency_500,dataset/small_1.jpg,small,158,0.6954,0.1572,63116,640x960,ok,
2026-04-13T13:47:10.417992,aws,concurrency_500,dataset/small_1.jpg,small,159,1.789,0.4218,63116,640x960,ok,
2026-04-13T13:47:10.417996,aws,concurrency_500,dataset/small_1.jpg,small,160,1.1549,0.1677,63116,640x960,ok,
2026-04-13T13:47:10.418000,aws,concurrency_500,dataset/small_1.jpg,small,161,2.2839,0.418,63116,640x960,ok,
2026-04-13T13:47:10.418004,aws,concurrency_500,dataset/small_1.jpg,small,162,1.802,0.4122,63116,640x960,ok,
2026-04-13T13:47:10.418008,aws,concurrency_500,dataset/small_1.jpg,small,163,1.1553,0.1631,63116,640x960,ok,
2026-04-13T13:47:10.418012,aws,concurrency_500,dataset/small_1.jpg,small,164,1.7912,0.4217,63116,640x960,ok,
2026-04-13T13:47:10.418016,aws,concurrency_500,dataset/small_1.jpg,small,165,1.1338,0.1618,63116,640x960,ok,
2026-04-13T13:47:10.418020,aws,concurrency_500,dataset/small_1.jpg,small,166,0.6706,0.1658,63116,640x960,ok,
2026-04-13T13:47:10.418024,aws,concurrency_500,dataset/small_1.jpg,small,167,2.2459,0.4206,63116,640x960,ok,
2026-04-13T13:47:10.418028,aws,concurrency_500,dataset/small_1.jpg,small,168,1.1601,0.1626,63116,640x960,ok,
2026-04-13T13:47:10.418032,aws,concurrency_500,dataset/small_1.jpg,small,169,1.0758,0.1496,63116,640x960,ok,
2026-04-13T13:47:10.418036,aws,concurrency_500,dataset/small_1.jpg,small,170,1.7572,0.4174,63116,640x960,ok,
2026-04-13T13:47:10.418040,aws,concurrency_500,dataset/small_1.jpg,small,171,2.1183,0.392,63116,640x960,ok,
2026-04-13T13:47:10.418044,aws,concurrency_500,dataset/small_1.jpg,small,172,1.0758,,,,error,"500, message='Internal Server Error', url='https://aum2n5vzc2.execute-api.us-east-1.amazonaws.com/Prod/process'"
2026-04-13T13:47:10.418049,aws,concurrency_500,dataset/small_1.jpg,small,173,0.6597,0.1663,63116,640x960,ok,
2026-04-13T13:47:10.418053,aws,concurrency_500,dataset/small_1.jpg,small,174,0.712,0.162,63116,640x960,ok,
2026-04-13T13:47:10.418057,aws,concurrency_500,dataset/small_1.jpg,small,175,1.059,,,,error,"500, message='Internal Server Error', url='https://aum2n5vzc2.execute-api.us-east-1.amazonaws.com/Prod/process'"
2026-04-13T13:47:10.418062,aws,concurrency_500,dataset/small_1.jpg,small,176,0.6798,0.1492,63116,640x960,ok,
2026-04-13T13:47:10.418066,aws,concurrency_500,dataset/small_1.jpg,small,177,0.8383,0.15,63116,640x960,ok,
2026-04-13T13:47:10.418070,aws,concurrency_500,dataset/small_1.jpg,small,178,0.6608,0.1619,63116,640x960,ok,
2026-04-13T13:47:10.418074,aws,concurrency_500,dataset/small_1.jpg,small,179,0.7139,0.1578,63116,640x960,ok,
2026-04-13T13:47:10.418078,aws,concurrency_500,dataset/small_1.jpg,small,180,0.6526,0.1574,63116,640x960,ok,
2026-04-13T13:47:10.418082,aws,concurrency_500,dataset/small_1.jpg,small,181,0.6878,0.1535,63116,640x960,ok,
2026-04-13T13:47:10.418086,aws,concurrency_500,dataset/small_1.jpg,small,182,2.2456,0.4153,63116,640x960,ok,
2026-04-13T13:47:10.418091,aws,concurrency_500,dataset/small_1.jpg,small,183,2.241,0.4199,63116,640x960,ok,
2026-04-13T13:47:10.418095,aws,concurrency_500,dataset/small_1.jpg,small,184,0.692,0.1575,63116,640x960,ok,
2026-04-13T13:47:10.418099,aws,concurrency_500,dataset/small_1.jpg,small,185,2.1847,0.4193,63116,640x960,ok,
2026-04-13T13:47:10.418103,aws,concurrency_500,dataset/small_1.jpg,small,186,1.082,,,,error,"500, message='Internal Server Error', url='https://aum2n5vzc2.execute-api.us-east-1.amazonaws.com/Prod/process'"
2026-04-13T13:47:10.418108,aws,concurrency_500,dataset/small_1.jpg,small,187,1.8298,0.4177,63116,640x960,ok,
2026-04-13T13:47:10.418112,aws,concurrency_500,dataset/small_1.jpg,small,188,0.6857,0.1663,63116,640x960,ok,
2026-04-13T13:47:10.418116,aws,concurrency_500,dataset/small_1.jpg,small,189,2.3179,0.4188,63116,640x960,ok,
2026-04-13T13:47:10.418120,aws,concurrency_500,dataset/small_1.jpg,small,190,0.6661,0.1578,63116,640x960,ok,
2026-04-13T13:47:10.418124,aws,concurrency_500,dataset/small_1.jpg,small,191,0.7095,0.1926,63116,640x960,ok,
2026-04-13T13:47:10.418128,aws,concurrency_500,dataset/small_1.jpg,small,192,0.659,0.1608,63116,640x960,ok,
2026-04-13T13:47:10.418132,aws,concurrency_500,dataset/small_1.jpg,small,193,2.2401,0.4171,63116,640x960,ok,
2026-04-13T13:47:10.418136,aws,concurrency_500,dataset/small_1.jpg,small,194,0.6761,0.1656,63116,640x960,ok,
2026-04-13T13:47:10.418141,aws,concurrency_500,dataset/small_1.jpg,small,195,2.2747,0.4387,63116,640x960,ok,
2026-04-13T13:47:10.418145,aws,concurrency_500,dataset/small_1.jpg,small,196,0.6483,0.1525,63116,640x960,ok,
2026-04-13T13:47:10.418149,aws,concurrency_500,dataset/small_1.jpg,small,197,1.0814,,,,error,"500, message='Internal Server Error', url='https://aum2n5vzc2.execute-api.us-east-1.amazonaws.com/Prod/process'"
2026-04-13T13:47:10.418154,aws,concurrency_500,dataset/small_1.jpg,small,198,2.2173,0.3933,63116,640x960,ok,
2026-04-13T13:47:10.418158,aws,concurrency_500,dataset/small_1.jpg,small,199,0.672,0.1501,63116,640x960,ok,
2026-04-13T13:47:10.418163,aws,concurrency_500,dataset/small_1.jpg,small,200,2.2443,0.4131,63116,640x960,ok,
2026-04-13T13:47:10.418167,aws,concurrency_500,dataset/small_1.jpg,small,201,0.678,0.1625,63116,640x960,ok,
2026-04-13T13:47:10.418171,aws,concurrency_500,dataset/small_1.jpg,small,202,2.3016,0.4269,63116,640x960,ok,
2026-04-13T13:47:10.418175,aws,concurrency_500,dataset/small_1.jpg,small,203,1.0745,,,,error,"500, message='Internal Server Error', url='https://aum2n5vzc2.execute-api.us-east-1.amazonaws.com/Prod/process'"
2026-04-13T13:47:10.418179,aws,concurrency_500,dataset/small_1.jpg,small,204,1.1468,0.1625,63116,640x960,ok,
2026-04-13T13:47:10.418184,aws,concurrency_500,dataset/small_1.jpg,small,205,2.3218,0.4278,63116,640x960,ok,
2026-04-13T13:47:10.418188,aws,concurrency_500,dataset/small_1.jpg,small,206,0.6936,0.1663,63116,640x960,ok,
2026-04-13T13:47:10.418192,aws,concurrency_500,dataset/small_1.jpg,small,207,0.6571,0.161,63116,640x960,ok,
2026-04-13T13:47:10.418196,aws,concurrency_500,dataset/small_1.jpg,small,208,2.2259,0.415,63116,640x960,ok,
2026-04-13T13:47:10.418200,aws,concurrency_500,dataset/small_1.jpg,small,209,0.6653,0.1592,63116,640x960,ok,
2026-04-13T13:47:10.418204,aws,concurrency_500,dataset/small_1.jpg,small,210,0.6866,0.1657,63116,640x960,ok,
2026-04-13T13:47:10.418208,aws,concurrency_500,dataset/small_1.jpg,small,211,1.3386,0.1497,63116,640x960,ok,
2026-04-13T13:47:10.418212,aws,concurrency_500,dataset/small_1.jpg,small,212,1.3789,0.15,63116,640x960,ok,
2026-04-13T13:47:10.418216,aws,concurrency_500,dataset/small_1.jpg,small,213,0.6714,0.1578,63116,640x960,ok,
2026-04-13T13:47:10.418220,aws,concurrency_500,dataset/small_1.jpg,small,214,1.1479,0.1619,63116,640x960,ok,
2026-04-13T13:47:10.418224,aws,concurrency_500,dataset/small_1.jpg,small,215,1.083,,,,error,"500, message='Internal Server Error', url='https://aum2n5vzc2.execute-api.us-east-1.amazonaws.com/Prod/process'"
2026-04-13T13:47:10.418229,aws,concurrency_500,dataset/small_1.jpg,small,216,1.1332,0.1542,63116,640x960,ok,
2026-04-13T13:47:10.418233,aws,concurrency_500,dataset/small_1.jpg,small,217,2.2324,0.4178,63116,640x960,ok,
2026-04-13T13:47:10.418238,aws,concurrency_500,dataset/small_1.jpg,small,218,2.3025,0.4145,63116,640x960,ok,
2026-04-13T13:47:10.418241,aws,concurrency_500,dataset/small_1.jpg,small,219,2.3009,0.4206,63116,640x960,ok,
2026-04-13T13:47:10.418245,aws,concurrency_500,dataset/small_1.jpg,small,220,2.1371,0.3992,63116,640x960,ok,
2026-04-13T13:47:10.418250,aws,concurrency_500,dataset/small_1.jpg,small,221,2.3077,0.4289,63116,640x960,ok,
2026-04-13T13:47:10.418254,aws,concurrency_500,dataset/small_1.jpg,small,222,2.252,0.4156,63116,640x960,ok,
2026-04-13T13:47:10.418258,aws,concurrency_500,dataset/small_1.jpg,small,223,2.2445,0.4198,63116,640x960,ok,
2026-04-13T13:47:10.418262,aws,concurrency_500,dataset/small_1.jpg,small,224,2.2424,0.41,63116,640x960,ok,
2026-04-13T13:47:10.418266,aws,concurrency_500,dataset/small_1.jpg,small,225,1.3396,0.1541,63116,640x960,ok,
2026-04-13T13:47:10.418282,aws,concurrency_500,dataset/small_1.jpg,small,226,2.1809,0.4313,63116,640x960,ok,
2026-04-13T13:47:10.418287,aws,concurrency_500,dataset/small_1.jpg,small,227,1.3332,0.1494,63116,640x960,ok,
2026-04-13T13:47:10.418291,aws,concurrency_500,dataset/small_1.jpg,small,228,2.2813,0.4359,63116,640x960,ok,
2026-04-13T13:47:10.418295,aws,concurrency_500,dataset/small_1.jpg,small,229,2.2723,0.4186,63116,640x960,ok,
2026-04-13T13:47:10.418299,aws,concurrency_500,dataset/small_1.jpg,small,230,2.2434,0.4418,63116,640x960,ok,
2026-04-13T13:47:10.418303,aws,concurrency_500,dataset/small_1.jpg,small,231,2.2632,0.4128,63116,640x960,ok,
2026-04-13T13:47:10.418307,aws,concurrency_500,dataset/small_1.jpg,small,232,2.2357,0.4171,63116,640x960,ok,
2026-04-13T13:47:10.418311,aws,concurrency_500,dataset/small_1.jpg,small,233,1.3217,0.1496,63116,640x960,ok,
2026-04-13T13:47:10.418316,aws,concurrency_500,dataset/small_1.jpg,small,234,2.2818,0.4354,63116,640x960,ok,
2026-04-13T13:47:10.418320,aws,concurrency_500,dataset/small_1.jpg,small,235,2.2267,0.4151,63116,640x960,ok,
2026-04-13T13:47:10.418325,aws,concurrency_500,dataset/small_1.jpg,small,236,1.2745,0.1663,63116,640x960,ok,
2026-04-13T13:47:10.418329,aws,concurrency_500,dataset/small_1.jpg,small,237,2.1838,0.4169,63116,640x960,ok,
2026-04-13T13:47:10.418333,aws,concurrency_500,dataset/small_1.jpg,small,238,2.2826,0.4172,63116,640x960,ok,
2026-04-13T13:47:10.418336,aws,concurrency_500,dataset/small_1.jpg,small,239,2.2447,0.4326,63116,640x960,ok,
2026-04-13T13:47:10.418340,aws,concurrency_500,dataset/small_1.jpg,small,240,2.2383,0.4119,63116,640x960,ok,
2026-04-13T13:47:10.418345,aws,concurrency_500,dataset/small_1.jpg,small,241,1.1427,0.1652,63116,640x960,ok,
2026-04-13T13:47:10.418349,aws,concurrency_500,dataset/small_1.jpg,small,242,1.8178,0.4222,63116,640x960,ok,
2026-04-13T13:47:10.418353,aws,concurrency_500,dataset/small_1.jpg,small,243,2.1794,0.4187,63116,640x960,ok,
2026-04-13T13:47:10.418357,aws,concurrency_500,dataset/small_1.jpg,small,244,2.2907,0.4229,63116,640x960,ok,
2026-04-13T13:47:10.418361,aws,concurrency_500,dataset/small_1.jpg,small,245,1.1512,0.1657,63116,640x960,ok,
2026-04-13T13:47:10.418366,aws,concurrency_500,dataset/small_1.jpg,small,246,2.2025,0.4175,63116,640x960,ok,
2026-04-13T13:47:10.418370,aws,concurrency_500,dataset/small_1.jpg,small,247,2.3274,0.4107,63116,640x960,ok,
2026-04-13T13:47:10.418373,aws,concurrency_500,dataset/small_1.jpg,small,248,2.1939,0.4198,63116,640x960,ok,
2026-04-13T13:47:10.418377,aws,concurrency_500,dataset/small_1.jpg,small,249,2.2622,0.4185,63116,640x960,ok,
2026-04-13T13:47:10.418382,aws,concurrency_500,dataset/small_1.jpg,small,250,1.8247,0.4399,63116,640x960,ok,
2026-04-13T13:47:10.418386,aws,concurrency_500,dataset/small_1.jpg,small,251,1.1546,0.1651,63116,640x960,ok,
2026-04-13T13:47:10.418390,aws,concurrency_500,dataset/small_1.jpg,small,252,2.1723,0.4108,63116,640x960,ok,
2026-04-13T13:47:10.418394,aws,concurrency_500,dataset/small_1.jpg,small,253,1.3166,0.1586,63116,640x960,ok,
2026-04-13T13:47:10.418398,aws,concurrency_500,dataset/small_1.jpg,small,254,2.3545,0.4094,63116,640x960,ok,
2026-04-13T13:47:10.418402,aws,concurrency_500,dataset/small_1.jpg,small,255,2.2125,0.4187,63116,640x960,ok,
2026-04-13T13:47:10.418406,aws,concurrency_500,dataset/small_1.jpg,small,256,1.0662,,,,error,"500, message='Internal Server Error', url='https://aum2n5vzc2.execute-api.us-east-1.amazonaws.com/Prod/process'"
2026-04-13T13:47:10.418411,aws,concurrency_500,dataset/small_1.jpg,small,257,2.136,0.4119,63116,640x960,ok,
2026-04-13T13:47:10.418415,aws,concurrency_500,dataset/small_1.jpg,small,258,1.1417,0.149,63116,640x960,ok,
2026-04-13T13:47:10.418419,aws,concurrency_500,dataset/small_1.jpg,small,259,0.8563,0.1664,63116,640x960,ok,
2026-04-13T13:47:10.418423,aws,concurrency_500,dataset/small_1.jpg,small,260,1.3397,0.1538,63116,640x960,ok,
2026-04-13T13:47:10.418427,aws,concurrency_500,dataset/small_1.jpg,small,261,1.1489,0.1577,63116,640x960,ok,
2026-04-13T13:47:10.418431,aws,concurrency_500,dataset/small_1.jpg,small,262,2.1721,0.4153,63116,640x960,ok,
2026-04-13T13:47:10.418435,aws,concurrency_500,dataset/small_1.jpg,small,263,2.2404,0.4228,63116,640x960,ok,
2026-04-13T13:47:10.418440,aws,concurrency_500,dataset/small_1.jpg,small,264,1.1297,0.1656,63116,640x960,ok,
2026-04-13T13:47:10.418444,aws,concurrency_500,dataset/small_1.jpg,small,265,2.2824,0.4374,63116,640x960,ok,
2026-04-13T13:47:10.418448,aws,concurrency_500,dataset/small_1.jpg,small,266,1.3465,0.1571,63116,640x960,ok,
2026-04-13T13:47:10.418452,aws,concurrency_500,dataset/small_1.jpg,small,267,2.2084,0.4155,63116,640x960,ok,
2026-04-13T13:47:10.418456,aws,concurrency_500,dataset/small_1.jpg,small,268,1.165,0.1835,63116,640x960,ok,
2026-04-13T13:47:10.418460,aws,concurrency_500,dataset/small_1.jpg,small,269,1.7049,0.4078,63116,640x960,ok,
2026-04-13T13:47:10.418464,aws,concurrency_500,dataset/small_1.jpg,small,270,1.8314,0.4231,63116,640x960,ok,
2026-04-13T13:47:10.418468,aws,concurrency_500,dataset/small_1.jpg,small,271,2.2069,0.4086,63116,640x960,ok,
2026-04-13T13:47:10.418472,aws,concurrency_500,dataset/small_1.jpg,small,272,1.7743,0.415,63116,640x960,ok,
2026-04-13T13:47:10.418476,aws,concurrency_500,dataset/small_1.jpg,small,273,2.3125,0.4393,63116,640x960,ok,
2026-04-13T13:47:10.418481,aws,concurrency_500,dataset/small_1.jpg,small,274,2.2338,0.3982,63116,640x960,ok,
2026-04-13T13:47:10.418485,aws,concurrency_500,dataset/small_1.jpg,small,275,1.7218,0.4184,63116,640x960,ok,
2026-04-13T13:47:10.418489,aws,concurrency_500,dataset/small_1.jpg,small,276,1.1358,0.1528,63116,640x960,ok,
2026-04-13T13:47:10.418493,aws,concurrency_500,dataset/small_1.jpg,small,277,1.8102,0.4295,63116,640x960,ok,
2026-04-13T13:47:10.418497,aws,concurrency_500,dataset/small_1.jpg,small,278,2.1808,0.4107,63116,640x960,ok,
2026-04-13T13:47:10.418501,aws,concurrency_500,dataset/small_1.jpg,small,279,2.225,0.4202,63116,640x960,ok,
2026-04-13T13:47:10.418506,aws,concurrency_500,dataset/small_1.jpg,small,280,2.2936,0.4235,63116,640x960,ok,
2026-04-13T13:47:10.418510,aws,concurrency_500,dataset/small_1.jpg,small,281,1.1305,0.1531,63116,640x960,ok,
2026-04-13T13:47:10.418514,aws,concurrency_500,dataset/small_1.jpg,small,282,2.261,0.4218,63116,640x960,ok,
2026-04-13T13:47:10.418518,aws,concurrency_500,dataset/small_1.jpg,small,283,2.2495,0.4161,63116,640x960,ok,
2026-04-13T13:47:10.418522,aws,concurrency_500,dataset/small_1.jpg,small,284,1.712,0.3978,63116,640x960,ok,
2026-04-13T13:47:10.418526,aws,concurrency_500,dataset/small_1.jpg,small,285,2.2305,0.4121,63116,640x960,ok,
2026-04-13T13:47:10.418530,aws,concurrency_500,dataset/small_1.jpg,small,286,1.1425,0.1499,63116,640x960,ok,
2026-04-13T13:47:10.418534,aws,concurrency_500,dataset/small_1.jpg,small,287,2.2643,0.4379,63116,640x960,ok,
2026-04-13T13:47:10.418538,aws,concurrency_500,dataset/small_1.jpg,small,288,1.8139,0.4167,63116,640x960,ok,
2026-04-13T13:47:10.418542,aws,concurrency_500,dataset/small_1.jpg,small,289,1.1801,0.1586,63116,640x960,ok,
2026-04-13T13:47:10.418546,aws,concurrency_500,dataset/small_1.jpg,small,290,2.2545,0.4178,63116,640x960,ok,
2026-04-13T13:47:10.418550,aws,concurrency_500,dataset/small_1.jpg,small,291,1.1551,0.1631,63116,640x960,ok,
2026-04-13T13:47:10.418554,aws,concurrency_500,dataset/small_1.jpg,small,292,2.1457,0.4116,63116,640x960,ok,
2026-04-13T13:47:10.418558,aws,concurrency_500,dataset/small_1.jpg,small,293,2.2223,0.4221,63116,640x960,ok,
2026-04-13T13:47:10.418562,aws,concurrency_500,dataset/small_1.jpg,small,294,2.2366,0.4396,63116,640x960,ok,
2026-04-13T13:47:10.418567,aws,concurrency_500,dataset/small_1.jpg,small,295,1.629,0.4034,63116,640x960,ok,
2026-04-13T13:47:10.418571,aws,concurrency_500,dataset/small_1.jpg,small,296,2.1717,0.4195,63116,640x960,ok,
2026-04-13T13:47:10.418575,aws,concurrency_500,dataset/small_1.jpg,small,297,1.1351,0.1609,63116,640x960,ok,
2026-04-13T13:47:10.418579,aws,concurrency_500,dataset/small_1.jpg,small,298,2.2409,0.4112,63116,640x960,ok,
2026-04-13T13:47:10.418591,aws,concurrency_500,dataset/small_1.jpg,small,299,1.1248,0.1608,63116,640x960,ok,
2026-04-13T13:47:10.418596,aws,concurrency_500,dataset/small_1.jpg,small,300,1.8037,0.4337,63116,640x960,ok,
2026-04-13T13:47:10.418600,aws,concurrency_500,dataset/small_1.jpg,small,301,2.1739,0.4093,63116,640x960,ok,
2026-04-13T13:47:10.418604,aws,concurrency_500,dataset/small_1.jpg,small,302,1.8356,0.437,63116,640x960,ok,
2026-04-13T13:47:10.418608,aws,concurrency_500,dataset/small_1.jpg,small,303,1.8136,0.4255,63116,640x960,ok,
2026-04-13T13:47:10.418612,aws,concurrency_500,dataset/small_1.jpg,small,304,2.2108,0.4195,63116,640x960,ok,
2026-04-13T13:47:10.418616,aws,concurrency_500,dataset/small_1.jpg,small,305,2.207,0.4117,63116,640x960,ok,
2026-04-13T13:47:10.418620,aws,concurrency_500,dataset/small_1.jpg,small,306,2.2406,0.4408,63116,640x960,ok,
2026-04-13T13:47:10.418624,aws,concurrency_500,dataset/small_1.jpg,small,307,2.2325,0.428,63116,640x960,ok,
2026-04-13T13:47:10.418628,aws,concurrency_500,dataset/small_1.jpg,small,308,1.3416,0.1627,63116,640x960,ok,
2026-04-13T13:47:10.418632,aws,concurrency_500,dataset/small_1.jpg,small,309,2.2236,0.4244,63116,640x960,ok,
2026-04-13T13:47:10.418636,aws,concurrency_500,dataset/small_1.jpg,small,310,2.2712,0.4308,63116,640x960,ok,
2026-04-13T13:47:10.418640,aws,concurrency_500,dataset/small_1.jpg,small,311,2.1765,0.4073,63116,640x960,ok,
2026-04-13T13:47:10.418644,aws,concurrency_500,dataset/small_1.jpg,small,312,1.3512,0.1748,63116,640x960,ok,
2026-04-13T13:47:10.418648,aws,concurrency_500,dataset/small_1.jpg,small,313,1.1395,0.1542,63116,640x960,ok,
2026-04-13T13:47:10.418652,aws,concurrency_500,dataset/small_1.jpg,small,314,1.8309,0.4252,63116,640x960,ok,
2026-04-13T13:47:10.418656,aws,concurrency_500,dataset/small_1.jpg,small,315,1.1369,0.1536,63116,640x960,ok,
2026-04-13T13:47:10.418660,aws,concurrency_500,dataset/small_1.jpg,small,316,1.1396,0.1578,63116,640x960,ok,
2026-04-13T13:47:10.418664,aws,concurrency_500,dataset/small_1.jpg,small,317,2.2602,0.4152,63116,640x960,ok,
2026-04-13T13:47:10.418668,aws,concurrency_500,dataset/small_1.jpg,small,318,0.6763,0.1581,63116,640x960,ok,
2026-04-13T13:47:10.418672,aws,concurrency_500,dataset/small_1.jpg,small,319,1.8013,0.4097,63116,640x960,ok,
2026-04-13T13:47:10.418676,aws,concurrency_500,dataset/small_1.jpg,small,320,2.2226,0.4138,63116,640x960,ok,
2026-04-13T13:47:10.418681,aws,concurrency_500,dataset/small_1.jpg,small,321,0.8275,0.167,63116,640x960,ok,
2026-04-13T13:47:10.418685,aws,concurrency_500,dataset/small_1.jpg,small,322,1.7809,0.4175,63116,640x960,ok,
2026-04-13T13:47:10.418689,aws,concurrency_500,dataset/small_1.jpg,small,323,1.124,0.1502,63116,640x960,ok,
2026-04-13T13:47:10.418693,aws,concurrency_500,dataset/small_1.jpg,small,324,1.7369,0.4232,63116,640x960,ok,
2026-04-13T13:47:10.418697,aws,concurrency_500,dataset/small_1.jpg,small,325,1.6918,0.4059,63116,640x960,ok,
2026-04-13T13:47:10.418701,aws,concurrency_500,dataset/small_1.jpg,small,326,1.3469,0.1533,63116,640x960,ok,
2026-04-13T13:47:10.418705,aws,concurrency_500,dataset/small_1.jpg,small,327,1.1301,0.1581,63116,640x960,ok,
2026-04-13T13:47:10.418709,aws,concurrency_500,dataset/small_1.jpg,small,328,1.7741,0.4175,63116,640x960,ok,
2026-04-13T13:47:10.418713,aws,concurrency_500,dataset/small_1.jpg,small,329,0.6708,0.1664,63116,640x960,ok,
2026-04-13T13:47:10.418717,aws,concurrency_500,dataset/small_1.jpg,small,330,0.8446,0.166,63116,640x960,ok,
2026-04-13T13:47:10.418721,aws,concurrency_500,dataset/small_1.jpg,small,331,0.6774,0.1542,63116,640x960,ok,
2026-04-13T13:47:10.418725,aws,concurrency_500,dataset/small_1.jpg,small,332,2.2035,0.4197,63116,640x960,ok,
2026-04-13T13:47:10.418729,aws,concurrency_500,dataset/small_1.jpg,small,333,2.5387,0.4181,63116,640x960,ok,
2026-04-13T13:47:10.418733,aws,concurrency_500,dataset/small_1.jpg,small,334,0.708,0.1664,63116,640x960,ok,
2026-04-13T13:47:10.418737,aws,concurrency_500,dataset/small_1.jpg,small,335,1.7613,0.4208,63116,640x960,ok,
2026-04-13T13:47:10.418741,aws,concurrency_500,dataset/small_1.jpg,small,336,2.2252,0.4104,63116,640x960,ok,
2026-04-13T13:47:10.418745,aws,concurrency_500,dataset/small_1.jpg,small,337,1.0528,,,,error,"500, message='Internal Server Error', url='https://aum2n5vzc2.execute-api.us-east-1.amazonaws.com/Prod/process'"
2026-04-13T13:47:10.418750,aws,concurrency_500,dataset/small_1.jpg,small,338,0.704,0.1641,63116,640x960,ok,
2026-04-13T13:47:10.418754,aws,concurrency_500,dataset/small_1.jpg,small,339,1.7495,0.4118,63116,640x960,ok,
2026-04-13T13:47:10.418758,aws,concurrency_500,dataset/small_1.jpg,small,340,1.1592,0.1652,63116,640x960,ok,
2026-04-13T13:47:10.418762,aws,concurrency_500,dataset/small_1.jpg,small,341,1.1526,0.1548,63116,640x960,ok,
2026-04-13T13:47:10.418767,aws,concurrency_500,dataset/small_1.jpg,small,342,1.7554,0.4148,63116,640x960,ok,
2026-04-13T13:47:10.418771,aws,concurrency_500,dataset/small_1.jpg,small,343,2.2545,0.4115,63116,640x960,ok,
2026-04-13T13:47:10.418775,aws,concurrency_500,dataset/small_1.jpg,small,344,2.615,0.4406,63116,640x960,ok,
2026-04-13T13:47:10.418779,aws,concurrency_500,dataset/small_1.jpg,small,345,1.0722,,,,error,"500, message='Internal Server Error', url='https://aum2n5vzc2.execute-api.us-east-1.amazonaws.com/Prod/process'"
2026-04-13T13:47:10.418784,aws,concurrency_500,dataset/small_1.jpg,small,346,2.2504,0.4175,63116,640x960,ok,
2026-04-13T13:47:10.418788,aws,concurrency_500,dataset/small_1.jpg,small,347,1.7145,0.399,63116,640x960,ok,
2026-04-13T13:47:10.418792,aws,concurrency_500,dataset/small_1.jpg,small,348,1.7802,0.4195,63116,640x960,ok,
2026-04-13T13:47:10.418796,aws,concurrency_500,dataset/small_1.jpg,small,349,2.3025,0.4322,63116,640x960,ok,
2026-04-13T13:47:10.418800,aws,concurrency_500,dataset/small_1.jpg,small,350,1.1443,0.1626,63116,640x960,ok,
2026-04-13T13:47:10.418804,aws,concurrency_500,dataset/small_1.jpg,small,351,2.2416,0.4122,63116,640x960,ok,
2026-04-13T13:47:10.418808,aws,concurrency_500,dataset/small_1.jpg,small,352,2.2677,0.4123,63116,640x960,ok,
2026-04-13T13:47:10.418812,aws,concurrency_500,dataset/small_1.jpg,small,353,1.7886,0.4201,63116,640x960,ok,
2026-04-13T13:47:10.418816,aws,concurrency_500,dataset/small_1.jpg,small,354,1.783,0.4206,63116,640x960,ok,
2026-04-13T13:47:10.418820,aws,concurrency_500,dataset/small_1.jpg,small,355,1.151,0.1661,63116,640x960,ok,
2026-04-13T13:47:10.418824,aws,concurrency_500,dataset/small_1.jpg,small,356,2.2471,0.4149,63116,640x960,ok,
2026-04-13T13:47:10.418828,aws,concurrency_500,dataset/small_1.jpg,small,357,2.2174,0.4209,63116,640x960,ok,
2026-04-13T13:47:10.418832,aws,concurrency_500,dataset/small_1.jpg,small,358,1.7482,0.4194,63116,640x960,ok,
2026-04-13T13:47:10.418836,aws,concurrency_500,dataset/small_1.jpg,small,359,1.1544,0.1786,63116,640x960,ok,
2026-04-13T13:47:10.418840,aws,concurrency_500,dataset/small_1.jpg,small,360,1.85,0.4279,63116,640x960,ok,
2026-04-13T13:47:10.418844,aws,concurrency_500,dataset/small_1.jpg,small,361,2.2868,0.4116,63116,640x960,ok,
2026-04-13T13:47:10.418848,aws,concurrency_500,dataset/small_1.jpg,small,362,2.2337,0.4201,63116,640x960,ok,
2026-04-13T13:47:10.418853,aws,concurrency_500,dataset/small_1.jpg,small,363,1.8504,0.4115,63116,640x960,ok,
2026-04-13T13:47:10.418857,aws,concurrency_500,dataset/small_1.jpg,small,364,2.1704,0.3977,63116,640x960,ok,
2026-04-13T13:47:10.418860,aws,concurrency_500,dataset/small_1.jpg,small,365,2.2452,0.4272,63116,640x960,ok,
2026-04-13T13:47:10.418865,aws,concurrency_500,dataset/small_1.jpg,small,366,1.1535,0.1539,63116,640x960,ok,
2026-04-13T13:47:10.418869,aws,concurrency_500,dataset/small_1.jpg,small,367,2.3628,0.4203,63116,640x960,ok,
2026-04-13T13:47:10.418873,aws,concurrency_500,dataset/small_1.jpg,small,368,1.7568,0.3942,63116,640x960,ok,
2026-04-13T13:47:10.418877,aws,concurrency_500,dataset/small_1.jpg,small,369,1.8347,0.438,63116,640x960,ok,
2026-04-13T13:47:10.418881,aws,concurrency_500,dataset/small_1.jpg,small,370,2.2466,0.4353,63116,640x960,ok,
2026-04-13T13:47:10.418891,aws,concurrency_500,dataset/small_1.jpg,small,371,2.1865,0.424,63116,640x960,ok,
2026-04-13T13:47:10.418896,aws,concurrency_500,dataset/small_1.jpg,small,372,2.1866,0.4179,63116,640x960,ok,
2026-04-13T13:47:10.418900,aws,concurrency_500,dataset/small_1.jpg,small,373,1.7706,0.4203,63116,640x960,ok,
2026-04-13T13:47:10.418904,aws,concurrency_500,dataset/small_1.jpg,small,374,1.1377,0.1578,63116,640x960,ok,
2026-04-13T13:47:10.418909,aws,concurrency_500,dataset/small_1.jpg,small,375,0.7289,0.1806,63116,640x960,ok,
2026-04-13T13:47:10.418913,aws,concurrency_500,dataset/small_1.jpg,small,376,1.336,0.1491,63116,640x960,ok,
2026-04-13T13:47:10.418917,aws,concurrency_500,dataset/small_1.jpg,small,377,2.2629,0.4152,63116,640x960,ok,
2026-04-13T13:47:10.418921,aws,concurrency_500,dataset/small_1.jpg,small,378,1.1492,0.1619,63116,640x960,ok,
2026-04-13T13:47:10.418925,aws,concurrency_500,dataset/small_1.jpg,small,379,1.1328,0.1628,63116,640x960,ok,
2026-04-13T13:47:10.418929,aws,concurrency_500,dataset/small_1.jpg,small,380,2.2577,0.4156,63116,640x960,ok,
2026-04-13T13:47:10.418933,aws,concurrency_500,dataset/small_1.jpg,small,381,2.2436,0.4227,63116,640x960,ok,
2026-04-13T13:47:10.418937,aws,concurrency_500,dataset/small_1.jpg,small,382,1.1382,0.1619,63116,640x960,ok,
2026-04-13T13:47:10.418942,aws,concurrency_500,dataset/small_1.jpg,small,383,2.2408,0.4402,63116,640x960,ok,
2026-04-13T13:47:10.418946,aws,concurrency_500,dataset/small_1.jpg,small,384,1.8306,0.4197,63116,640x960,ok,
2026-04-13T13:47:10.418950,aws,concurrency_500,dataset/small_1.jpg,small,385,1.1344,0.1482,63116,640x960,ok,
2026-04-13T13:47:10.418954,aws,concurrency_500,dataset/small_1.jpg,small,386,2.2603,0.4088,63116,640x960,ok,
2026-04-13T13:47:10.418958,aws,concurrency_500,dataset/small_1.jpg,small,387,2.2606,0.4238,63116,640x960,ok,
2026-04-13T13:47:10.418962,aws,concurrency_500,dataset/small_1.jpg,small,388,2.164,0.4148,63116,640x960,ok,
2026-04-13T13:47:10.418966,aws,concurrency_500,dataset/small_1.jpg,small,389,2.2296,0.4394,63116,640x960,ok,
2026-04-13T13:47:10.418970,aws,concurrency_500,dataset/small_1.jpg,small,390,1.3361,0.153,63116,640x960,ok,
2026-04-13T13:47:10.418974,aws,concurrency_500,dataset/small_1.jpg,small,391,1.1409,0.1506,63116,640x960,ok,
2026-04-13T13:47:10.418978,aws,concurrency_500,dataset/small_1.jpg,small,392,1.1538,0.1714,63116,640x960,ok,
2026-04-13T13:47:10.418982,aws,concurrency_500,dataset/small_1.jpg,small,393,1.1604,0.1579,63116,640x960,ok,
2026-04-13T13:47:10.418987,aws,concurrency_500,dataset/small_1.jpg,small,394,2.3114,0.4233,63116,640x960,ok,
2026-04-13T13:47:10.418991,aws,concurrency_500,dataset/small_1.jpg,small,395,2.2208,0.398,63116,640x960,ok,
2026-04-13T13:47:10.418995,aws,concurrency_500,dataset/small_1.jpg,small,396,2.217,0.4278,63116,640x960,ok,
2026-04-13T13:47:10.418999,aws,concurrency_500,dataset/small_1.jpg,small,397,2.1774,0.4144,63116,640x960,ok,
2026-04-13T13:47:10.419003,aws,concurrency_500,dataset/small_1.jpg,small,398,1.8324,0.4245,63116,640x960,ok,
2026-04-13T13:47:10.419007,aws,concurrency_500,dataset/small_1.jpg,small,399,1.7864,0.4137,63116,640x960,ok,
2026-04-13T13:47:10.419011,aws,concurrency_500,dataset/small_1.jpg,small,400,2.1786,0.4164,63116,640x960,ok,
2026-04-13T13:47:10.419015,aws,concurrency_500,dataset/small_1.jpg,small,401,1.162,0.1495,63116,640x960,ok,
2026-04-13T13:47:10.419019,aws,concurrency_500,dataset/small_1.jpg,small,402,1.3261,0.15,63116,640x960,ok,
2026-04-13T13:47:10.419023,aws,concurrency_500,dataset/small_1.jpg,small,403,2.1934,0.4241,63116,640x960,ok,
2026-04-13T13:47:10.419027,aws,concurrency_500,dataset/small_1.jpg,small,404,1.1297,0.1579,63116,640x960,ok,
2026-04-13T13:47:10.419031,aws,concurrency_500,dataset/small_1.jpg,small,405,2.2366,0.4394,63116,640x960,ok,
2026-04-13T13:47:10.419036,aws,concurrency_500,dataset/small_1.jpg,small,406,2.1986,0.4145,63116,640x960,ok,
2026-04-13T13:47:10.419040,aws,concurrency_500,dataset/small_1.jpg,small,407,2.2677,0.4242,63116,640x960,ok,
2026-04-13T13:47:10.419044,aws,concurrency_500,dataset/small_1.jpg,small,408,2.2565,0.4234,63116,640x960,ok,
2026-04-13T13:47:10.419048,aws,concurrency_500,dataset/small_1.jpg,small,409,2.2008,0.4342,63116,640x960,ok,
2026-04-13T13:47:10.419052,aws,concurrency_500,dataset/small_1.jpg,small,410,2.1771,0.4039,63116,640x960,ok,
2026-04-13T13:47:10.419056,aws,concurrency_500,dataset/small_1.jpg,small,411,2.3234,0.4255,63116,640x960,ok,
2026-04-13T13:47:10.419060,aws,concurrency_500,dataset/small_1.jpg,small,412,2.2365,0.4175,63116,640x960,ok,
2026-04-13T13:47:10.419064,aws,concurrency_500,dataset/small_1.jpg,small,413,2.2192,0.4194,63116,640x960,ok,
2026-04-13T13:47:10.419069,aws,concurrency_500,dataset/small_1.jpg,small,414,0.8481,0.1495,63116,640x960,ok,
2026-04-13T13:47:10.419073,aws,concurrency_500,dataset/small_1.jpg,small,415,2.2708,0.4159,63116,640x960,ok,
2026-04-13T13:47:10.419077,aws,concurrency_500,dataset/small_1.jpg,small,416,2.1759,0.4171,63116,640x960,ok,
2026-04-13T13:47:10.419081,aws,concurrency_500,dataset/small_1.jpg,small,417,1.1256,0.1499,63116,640x960,ok,
2026-04-13T13:47:10.419085,aws,concurrency_500,dataset/small_1.jpg,small,418,2.2467,0.4194,63116,640x960,ok,
2026-04-13T13:47:10.419090,aws,concurrency_500,dataset/small_1.jpg,small,419,2.1908,0.4178,63116,640x960,ok,
2026-04-13T13:47:10.419093,aws,concurrency_500,dataset/small_1.jpg,small,420,1.3352,0.1668,63116,640x960,ok,
2026-04-13T13:47:10.419097,aws,concurrency_500,dataset/small_1.jpg,small,421,1.7338,0.4182,63116,640x960,ok,
2026-04-13T13:47:10.419101,aws,concurrency_500,dataset/small_1.jpg,small,422,1.7578,0.4106,63116,640x960,ok,
2026-04-13T13:47:10.419106,aws,concurrency_500,dataset/small_1.jpg,small,423,1.117,0.1535,63116,640x960,ok,
2026-04-13T13:47:10.419110,aws,concurrency_500,dataset/small_1.jpg,small,424,2.2314,0.4122,63116,640x960,ok,
2026-04-13T13:47:10.419114,aws,concurrency_500,dataset/small_1.jpg,small,425,2.2876,0.4362,63116,640x960,ok,
2026-04-13T13:47:10.419118,aws,concurrency_500,dataset/small_1.jpg,small,426,2.2365,0.4213,63116,640x960,ok,
2026-04-13T13:47:10.419122,aws,concurrency_500,dataset/small_1.jpg,small,427,2.2593,0.4364,63116,640x960,ok,
2026-04-13T13:47:10.419126,aws,concurrency_500,dataset/small_1.jpg,small,428,2.2945,0.4266,63116,640x960,ok,
2026-04-13T13:47:10.419130,aws,concurrency_500,dataset/small_1.jpg,small,429,2.2588,0.4404,63116,640x960,ok,
2026-04-13T13:47:10.419134,aws,concurrency_500,dataset/small_1.jpg,small,430,2.1617,0.41,63116,640x960,ok,
2026-04-13T13:47:10.419138,aws,concurrency_500,dataset/small_1.jpg,small,431,1.0601,,,,error,"500, message='Internal Server Error', url='https://aum2n5vzc2.execute-api.us-east-1.amazonaws.com/Prod/process'"
2026-04-13T13:47:10.419143,aws,concurrency_500,dataset/small_1.jpg,small,432,2.2777,0.4288,63116,640x960,ok,
2026-04-13T13:47:10.419147,aws,concurrency_500,dataset/small_1.jpg,small,433,2.2345,0.4128,63116,640x960,ok,
2026-04-13T13:47:10.419151,aws,concurrency_500,dataset/small_1.jpg,small,434,2.266,0.4086,63116,640x960,ok,
2026-04-13T13:47:10.419156,aws,concurrency_500,dataset/small_1.jpg,small,435,2.2588,0.4377,63116,640x960,ok,
2026-04-13T13:47:10.419160,aws,concurrency_500,dataset/small_1.jpg,small,436,2.2896,0.4153,63116,640x960,ok,
2026-04-13T13:47:10.419164,aws,concurrency_500,dataset/small_1.jpg,small,437,2.2784,0.4244,63116,640x960,ok,
2026-04-13T13:47:10.419168,aws,concurrency_500,dataset/small_1.jpg,small,438,2.2462,0.4287,63116,640x960,ok,
2026-04-13T13:47:10.419172,aws,concurrency_500,dataset/small_1.jpg,small,439,2.2363,0.4147,63116,640x960,ok,
2026-04-13T13:47:10.419176,aws,concurrency_500,dataset/small_1.jpg,small,440,0.6604,0.1611,63116,640x960,ok,
2026-04-13T13:47:10.419180,aws,concurrency_500,dataset/small_1.jpg,small,441,2.2703,0.4193,63116,640x960,ok,
2026-04-13T13:47:10.419184,aws,concurrency_500,dataset/small_1.jpg,small,442,2.2021,0.4157,63116,640x960,ok,
2026-04-13T13:47:10.419188,aws,concurrency_500,dataset/small_1.jpg,small,443,2.1989,0.4162,63116,640x960,ok,
2026-04-13T13:47:10.419197,aws,concurrency_500,dataset/small_1.jpg,small,444,1.7839,0.4226,63116,640x960,ok,
2026-04-13T13:47:10.419202,aws,concurrency_500,dataset/small_1.jpg,small,445,0.6667,0.1663,63116,640x960,ok,
2026-04-13T13:47:10.419206,aws,concurrency_500,dataset/small_1.jpg,small,446,2.2688,0.4113,63116,640x960,ok,
2026-04-13T13:47:10.419210,aws,concurrency_500,dataset/small_1.jpg,small,447,2.2553,0.4176,63116,640x960,ok,
2026-04-13T13:47:10.419214,aws,concurrency_500,dataset/small_1.jpg,small,448,1.9169,0.4169,63116,640x960,ok,
2026-04-13T13:47:10.419218,aws,concurrency_500,dataset/small_1.jpg,small,449,2.1988,0.437,63116,640x960,ok,
2026-04-13T13:47:10.419222,aws,concurrency_500,dataset/small_1.jpg,small,450,0.7213,0.162,63116,640x960,ok,
2026-04-13T13:47:10.419226,aws,concurrency_500,dataset/small_1.jpg,small,451,1.0656,,,,error,"500, message='Internal Server Error', url='https://aum2n5vzc2.execute-api.us-east-1.amazonaws.com/Prod/process'"
2026-04-13T13:47:10.419231,aws,concurrency_500,dataset/small_1.jpg,small,452,1.7487,0.4204,63116,640x960,ok,
2026-04-13T13:47:10.419235,aws,concurrency_500,dataset/small_1.jpg,small,453,0.66,0.1625,63116,640x960,ok,
2026-04-13T13:47:10.419239,aws,concurrency_500,dataset/small_1.jpg,small,454,1.1179,0.1656,63116,640x960,ok,
2026-04-13T13:47:10.419243,aws,concurrency_500,dataset/small_1.jpg,small,455,1.3248,0.1361,63116,640x960,ok,
2026-04-13T13:47:10.419248,aws,concurrency_500,dataset/small_1.jpg,small,456,2.2833,0.4398,63116,640x960,ok,
2026-04-13T13:47:10.419252,aws,concurrency_500,dataset/small_1.jpg,small,457,0.6998,0.1624,63116,640x960,ok,
2026-04-13T13:47:10.419256,aws,concurrency_500,dataset/small_1.jpg,small,458,2.2068,0.4143,63116,640x960,ok,
2026-04-13T13:47:10.419260,aws,concurrency_500,dataset/small_1.jpg,small,459,0.6527,0.1568,63116,640x960,ok,
2026-04-13T13:47:10.419264,aws,concurrency_500,dataset/small_1.jpg,small,460,0.6475,0.162,63116,640x960,ok,
2026-04-13T13:47:10.419268,aws,concurrency_500,dataset/small_1.jpg,small,461,2.2955,0.4372,63116,640x960,ok,
2026-04-13T13:47:10.419273,aws,concurrency_500,dataset/small_1.jpg,small,462,0.6643,0.1575,63116,640x960,ok,
2026-04-13T13:47:10.419277,aws,concurrency_500,dataset/small_1.jpg,small,463,0.7123,0.1653,63116,640x960,ok,
2026-04-13T13:47:10.419281,aws,concurrency_500,dataset/small_1.jpg,small,464,2.2612,0.4264,63116,640x960,ok,
2026-04-13T13:47:10.419285,aws,concurrency_500,dataset/small_1.jpg,small,465,2.2638,0.4108,63116,640x960,ok,
2026-04-13T13:47:10.419289,aws,concurrency_500,dataset/small_1.jpg,small,466,2.2099,0.4083,63116,640x960,ok,
2026-04-13T13:47:10.419293,aws,concurrency_500,dataset/small_1.jpg,small,467,2.1981,0.4337,63116,640x960,ok,
2026-04-13T13:47:10.419297,aws,concurrency_500,dataset/small_1.jpg,small,468,2.3089,0.4206,63116,640x960,ok,
2026-04-13T13:47:10.419301,aws,concurrency_500,dataset/small_1.jpg,small,469,1.1598,0.1673,63116,640x960,ok,
2026-04-13T13:47:10.419305,aws,concurrency_500,dataset/small_1.jpg,small,470,1.0588,,,,error,"500, message='Internal Server Error', url='https://aum2n5vzc2.execute-api.us-east-1.amazonaws.com/Prod/process'"
2026-04-13T13:47:10.419310,aws,concurrency_500,dataset/small_1.jpg,small,471,2.3483,0.4206,63116,640x960,ok,
2026-04-13T13:47:10.419314,aws,concurrency_500,dataset/small_1.jpg,small,472,2.2267,0.4256,63116,640x960,ok,
2026-04-13T13:47:10.419318,aws,concurrency_500,dataset/small_1.jpg,small,473,0.8542,0.1588,63116,640x960,ok,
2026-04-13T13:47:10.419322,aws,concurrency_500,dataset/small_1.jpg,small,474,2.2348,0.434,63116,640x960,ok,
2026-04-13T13:47:10.419327,aws,concurrency_500,dataset/small_1.jpg,small,475,1.0585,,,,error,"500, message='Internal Server Error', url='https://aum2n5vzc2.execute-api.us-east-1.amazonaws.com/Prod/process'"
2026-04-13T13:47:10.419331,aws,concurrency_500,dataset/small_1.jpg,small,476,2.1668,0.4086,63116,640x960,ok,
2026-04-13T13:47:10.419335,aws,concurrency_500,dataset/small_1.jpg,small,477,2.3074,0.4403,63116,640x960,ok,
2026-04-13T13:47:10.419340,aws,concurrency_500,dataset/small_1.jpg,small,478,2.2608,0.4176,63116,640x960,ok,
2026-04-13T13:47:10.419344,aws,concurrency_500,dataset/small_1.jpg,small,479,2.2347,0.4317,63116,640x960,ok,
2026-04-13T13:47:10.419348,aws,concurrency_500,dataset/small_1.jpg,small,480,2.1921,0.4171,63116,640x960,ok,
2026-04-13T13:47:10.419352,aws,concurrency_500,dataset/small_1.jpg,small,481,1.0584,,,,error,"500, message='Internal Server Error', url='https://aum2n5vzc2.execute-api.us-east-1.amazonaws.com/Prod/process'"
2026-04-13T13:47:10.419357,aws,concurrency_500,dataset/small_1.jpg,small,482,1.3142,0.14,63116,640x960,ok,
2026-04-13T13:47:10.419361,aws,concurrency_500,dataset/small_1.jpg,small,483,2.2537,0.4249,63116,640x960,ok,
2026-04-13T13:47:10.419365,aws,concurrency_500,dataset/small_1.jpg,small,484,2.2866,0.4409,63116,640x960,ok,
2026-04-13T13:47:10.419369,aws,concurrency_500,dataset/small_1.jpg,small,485,2.2978,0.4397,63116,640x960,ok,
2026-04-13T13:47:10.419373,aws,concurrency_500,dataset/small_1.jpg,small,486,0.8433,0.1574,63116,640x960,ok,
2026-04-13T13:47:10.419377,aws,concurrency_500,dataset/small_1.jpg,small,487,2.2013,0.4027,63116,640x960,ok,
2026-04-13T13:47:10.419381,aws,concurrency_500,dataset/small_1.jpg,small,488,2.2725,0.4215,63116,640x960,ok,
2026-04-13T13:47:10.419385,aws,concurrency_500,dataset/small_1.jpg,small,489,2.2454,0.418,63116,640x960,ok,
2026-04-13T13:47:10.419389,aws,concurrency_500,dataset/small_1.jpg,small,490,0.6371,0.1613,63116,640x960,ok,
2026-04-13T13:47:10.419393,aws,concurrency_500,dataset/small_1.jpg,small,491,1.1344,0.15,63116,640x960,ok,
2026-04-13T13:47:10.419398,aws,concurrency_500,dataset/small_1.jpg,small,492,0.6818,0.1576,63116,640x960,ok,
2026-04-13T13:47:10.419402,aws,concurrency_500,dataset/small_1.jpg,small,493,0.6672,0.1656,63116,640x960,ok,
2026-04-13T13:47:10.419406,aws,concurrency_500,dataset/small_1.jpg,small,494,0.6465,0.1572,63116,640x960,ok,
2026-04-13T13:47:10.419410,aws,concurrency_500,dataset/small_1.jpg,small,495,0.6633,0.1659,63116,640x960,ok,
2026-04-13T13:47:10.419414,aws,concurrency_500,dataset/small_1.jpg,small,496,2.3459,0.4371,63116,640x960,ok,
2026-04-13T13:47:10.419418,aws,concurrency_500,dataset/small_1.jpg,small,497,1.1657,0.1673,63116,640x960,ok,
2026-04-13T13:47:10.419422,aws,concurrency_500,dataset/small_1.jpg,small,498,0.6671,0.1658,63116,640x960,ok,
2026-04-13T13:47:10.419427,aws,concurrency_500,dataset/small_1.jpg,small,499,0.6805,0.1506,63116,640x960,ok,
2026-04-13T13:47:10.419431,aws,concurrency_500,dataset/small_1.jpg,small,500,0.6368,0.148,63116,640x960,ok,
2026-04-13T13:47:13.344133,aws,concurrency_50,dataset/medium_1.jpg,medium,1,2.7406,2.1919,1694858,3089x2048,ok,
2026-04-13T13:47:13.344184,aws,concurrency_50,dataset/medium_1.jpg,medium,2,2.7846,2.2281,1694858,3089x2048,ok,
2026-04-13T13:47:13.344195,aws,concurrency_50,dataset/medium_1.jpg,medium,3,2.7198,2.1778,1694858,3089x2048,ok,
2026-04-13T13:47:13.344204,aws,concurrency_50,dataset/medium_1.jpg,medium,4,2.8027,2.2637,1694858,3089x2048,ok,
2026-04-13T13:47:13.344213,aws,concurrency_50,dataset/medium_1.jpg,medium,5,2.6871,2.1748,1694858,3089x2048,ok,
2026-04-13T13:47:13.344221,aws,concurrency_50,dataset/medium_1.jpg,medium,6,2.7144,2.1885,1694858,3089x2048,ok,
2026-04-13T13:47:13.344229,aws,concurrency_50,dataset/medium_1.jpg,medium,7,2.7063,2.1559,1694858,3089x2048,ok,
2026-04-13T13:47:13.344238,aws,concurrency_50,dataset/medium_1.jpg,medium,8,2.8088,2.1661,1694858,3089x2048,ok,
2026-04-13T13:47:13.344246,aws,concurrency_50,dataset/medium_1.jpg,medium,9,2.7442,2.1895,1694858,3089x2048,ok,
2026-04-13T13:47:13.344254,aws,concurrency_50,dataset/medium_1.jpg,medium,10,2.7108,2.1614,1694858,3089x2048,ok,
2026-04-13T13:47:13.344262,aws,concurrency_50,dataset/medium_1.jpg,medium,11,2.8314,2.2352,1694858,3089x2048,ok,
2026-04-13T13:47:13.344270,aws,concurrency_50,dataset/medium_1.jpg,medium,12,2.7742,2.1994,1694858,3089x2048,ok,
2026-04-13T13:47:13.344278,aws,concurrency_50,dataset/medium_1.jpg,medium,13,2.705,2.1556,1694858,3089x2048,ok,
2026-04-13T13:47:13.344490,aws,concurrency_50,dataset/medium_1.jpg,medium,14,2.725,2.166,1694858,3089x2048,ok,
2026-04-13T13:47:13.344506,aws,concurrency_50,dataset/medium_1.jpg,medium,15,2.7515,2.1929,1694858,3089x2048,ok,
2026-04-13T13:47:13.344516,aws,concurrency_50,dataset/medium_1.jpg,medium,16,2.8138,2.261,1694858,3089x2048,ok,
2026-04-13T13:47:13.344523,aws,concurrency_50,dataset/medium_1.jpg,medium,17,2.6859,2.1354,1694858,3089x2048,ok,
2026-04-13T13:47:13.344531,aws,concurrency_50,dataset/medium_1.jpg,medium,18,2.7515,2.2254,1694858,3089x2048,ok,
2026-04-13T13:47:13.344538,aws,concurrency_50,dataset/medium_1.jpg,medium,19,2.7446,2.1819,1694858,3089x2048,ok,
2026-04-13T13:47:13.344546,aws,concurrency_50,dataset/medium_1.jpg,medium,20,2.7459,2.1632,1694858,3089x2048,ok,
2026-04-13T13:47:13.344554,aws,concurrency_50,dataset/medium_1.jpg,medium,21,2.697,2.1505,1694858,3089x2048,ok,
2026-04-13T13:47:13.344562,aws,concurrency_50,dataset/medium_1.jpg,medium,22,2.74,2.176,1694858,3089x2048,ok,
2026-04-13T13:47:13.344570,aws,concurrency_50,dataset/medium_1.jpg,medium,23,2.7299,2.2159,1694858,3089x2048,ok,
2026-04-13T13:47:13.344578,aws,concurrency_50,dataset/medium_1.jpg,medium,24,2.7169,2.2091,1694858,3089x2048,ok,
2026-04-13T13:47:13.344586,aws,concurrency_50,dataset/medium_1.jpg,medium,25,2.7135,2.1603,1694858,3089x2048,ok,
2026-04-13T13:47:13.344595,aws,concurrency_50,dataset/medium_1.jpg,medium,26,2.6491,2.1296,1694858,3089x2048,ok,
2026-04-13T13:47:13.344603,aws,concurrency_50,dataset/medium_1.jpg,medium,27,2.6809,2.1721,1694858,3089x2048,ok,
2026-04-13T13:47:13.344610,aws,concurrency_50,dataset/medium_1.jpg,medium,28,2.7119,2.1532,1694858,3089x2048,ok,
2026-04-13T13:47:13.344618,aws,concurrency_50,dataset/medium_1.jpg,medium,29,2.7138,2.1672,1694858,3089x2048,ok,
2026-04-13T13:47:13.344626,aws,concurrency_50,dataset/medium_1.jpg,medium,30,2.7145,2.1902,1694858,3089x2048,ok,
2026-04-13T13:47:13.344634,aws,concurrency_50,dataset/medium_1.jpg,medium,31,2.7769,2.2172,1694858,3089x2048,ok,
2026-04-13T13:47:13.344642,aws,concurrency_50,dataset/medium_1.jpg,medium,32,2.7802,2.2192,1694858,3089x2048,ok,
2026-04-13T13:47:13.344650,aws,concurrency_50,dataset/medium_1.jpg,medium,33,2.7201,2.1927,1694858,3089x2048,ok,
2026-04-13T13:47:13.344658,aws,concurrency_50,dataset/medium_1.jpg,medium,34,2.7934,2.2323,1694858,3089x2048,ok,
2026-04-13T13:47:13.344666,aws,concurrency_50,dataset/medium_1.jpg,medium,35,2.731,2.1695,1694858,3089x2048,ok,
2026-04-13T13:47:13.344674,aws,concurrency_50,dataset/medium_1.jpg,medium,36,2.7761,2.2224,1694858,3089x2048,ok,
2026-04-13T13:47:13.344682,aws,concurrency_50,dataset/medium_1.jpg,medium,37,2.8271,2.2596,1694858,3089x2048,ok,
2026-04-13T13:47:13.344689,aws,concurrency_50,dataset/medium_1.jpg,medium,38,2.7619,2.251,1694858,3089x2048,ok,
2026-04-13T13:47:13.344698,aws,concurrency_50,dataset/medium_1.jpg,medium,39,2.7323,2.22,1694858,3089x2048,ok,
2026-04-13T13:47:13.344706,aws,concurrency_50,dataset/medium_1.jpg,medium,40,2.7719,2.2058,1694858,3089x2048,ok,
2026-04-13T13:47:13.344714,aws,concurrency_50,dataset/medium_1.jpg,medium,41,2.7499,2.1952,1694858,3089x2048,ok,
2026-04-13T13:47:13.344722,aws,concurrency_50,dataset/medium_1.jpg,medium,42,2.7502,2.2167,1694858,3089x2048,ok,
2026-04-13T13:47:13.344730,aws,concurrency_50,dataset/medium_1.jpg,medium,43,2.7039,2.1575,1694858,3089x2048,ok,
2026-04-13T13:47:13.344738,aws,concurrency_50,dataset/medium_1.jpg,medium,44,2.7927,2.237,1694858,3089x2048,ok,
2026-04-13T13:47:13.344746,aws,concurrency_50,dataset/medium_1.jpg,medium,45,2.7812,2.2278,1694858,3089x2048,ok,
2026-04-13T13:47:13.344754,aws,concurrency_50,dataset/medium_1.jpg,medium,46,2.9141,2.1759,1694858,3089x2048,ok,
2026-04-13T13:47:13.344762,aws,concurrency_50,dataset/medium_1.jpg,medium,47,2.6872,2.1321,1694858,3089x2048,ok,
2026-04-13T13:47:13.344769,aws,concurrency_50,dataset/medium_1.jpg,medium,48,2.7696,2.2423,1694858,3089x2048,ok,
2026-04-13T13:47:13.344777,aws,concurrency_50,dataset/medium_1.jpg,medium,49,2.7455,2.1971,1694858,3089x2048,ok,
2026-04-13T13:47:13.344785,aws,concurrency_50,dataset/medium_1.jpg,medium,50,2.7323,2.1928,1694858,3089x2048,ok,
2026-04-13T13:47:16.172068,aws,concurrency_100,dataset/medium_1.jpg,medium,1,2.7192,2.1779,1694858,3089x2048,ok,
2026-04-13T13:47:16.172139,aws,concurrency_100,dataset/medium_1.jpg,medium,2,2.4739,1.9642,1694858,3089x2048,ok,
2026-04-13T13:47:16.172150,aws,concurrency_100,dataset/medium_1.jpg,medium,3,2.6764,2.168,1694858,3089x2048,ok,
2026-04-13T13:47:16.172158,aws,concurrency_100,dataset/medium_1.jpg,medium,4,2.4483,1.9602,1694858,3089x2048,ok,
2026-04-13T13:47:16.172166,aws,concurrency_100,dataset/medium_1.jpg,medium,5,2.446,1.9353,1694858,3089x2048,ok,
2026-04-13T13:47:16.172172,aws,concurrency_100,dataset/medium_1.jpg,medium,6,2.3955,1.8943,1694858,3089x2048,ok,
2026-04-13T13:47:16.172180,aws,concurrency_100,dataset/medium_1.jpg,medium,7,2.684,2.1664,1694858,3089x2048,ok,
2026-04-13T13:47:16.172186,aws,concurrency_100,dataset/medium_1.jpg,medium,8,2.7251,2.1897,1694858,3089x2048,ok,
2026-04-13T13:47:16.172194,aws,concurrency_100,dataset/medium_1.jpg,medium,9,2.4168,1.9293,1694858,3089x2048,ok,
2026-04-13T13:47:16.172200,aws,concurrency_100,dataset/medium_1.jpg,medium,10,2.7094,2.1695,1694858,3089x2048,ok,
2026-04-13T13:47:16.172207,aws,concurrency_100,dataset/medium_1.jpg,medium,11,2.7745,2.2342,1694858,3089x2048,ok,
2026-04-13T13:47:16.172213,aws,concurrency_100,dataset/medium_1.jpg,medium,12,2.6618,2.1454,1694858,3089x2048,ok,
2026-04-13T13:47:16.172220,aws,concurrency_100,dataset/medium_1.jpg,medium,13,2.7267,2.1537,1694858,3089x2048,ok,
2026-04-13T13:47:16.172226,aws,concurrency_100,dataset/medium_1.jpg,medium,14,2.4488,1.966,1694858,3089x2048,ok,
2026-04-13T13:47:16.172233,aws,concurrency_100,dataset/medium_1.jpg,medium,15,2.6686,2.1298,1694858,3089x2048,ok,
2026-04-13T13:47:16.172239,aws,concurrency_100,dataset/medium_1.jpg,medium,16,2.7864,2.2365,1694858,3089x2048,ok,
2026-04-13T13:47:16.172246,aws,concurrency_100,dataset/medium_1.jpg,medium,17,2.476,1.9653,1694858,3089x2048,ok,
2026-04-13T13:47:16.172253,aws,concurrency_100,dataset/medium_1.jpg,medium,18,2.4416,1.9226,1694858,3089x2048,ok,
2026-04-13T13:47:16.172259,aws,concurrency_100,dataset/medium_1.jpg,medium,19,2.4707,1.9712,1694858,3089x2048,ok,
2026-04-13T13:47:16.172265,aws,concurrency_100,dataset/medium_1.jpg,medium,20,2.5171,1.9098,1694858,3089x2048,ok,
2026-04-13T13:47:16.172271,aws,concurrency_100,dataset/medium_1.jpg,medium,21,2.451,1.9062,1694858,3089x2048,ok,
2026-04-13T13:47:16.172278,aws,concurrency_100,dataset/medium_1.jpg,medium,22,2.4275,1.9138,1694858,3089x2048,ok,
2026-04-13T13:47:16.172285,aws,concurrency_100,dataset/medium_1.jpg,medium,23,2.4164,1.9091,1694858,3089x2048,ok,
2026-04-13T13:47:16.172291,aws,concurrency_100,dataset/medium_1.jpg,medium,24,2.4543,1.924,1694858,3089x2048,ok,
2026-04-13T13:47:16.172298,aws,concurrency_100,dataset/medium_1.jpg,medium,25,2.6992,2.1409,1694858,3089x2048,ok,
2026-04-13T13:47:16.172304,aws,concurrency_100,dataset/medium_1.jpg,medium,26,2.7233,2.1732,1694858,3089x2048,ok,
2026-04-13T13:47:16.172310,aws,concurrency_100,dataset/medium_1.jpg,medium,27,2.6804,2.1378,1694858,3089x2048,ok,
2026-04-13T13:47:16.172317,aws,concurrency_100,dataset/medium_1.jpg,medium,28,2.4242,1.9081,1694858,3089x2048,ok,
2026-04-13T13:47:16.172323,aws,concurrency_100,dataset/medium_1.jpg,medium,29,2.6859,2.181,1694858,3089x2048,ok,
2026-04-13T13:47:16.172329,aws,concurrency_100,dataset/medium_1.jpg,medium,30,2.4255,1.914,1694858,3089x2048,ok,
2026-04-13T13:47:16.172336,aws,concurrency_100,dataset/medium_1.jpg,medium,31,2.7169,2.1617,1694858,3089x2048,ok,
2026-04-13T13:47:16.172343,aws,concurrency_100,dataset/medium_1.jpg,medium,32,2.4265,1.9037,1694858,3089x2048,ok,
2026-04-13T13:47:16.172349,aws,concurrency_100,dataset/medium_1.jpg,medium,33,2.6738,2.1673,1694858,3089x2048,ok,
2026-04-13T13:47:16.172356,aws,concurrency_100,dataset/medium_1.jpg,medium,34,2.3964,1.8906,1694858,3089x2048,ok,
2026-04-13T13:47:16.172870,aws,concurrency_100,dataset/medium_1.jpg,medium,35,2.668,2.141,1694858,3089x2048,ok,
2026-04-13T13:47:16.172886,aws,concurrency_100,dataset/medium_1.jpg,medium,36,2.7639,2.1299,1694858,3089x2048,ok,
2026-04-13T13:47:16.172893,aws,concurrency_100,dataset/medium_1.jpg,medium,37,2.7158,2.1743,1694858,3089x2048,ok,
2026-04-13T13:47:16.172901,aws,concurrency_100,dataset/medium_1.jpg,medium,38,2.4301,1.9284,1694858,3089x2048,ok,
2026-04-13T13:47:16.172908,aws,concurrency_100,dataset/medium_1.jpg,medium,39,2.7264,2.1745,1694858,3089x2048,ok,
2026-04-13T13:47:16.172915,aws,concurrency_100,dataset/medium_1.jpg,medium,40,2.6874,2.146,1694858,3089x2048,ok,
2026-04-13T13:47:16.172921,aws,concurrency_100,dataset/medium_1.jpg,medium,41,2.4548,1.9587,1694858,3089x2048,ok,
2026-04-13T13:47:16.172928,aws,concurrency_100,dataset/medium_1.jpg,medium,42,2.4296,1.9328,1694858,3089x2048,ok,
2026-04-13T13:47:16.172934,aws,concurrency_100,dataset/medium_1.jpg,medium,43,2.4399,1.9555,1694858,3089x2048,ok,
2026-04-13T13:47:16.172941,aws,concurrency_100,dataset/medium_1.jpg,medium,44,2.6608,2.1424,1694858,3089x2048,ok,
2026-04-13T13:47:16.172947,aws,concurrency_100,dataset/medium_1.jpg,medium,45,2.4292,1.9119,1694858,3089x2048,ok,
2026-04-13T13:47:16.172954,aws,concurrency_100,dataset/medium_1.jpg,medium,46,2.7421,2.1754,1694858,3089x2048,ok,
2026-04-13T13:47:16.172960,aws,concurrency_100,dataset/medium_1.jpg,medium,47,2.6716,2.1652,1694858,3089x2048,ok,
2026-04-13T13:47:16.172966,aws,concurrency_100,dataset/medium_1.jpg,medium,48,2.6769,2.1357,1694858,3089x2048,ok,
2026-04-13T13:47:16.172973,aws,concurrency_100,dataset/medium_1.jpg,medium,49,2.7367,2.2014,1694858,3089x2048,ok,
2026-04-13T13:47:16.172979,aws,concurrency_100,dataset/medium_1.jpg,medium,50,2.6746,2.1655,1694858,3089x2048,ok,
2026-04-13T13:47:16.172986,aws,concurrency_100,dataset/medium_1.jpg,medium,51,2.7,2.1569,1694858,3089x2048,ok,
2026-04-13T13:47:16.172993,aws,concurrency_100,dataset/medium_1.jpg,medium,52,2.7909,2.2746,1694858,3089x2048,ok,
2026-04-13T13:47:16.172999,aws,concurrency_100,dataset/medium_1.jpg,medium,53,2.811,2.2566,1694858,3089x2048,ok,
2026-04-13T13:47:16.173005,aws,concurrency_100,dataset/medium_1.jpg,medium,54,2.6923,2.1578,1694858,3089x2048,ok,
2026-04-13T13:47:16.173012,aws,concurrency_100,dataset/medium_1.jpg,medium,55,2.481,1.8924,1694858,3089x2048,ok,
2026-04-13T13:47:16.173018,aws,concurrency_100,dataset/medium_1.jpg,medium,56,2.419,1.8894,1694858,3089x2048,ok,
2026-04-13T13:47:16.173025,aws,concurrency_100,dataset/medium_1.jpg,medium,57,2.4345,1.9007,1694858,3089x2048,ok,
2026-04-13T13:47:16.173031,aws,concurrency_100,dataset/medium_1.jpg,medium,58,2.6701,2.1467,1694858,3089x2048,ok,
2026-04-13T13:47:16.173037,aws,concurrency_100,dataset/medium_1.jpg,medium,59,2.6617,2.1416,1694858,3089x2048,ok,
2026-04-13T13:47:16.173044,aws,concurrency_100,dataset/medium_1.jpg,medium,60,2.4029,1.8804,1694858,3089x2048,ok,
2026-04-13T13:47:16.173050,aws,concurrency_100,dataset/medium_1.jpg,medium,61,2.4389,1.944,1694858,3089x2048,ok,
2026-04-13T13:47:16.173056,aws,concurrency_100,dataset/medium_1.jpg,medium,62,2.4249,1.9035,1694858,3089x2048,ok,
2026-04-13T13:47:16.173062,aws,concurrency_100,dataset/medium_1.jpg,medium,63,2.7206,2.1791,1694858,3089x2048,ok,
2026-04-13T13:47:16.173069,aws,concurrency_100,dataset/medium_1.jpg,medium,64,2.6781,2.147,1694858,3089x2048,ok,
2026-04-13T13:47:16.173075,aws,concurrency_100,dataset/medium_1.jpg,medium,65,2.6847,2.1623,1694858,3089x2048,ok,
2026-04-13T13:47:16.173081,aws,concurrency_100,dataset/medium_1.jpg,medium,66,2.476,1.975,1694858,3089x2048,ok,
2026-04-13T13:47:16.173088,aws,concurrency_100,dataset/medium_1.jpg,medium,67,2.695,2.1664,1694858,3089x2048,ok,
2026-04-13T13:47:16.173094,aws,concurrency_100,dataset/medium_1.jpg,medium,68,2.6854,2.1551,1694858,3089x2048,ok,
2026-04-13T13:47:16.173100,aws,concurrency_100,dataset/medium_1.jpg,medium,69,2.4093,1.9181,1694858,3089x2048,ok,
2026-04-13T13:47:16.173107,aws,concurrency_100,dataset/medium_1.jpg,medium,70,2.7568,2.2065,1694858,3089x2048,ok,
2026-04-13T13:47:16.173113,aws,concurrency_100,dataset/medium_1.jpg,medium,71,2.4195,1.9281,1694858,3089x2048,ok,
2026-04-13T13:47:16.173119,aws,concurrency_100,dataset/medium_1.jpg,medium,72,2.6736,2.1532,1694858,3089x2048,ok,
2026-04-13T13:47:16.173125,aws,concurrency_100,dataset/medium_1.jpg,medium,73,2.6611,2.1671,1694858,3089x2048,ok,
2026-04-13T13:47:16.173132,aws,concurrency_100,dataset/medium_1.jpg,medium,74,2.6742,2.1364,1694858,3089x2048,ok,
2026-04-13T13:47:16.173138,aws,concurrency_100,dataset/medium_1.jpg,medium,75,2.4144,1.9129,1694858,3089x2048,ok,
2026-04-13T13:47:16.173145,aws,concurrency_100,dataset/medium_1.jpg,medium,76,2.4423,1.9336,1694858,3089x2048,ok,
2026-04-13T13:47:16.173151,aws,concurrency_100,dataset/medium_1.jpg,medium,77,2.6837,2.1496,1694858,3089x2048,ok,
2026-04-13T13:47:16.173158,aws,concurrency_100,dataset/medium_1.jpg,medium,78,2.6954,2.1626,1694858,3089x2048,ok,
2026-04-13T13:47:16.173164,aws,concurrency_100,dataset/medium_1.jpg,medium,79,2.4685,1.9626,1694858,3089x2048,ok,
2026-04-13T13:47:16.173170,aws,concurrency_100,dataset/medium_1.jpg,medium,80,2.4395,1.9474,1694858,3089x2048,ok,
2026-04-13T13:47:16.173177,aws,concurrency_100,dataset/medium_1.jpg,medium,81,2.4538,1.9676,1694858,3089x2048,ok,
2026-04-13T13:47:16.173184,aws,concurrency_100,dataset/medium_1.jpg,medium,82,2.4624,1.9753,1694858,3089x2048,ok,
2026-04-13T13:47:16.173190,aws,concurrency_100,dataset/medium_1.jpg,medium,83,2.72,2.1965,1694858,3089x2048,ok,
2026-04-13T13:47:16.173196,aws,concurrency_100,dataset/medium_1.jpg,medium,84,2.7488,2.2242,1694858,3089x2048,ok,
2026-04-13T13:47:16.173203,aws,concurrency_100,dataset/medium_1.jpg,medium,85,2.4428,1.9554,1694858,3089x2048,ok,
2026-04-13T13:47:16.173209,aws,concurrency_100,dataset/medium_1.jpg,medium,86,2.4341,1.9505,1694858,3089x2048,ok,
2026-04-13T13:47:16.173215,aws,concurrency_100,dataset/medium_1.jpg,medium,87,2.4497,1.9122,1694858,3089x2048,ok,
2026-04-13T13:47:16.173222,aws,concurrency_100,dataset/medium_1.jpg,medium,88,2.4412,1.9431,1694858,3089x2048,ok,
2026-04-13T13:47:16.173228,aws,concurrency_100,dataset/medium_1.jpg,medium,89,2.7434,2.1929,1694858,3089x2048,ok,
2026-04-13T13:47:16.173234,aws,concurrency_100,dataset/medium_1.jpg,medium,90,2.4435,1.9487,1694858,3089x2048,ok,
2026-04-13T13:47:16.173240,aws,concurrency_100,dataset/medium_1.jpg,medium,91,2.7655,2.2321,1694858,3089x2048,ok,
2026-04-13T13:47:16.173246,aws,concurrency_100,dataset/medium_1.jpg,medium,92,2.4155,1.913,1694858,3089x2048,ok,
2026-04-13T13:47:16.173252,aws,concurrency_100,dataset/medium_1.jpg,medium,93,2.454,1.935,1694858,3089x2048,ok,
2026-04-13T13:47:16.173258,aws,concurrency_100,dataset/medium_1.jpg,medium,94,2.4619,1.9501,1694858,3089x2048,ok,
2026-04-13T13:47:16.173264,aws,concurrency_100,dataset/medium_1.jpg,medium,95,2.46,1.9779,1694858,3089x2048,ok,
2026-04-13T13:47:16.173270,aws,concurrency_100,dataset/medium_1.jpg,medium,96,2.6877,2.1755,1694858,3089x2048,ok,
2026-04-13T13:47:16.173277,aws,concurrency_100,dataset/medium_1.jpg,medium,97,2.6493,2.1346,1694858,3089x2048,ok,
2026-04-13T13:47:16.173283,aws,concurrency_100,dataset/medium_1.jpg,medium,98,2.3996,1.899,1694858,3089x2048,ok,
2026-04-13T13:47:16.173289,aws,concurrency_100,dataset/medium_1.jpg,medium,99,2.4184,1.9376,1694858,3089x2048,ok,
2026-04-13T13:47:16.173296,aws,concurrency_100,dataset/medium_1.jpg,medium,100,2.4578,1.9442,1694858,3089x2048,ok,
2026-04-13T13:47:19.939238,aws,concurrency_500,dataset/medium_1.jpg,medium,1,3.3399,2.1579,1694858,3089x2048,ok,
2026-04-13T13:47:19.939267,aws,concurrency_500,dataset/medium_1.jpg,medium,2,2.9448,2.2072,1694858,3089x2048,ok,
2026-04-13T13:47:19.939273,aws,concurrency_500,dataset/medium_1.jpg,medium,3,3.3385,2.166,1694858,3089x2048,ok,
2026-04-13T13:47:19.939278,aws,concurrency_500,dataset/medium_1.jpg,medium,4,2.8712,2.1509,1694858,3089x2048,ok,
2026-04-13T13:47:19.939283,aws,concurrency_500,dataset/medium_1.jpg,medium,5,1.0658,,,,error,"500, message='Internal Server Error', url='https://aum2n5vzc2.execute-api.us-east-1.amazonaws.com/Prod/process'"
2026-04-13T13:47:19.939337,aws,concurrency_500,dataset/medium_1.jpg,medium,6,3.3131,2.1759,1694858,3089x2048,ok,
2026-04-13T13:47:19.939344,aws,concurrency_500,dataset/medium_1.jpg,medium,7,3.3369,2.1647,1694858,3089x2048,ok,
2026-04-13T13:47:19.939349,aws,concurrency_500,dataset/medium_1.jpg,medium,8,3.2801,2.1485,1694858,3089x2048,ok,
2026-04-13T13:47:19.939353,aws,concurrency_500,dataset/medium_1.jpg,medium,9,2.8664,2.1703,1694858,3089x2048,ok,
2026-04-13T13:47:19.939358,aws,concurrency_500,dataset/medium_1.jpg,medium,10,3.3832,2.2236,1694858,3089x2048,ok,
2026-04-13T13:47:19.939362,aws,concurrency_500,dataset/medium_1.jpg,medium,11,1.0546,,,,error,"500, message='Internal Server Error', url='https://aum2n5vzc2.execute-api.us-east-1.amazonaws.com/Prod/process'"
2026-04-13T13:47:19.939367,aws,concurrency_500,dataset/medium_1.jpg,medium,12,1.061,,,,error,"500, message='Internal Server Error', url='https://aum2n5vzc2.execute-api.us-east-1.amazonaws.com/Prod/process'"
2026-04-13T13:47:19.939372,aws,concurrency_500,dataset/medium_1.jpg,medium,13,3.3126,2.1789,1694858,3089x2048,ok,
2026-04-13T13:47:19.939377,aws,concurrency_500,dataset/medium_1.jpg,medium,14,1.072,,,,error,"500, message='Internal Server Error', url='https://aum2n5vzc2.execute-api.us-east-1.amazonaws.com/Prod/process'"
2026-04-13T13:47:19.939382,aws,concurrency_500,dataset/medium_1.jpg,medium,15,3.2802,2.1242,1694858,3089x2048,ok,
2026-04-13T13:47:19.939386,aws,concurrency_500,dataset/medium_1.jpg,medium,16,2.8487,2.1281,1694858,3089x2048,ok,
2026-04-13T13:47:19.939391,aws,concurrency_500,dataset/medium_1.jpg,medium,17,3.2514,2.145,1694858,3089x2048,ok,
2026-04-13T13:47:19.939395,aws,concurrency_500,dataset/medium_1.jpg,medium,18,3.283,2.1267,1694858,3089x2048,ok,
2026-04-13T13:47:19.939399,aws,concurrency_500,dataset/medium_1.jpg,medium,19,3.409,2.2729,1694858,3089x2048,ok,
2026-04-13T13:47:19.939403,aws,concurrency_500,dataset/medium_1.jpg,medium,20,3.3307,2.1807,1694858,3089x2048,ok,
2026-04-13T13:47:19.939407,aws,concurrency_500,dataset/medium_1.jpg,medium,21,2.4866,1.8992,1694858,3089x2048,ok,
2026-04-13T13:47:19.939411,aws,concurrency_500,dataset/medium_1.jpg,medium,22,2.4867,1.8884,1694858,3089x2048,ok,
2026-04-13T13:47:19.939416,aws,concurrency_500,dataset/medium_1.jpg,medium,23,2.8643,2.1875,1694858,3089x2048,ok,
2026-04-13T13:47:19.939420,aws,concurrency_500,dataset/medium_1.jpg,medium,24,3.2807,2.1677,1694858,3089x2048,ok,
2026-04-13T13:47:19.939424,aws,concurrency_500,dataset/medium_1.jpg,medium,25,3.304,2.1849,1694858,3089x2048,ok,
2026-04-13T13:47:19.939429,aws,concurrency_500,dataset/medium_1.jpg,medium,26,3.2598,2.1383,1694858,3089x2048,ok,
2026-04-13T13:47:19.939433,aws,concurrency_500,dataset/medium_1.jpg,medium,27,1.1162,,,,error,"500, message='Internal Server Error', url='https://aum2n5vzc2.execute-api.us-east-1.amazonaws.com/Prod/process'"
2026-04-13T13:47:19.939438,aws,concurrency_500,dataset/medium_1.jpg,medium,28,3.3425,2.2266,1694858,3089x2048,ok,
2026-04-13T13:47:19.939442,aws,concurrency_500,dataset/medium_1.jpg,medium,29,1.0956,,,,error,"500, message='Internal Server Error', url='https://aum2n5vzc2.execute-api.us-east-1.amazonaws.com/Prod/process'"
2026-04-13T13:47:19.939447,aws,concurrency_500,dataset/medium_1.jpg,medium,30,2.8381,2.1336,1694858,3089x2048,ok,
2026-04-13T13:47:19.939452,aws,concurrency_500,dataset/medium_1.jpg,medium,31,3.2272,2.081,1694858,3089x2048,ok,
2026-04-13T13:47:19.939456,aws,concurrency_500,dataset/medium_1.jpg,medium,32,1.0644,,,,error,"500, message='Internal Server Error', url='https://aum2n5vzc2.execute-api.us-east-1.amazonaws.com/Prod/process'"
2026-04-13T13:47:19.939461,aws,concurrency_500,dataset/medium_1.jpg,medium,33,2.4998,1.9153,1694858,3089x2048,ok,
2026-04-13T13:47:19.939465,aws,concurrency_500,dataset/medium_1.jpg,medium,34,2.551,1.9422,1694858,3089x2048,ok,
2026-04-13T13:47:19.939470,aws,concurrency_500,dataset/medium_1.jpg,medium,35,2.5417,1.9027,1694858,3089x2048,ok,
2026-04-13T13:47:19.939474,aws,concurrency_500,dataset/medium_1.jpg,medium,36,2.5094,1.9024,1694858,3089x2048,ok,
2026-04-13T13:47:19.939478,aws,concurrency_500,dataset/medium_1.jpg,medium,37,1.0978,,,,error,"500, message='Internal Server Error', url='https://aum2n5vzc2.execute-api.us-east-1.amazonaws.com/Prod/process'"
2026-04-13T13:47:19.939483,aws,concurrency_500,dataset/medium_1.jpg,medium,38,2.805,2.1318,1694858,3089x2048,ok,
2026-04-13T13:47:19.939487,aws,concurrency_500,dataset/medium_1.jpg,medium,39,2.497,1.9106,1694858,3089x2048,ok,
2026-04-13T13:47:19.939492,aws,concurrency_500,dataset/medium_1.jpg,medium,40,2.5902,1.9597,1694858,3089x2048,ok,
2026-04-13T13:47:19.939497,aws,concurrency_500,dataset/medium_1.jpg,medium,41,3.3235,2.1826,1694858,3089x2048,ok,
2026-04-13T13:47:19.939501,aws,concurrency_500,dataset/medium_1.jpg,medium,42,2.5125,1.8694,1694858,3089x2048,ok,
2026-04-13T13:47:19.939505,aws,concurrency_500,dataset/medium_1.jpg,medium,43,1.0644,,,,error,"500, message='Internal Server Error', url='https://aum2n5vzc2.execute-api.us-east-1.amazonaws.com/Prod/process'"
2026-04-13T13:47:19.939510,aws,concurrency_500,dataset/medium_1.jpg,medium,44,2.5288,1.9018,1694858,3089x2048,ok,
2026-04-13T13:47:19.939514,aws,concurrency_500,dataset/medium_1.jpg,medium,45,2.8292,2.1327,1694858,3089x2048,ok,
2026-04-13T13:47:19.939518,aws,concurrency_500,dataset/medium_1.jpg,medium,46,1.0818,,,,error,"500, message='Internal Server Error', url='https://aum2n5vzc2.execute-api.us-east-1.amazonaws.com/Prod/process'"
2026-04-13T13:47:19.939524,aws,concurrency_500,dataset/medium_1.jpg,medium,47,2.823,2.1406,1694858,3089x2048,ok,
2026-04-13T13:47:19.939528,aws,concurrency_500,dataset/medium_1.jpg,medium,48,1.0753,,,,error,"500, message='Internal Server Error', url='https://aum2n5vzc2.execute-api.us-east-1.amazonaws.com/Prod/process'"
2026-04-13T13:47:19.939533,aws,concurrency_500,dataset/medium_1.jpg,medium,49,1.053,,,,error,"500, message='Internal Server Error', url='https://aum2n5vzc2.execute-api.us-east-1.amazonaws.com/Prod/process'"
2026-04-13T13:47:19.939538,aws,concurrency_500,dataset/medium_1.jpg,medium,50,3.3231,2.1773,1694858,3089x2048,ok,
2026-04-13T13:47:19.939542,aws,concurrency_500,dataset/medium_1.jpg,medium,51,2.8506,2.1839,1694858,3089x2048,ok,
2026-04-13T13:47:19.939547,aws,concurrency_500,dataset/medium_1.jpg,medium,52,2.5213,1.9018,1694858,3089x2048,ok,
2026-04-13T13:47:19.939551,aws,concurrency_500,dataset/medium_1.jpg,medium,53,2.5324,1.9285,1694858,3089x2048,ok,
2026-04-13T13:47:19.939555,aws,concurrency_500,dataset/medium_1.jpg,medium,54,2.8201,2.1349,1694858,3089x2048,ok,
2026-04-13T13:47:19.939560,aws,concurrency_500,dataset/medium_1.jpg,medium,55,2.9046,2.1887,1694858,3089x2048,ok,
2026-04-13T13:47:19.939564,aws,concurrency_500,dataset/medium_1.jpg,medium,56,3.5984,2.4251,1694858,3089x2048,ok,
2026-04-13T13:47:19.939568,aws,concurrency_500,dataset/medium_1.jpg,medium,57,2.5561,1.9394,1694858,3089x2048,ok,
2026-04-13T13:47:19.939573,aws,concurrency_500,dataset/medium_1.jpg,medium,58,2.8909,2.2136,1694858,3089x2048,ok,
2026-04-13T13:47:19.939577,aws,concurrency_500,dataset/medium_1.jpg,medium,59,2.5957,1.9918,1694858,3089x2048,ok,
2026-04-13T13:47:19.939581,aws,concurrency_500,dataset/medium_1.jpg,medium,60,2.8328,2.161,1694858,3089x2048,ok,
2026-04-13T13:47:19.939585,aws,concurrency_500,dataset/medium_1.jpg,medium,61,2.8923,2.2258,1694858,3089x2048,ok,
2026-04-13T13:47:19.939590,aws,concurrency_500,dataset/medium_1.jpg,medium,62,3.2669,2.1141,1694858,3089x2048,ok,
2026-04-13T13:47:19.939594,aws,concurrency_500,dataset/medium_1.jpg,medium,63,1.0722,,,,error,"500, message='Internal Server Error', url='https://aum2n5vzc2.execute-api.us-east-1.amazonaws.com/Prod/process'"
2026-04-13T13:47:19.939599,aws,concurrency_500,dataset/medium_1.jpg,medium,64,2.835,2.1638,1694858,3089x2048,ok,
2026-04-13T13:47:19.939603,aws,concurrency_500,dataset/medium_1.jpg,medium,65,1.1032,,,,error,"500, message='Internal Server Error', url='https://aum2n5vzc2.execute-api.us-east-1.amazonaws.com/Prod/process'"
2026-04-13T13:47:19.939618,aws,concurrency_500,dataset/medium_1.jpg,medium,66,2.872,2.1658,1694858,3089x2048,ok,
2026-04-13T13:47:19.939623,aws,concurrency_500,dataset/medium_1.jpg,medium,67,1.0845,,,,error,"500, message='Internal Server Error', url='https://aum2n5vzc2.execute-api.us-east-1.amazonaws.com/Prod/process'"
2026-04-13T13:47:19.939629,aws,concurrency_500,dataset/medium_1.jpg,medium,68,2.5532,1.9558,1694858,3089x2048,ok,
2026-04-13T13:47:19.939633,aws,concurrency_500,dataset/medium_1.jpg,medium,69,3.3158,2.1722,1694858,3089x2048,ok,
2026-04-13T13:47:19.939637,aws,concurrency_500,dataset/medium_1.jpg,medium,70,2.4954,1.8972,1694858,3089x2048,ok,
2026-04-13T13:47:19.939642,aws,concurrency_500,dataset/medium_1.jpg,medium,71,3.3246,2.2295,1694858,3089x2048,ok,
2026-04-13T13:47:19.939646,aws,concurrency_500,dataset/medium_1.jpg,medium,72,2.8943,2.2093,1694858,3089x2048,ok,
2026-04-13T13:47:19.939650,aws,concurrency_500,dataset/medium_1.jpg,medium,73,2.7966,2.1132,1694858,3089x2048,ok,
2026-04-13T13:47:19.939655,aws,concurrency_500,dataset/medium_1.jpg,medium,74,2.8157,2.138,1694858,3089x2048,ok,
2026-04-13T13:47:19.939659,aws,concurrency_500,dataset/medium_1.jpg,medium,75,3.2443,2.1372,1694858,3089x2048,ok,
2026-04-13T13:47:19.939663,aws,concurrency_500,dataset/medium_1.jpg,medium,76,3.2386,2.1334,1694858,3089x2048,ok,
2026-04-13T13:47:19.939667,aws,concurrency_500,dataset/medium_1.jpg,medium,77,2.8462,2.1581,1694858,3089x2048,ok,
2026-04-13T13:47:19.939671,aws,concurrency_500,dataset/medium_1.jpg,medium,78,3.6006,2.4272,1694858,3089x2048,ok,
2026-04-13T13:47:19.939675,aws,concurrency_500,dataset/medium_1.jpg,medium,79,1.0852,,,,error,"500, message='Internal Server Error', url='https://aum2n5vzc2.execute-api.us-east-1.amazonaws.com/Prod/process'"
2026-04-13T13:47:19.939681,aws,concurrency_500,dataset/medium_1.jpg,medium,80,2.5315,1.9224,1694858,3089x2048,ok,
2026-04-13T13:47:19.939685,aws,concurrency_500,dataset/medium_1.jpg,medium,81,1.0687,,,,error,"500, message='Internal Server Error', url='https://aum2n5vzc2.execute-api.us-east-1.amazonaws.com/Prod/process'"
2026-04-13T13:47:19.939690,aws,concurrency_500,dataset/medium_1.jpg,medium,82,2.8892,2.2212,1694858,3089x2048,ok,
2026-04-13T13:47:19.939694,aws,concurrency_500,dataset/medium_1.jpg,medium,83,3.3282,2.1986,1694858,3089x2048,ok,
2026-04-13T13:47:19.939699,aws,concurrency_500,dataset/medium_1.jpg,medium,84,3.3377,2.1866,1694858,3089x2048,ok,
2026-04-13T13:47:19.939703,aws,concurrency_500,dataset/medium_1.jpg,medium,85,3.2658,2.1703,1694858,3089x2048,ok,
2026-04-13T13:47:19.939707,aws,concurrency_500,dataset/medium_1.jpg,medium,86,2.5449,1.9195,1694858,3089x2048,ok,
2026-04-13T13:47:19.939711,aws,concurrency_500,dataset/medium_1.jpg,medium,87,1.0895,,,,error,"500, message='Internal Server Error', url='https://aum2n5vzc2.execute-api.us-east-1.amazonaws.com/Prod/process'"
2026-04-13T13:47:19.939716,aws,concurrency_500,dataset/medium_1.jpg,medium,88,2.8374,2.1285,1694858,3089x2048,ok,
2026-04-13T13:47:19.939721,aws,concurrency_500,dataset/medium_1.jpg,medium,89,1.0926,,,,error,"500, message='Internal Server Error', url='https://aum2n5vzc2.execute-api.us-east-1.amazonaws.com/Prod/process'"
2026-04-13T13:47:19.939725,aws,concurrency_500,dataset/medium_1.jpg,medium,90,3.4211,2.275,1694858,3089x2048,ok,
2026-04-13T13:47:19.939730,aws,concurrency_500,dataset/medium_1.jpg,medium,91,3.3302,2.1979,1694858,3089x2048,ok,
2026-04-13T13:47:19.939734,aws,concurrency_500,dataset/medium_1.jpg,medium,92,2.9201,2.2314,1694858,3089x2048,ok,
2026-04-13T13:47:19.939738,aws,concurrency_500,dataset/medium_1.jpg,medium,93,2.8892,2.211,1694858,3089x2048,ok,
2026-04-13T13:47:19.939742,aws,concurrency_500,dataset/medium_1.jpg,medium,94,2.9718,2.1993,1694858,3089x2048,ok,
2026-04-13T13:47:19.939746,aws,concurrency_500,dataset/medium_1.jpg,medium,95,2.8182,2.1439,1694858,3089x2048,ok,
2026-04-13T13:47:19.939751,aws,concurrency_500,dataset/medium_1.jpg,medium,96,2.5484,1.9291,1694858,3089x2048,ok,
2026-04-13T13:47:19.939755,aws,concurrency_500,dataset/medium_1.jpg,medium,97,2.5485,1.9619,1694858,3089x2048,ok,
2026-04-13T13:47:19.939759,aws,concurrency_500,dataset/medium_1.jpg,medium,98,1.0544,,,,error,"500, message='Internal Server Error', url='https://aum2n5vzc2.execute-api.us-east-1.amazonaws.com/Prod/process'"
2026-04-13T13:47:19.939764,aws,concurrency_500,dataset/medium_1.jpg,medium,99,2.8108,2.1312,1694858,3089x2048,ok,
2026-04-13T13:47:19.939768,aws,concurrency_500,dataset/medium_1.jpg,medium,100,3.2449,2.1541,1694858,3089x2048,ok,
2026-04-13T13:47:19.939772,aws,concurrency_500,dataset/medium_1.jpg,medium,101,2.8219,2.1402,1694858,3089x2048,ok,
2026-04-13T13:47:19.939776,aws,concurrency_500,dataset/medium_1.jpg,medium,102,2.5483,1.9388,1694858,3089x2048,ok,
2026-04-13T13:47:19.939780,aws,concurrency_500,dataset/medium_1.jpg,medium,103,2.8973,2.1823,1694858,3089x2048,ok,
2026-04-13T13:47:19.939784,aws,concurrency_500,dataset/medium_1.jpg,medium,104,3.2421,2.1689,1694858,3089x2048,ok,
2026-04-13T13:47:19.939788,aws,concurrency_500,dataset/medium_1.jpg,medium,105,3.318,2.1539,1694858,3089x2048,ok,
2026-04-13T13:47:19.939793,aws,concurrency_500,dataset/medium_1.jpg,medium,106,2.5474,1.935,1694858,3089x2048,ok,
2026-04-13T13:47:19.939797,aws,concurrency_500,dataset/medium_1.jpg,medium,107,2.8778,2.1584,1694858,3089x2048,ok,
2026-04-13T13:47:19.939801,aws,concurrency_500,dataset/medium_1.jpg,medium,108,3.6594,2.4627,1694858,3089x2048,ok,
2026-04-13T13:47:19.939806,aws,concurrency_500,dataset/medium_1.jpg,medium,109,2.8552,2.1598,1694858,3089x2048,ok,
2026-04-13T13:47:19.939809,aws,concurrency_500,dataset/medium_1.jpg,medium,110,2.541,1.9449,1694858,3089x2048,ok,
2026-04-13T13:47:19.939814,aws,concurrency_500,dataset/medium_1.jpg,medium,111,2.8742,2.2137,1694858,3089x2048,ok,
2026-04-13T13:47:19.939818,aws,concurrency_500,dataset/medium_1.jpg,medium,112,3.2152,2.1189,1694858,3089x2048,ok,
2026-04-13T13:47:19.939822,aws,concurrency_500,dataset/medium_1.jpg,medium,113,2.9292,2.2398,1694858,3089x2048,ok,
2026-04-13T13:47:19.939826,aws,concurrency_500,dataset/medium_1.jpg,medium,114,2.8379,2.1598,1694858,3089x2048,ok,
2026-04-13T13:47:19.939830,aws,concurrency_500,dataset/medium_1.jpg,medium,115,1.1415,,,,error,"500, message='Internal Server Error', url='https://aum2n5vzc2.execute-api.us-east-1.amazonaws.com/Prod/process'"
2026-04-13T13:47:19.939835,aws,concurrency_500,dataset/medium_1.jpg,medium,116,1.0668,,,,error,"500, message='Internal Server Error', url='https://aum2n5vzc2.execute-api.us-east-1.amazonaws.com/Prod/process'"
2026-04-13T13:47:19.939840,aws,concurrency_500,dataset/medium_1.jpg,medium,117,2.5259,1.9084,1694858,3089x2048,ok,
2026-04-13T13:47:19.939844,aws,concurrency_500,dataset/medium_1.jpg,medium,118,2.4908,1.88,1694858,3089x2048,ok,
2026-04-13T13:47:19.939848,aws,concurrency_500,dataset/medium_1.jpg,medium,119,2.8418,2.1475,1694858,3089x2048,ok,
2026-04-13T13:47:19.939852,aws,concurrency_500,dataset/medium_1.jpg,medium,120,3.3839,2.2439,1694858,3089x2048,ok,
2026-04-13T13:47:19.939856,aws,concurrency_500,dataset/medium_1.jpg,medium,121,3.3397,2.2315,1694858,3089x2048,ok,
2026-04-13T13:47:19.939861,aws,concurrency_500,dataset/medium_1.jpg,medium,122,3.3199,2.2019,1694858,3089x2048,ok,
2026-04-13T13:47:19.939865,aws,concurrency_500,dataset/medium_1.jpg,medium,123,2.894,2.2078,1694858,3089x2048,ok,
2026-04-13T13:47:19.939869,aws,concurrency_500,dataset/medium_1.jpg,medium,124,3.5322,2.3793,1694858,3089x2048,ok,
2026-04-13T13:47:19.939873,aws,concurrency_500,dataset/medium_1.jpg,medium,125,3.6427,2.4743,1694858,3089x2048,ok,
2026-04-13T13:47:19.939877,aws,concurrency_500,dataset/medium_1.jpg,medium,126,2.5252,1.9156,1694858,3089x2048,ok,
2026-04-13T13:47:19.939881,aws,concurrency_500,dataset/medium_1.jpg,medium,127,2.8647,2.1868,1694858,3089x2048,ok,
2026-04-13T13:47:19.939885,aws,concurrency_500,dataset/medium_1.jpg,medium,128,2.8727,2.1666,1694858,3089x2048,ok,
2026-04-13T13:47:19.939897,aws,concurrency_500,dataset/medium_1.jpg,medium,129,2.4826,1.8947,1694858,3089x2048,ok,
2026-04-13T13:47:19.939902,aws,concurrency_500,dataset/medium_1.jpg,medium,130,2.5226,1.9447,1694858,3089x2048,ok,
2026-04-13T13:47:19.939907,aws,concurrency_500,dataset/medium_1.jpg,medium,131,2.4824,1.896,1694858,3089x2048,ok,
2026-04-13T13:47:19.939911,aws,concurrency_500,dataset/medium_1.jpg,medium,132,1.0413,,,,error,"500, message='Internal Server Error', url='https://aum2n5vzc2.execute-api.us-east-1.amazonaws.com/Prod/process'"
2026-04-13T13:47:19.939916,aws,concurrency_500,dataset/medium_1.jpg,medium,133,3.3195,2.1634,1694858,3089x2048,ok,
2026-04-13T13:47:19.939920,aws,concurrency_500,dataset/medium_1.jpg,medium,134,2.4865,1.9163,1694858,3089x2048,ok,
2026-04-13T13:47:19.939925,aws,concurrency_500,dataset/medium_1.jpg,medium,135,2.482,1.9149,1694858,3089x2048,ok,
2026-04-13T13:47:19.939929,aws,concurrency_500,dataset/medium_1.jpg,medium,136,3.23,2.1462,1694858,3089x2048,ok,
2026-04-13T13:47:19.939933,aws,concurrency_500,dataset/medium_1.jpg,medium,137,3.3045,2.1651,1694858,3089x2048,ok,
2026-04-13T13:47:19.939937,aws,concurrency_500,dataset/medium_1.jpg,medium,138,2.5033,1.9254,1694858,3089x2048,ok,
2026-04-13T13:47:19.939942,aws,concurrency_500,dataset/medium_1.jpg,medium,139,2.8186,2.1575,1694858,3089x2048,ok,
2026-04-13T13:47:19.939946,aws,concurrency_500,dataset/medium_1.jpg,medium,140,1.0542,,,,error,"500, message='Internal Server Error', url='https://aum2n5vzc2.execute-api.us-east-1.amazonaws.com/Prod/process'"
2026-04-13T13:47:19.939951,aws,concurrency_500,dataset/medium_1.jpg,medium,141,3.2882,2.1597,1694858,3089x2048,ok,
2026-04-13T13:47:19.939955,aws,concurrency_500,dataset/medium_1.jpg,medium,142,2.4354,1.8973,1694858,3089x2048,ok,
2026-04-13T13:47:19.939959,aws,concurrency_500,dataset/medium_1.jpg,medium,143,2.5073,1.9695,1694858,3089x2048,ok,
2026-04-13T13:47:19.939964,aws,concurrency_500,dataset/medium_1.jpg,medium,144,2.477,1.9329,1694858,3089x2048,ok,
2026-04-13T13:47:19.939968,aws,concurrency_500,dataset/medium_1.jpg,medium,145,2.8371,2.1456,1694858,3089x2048,ok,
2026-04-13T13:47:19.939972,aws,concurrency_500,dataset/medium_1.jpg,medium,146,2.4487,1.8748,1694858,3089x2048,ok,
2026-04-13T13:47:19.939977,aws,concurrency_500,dataset/medium_1.jpg,medium,147,1.0407,,,,error,"500, message='Internal Server Error', url='https://aum2n5vzc2.execute-api.us-east-1.amazonaws.com/Prod/process'"
2026-04-13T13:47:19.939981,aws,concurrency_500,dataset/medium_1.jpg,medium,148,3.5593,2.4026,1694858,3089x2048,ok,
2026-04-13T13:47:19.939986,aws,concurrency_500,dataset/medium_1.jpg,medium,149,3.3,2.176,1694858,3089x2048,ok,
2026-04-13T13:47:19.939990,aws,concurrency_500,dataset/medium_1.jpg,medium,150,3.2568,2.1373,1694858,3089x2048,ok,
2026-04-13T13:47:19.939994,aws,concurrency_500,dataset/medium_1.jpg,medium,151,1.0537,,,,error,"500, message='Internal Server Error', url='https://aum2n5vzc2.execute-api.us-east-1.amazonaws.com/Prod/process'"
2026-04-13T13:47:19.939999,aws,concurrency_500,dataset/medium_1.jpg,medium,152,3.2678,2.1622,1694858,3089x2048,ok,
2026-04-13T13:47:19.940003,aws,concurrency_500,dataset/medium_1.jpg,medium,153,1.0485,,,,error,"500, message='Internal Server Error', url='https://aum2n5vzc2.execute-api.us-east-1.amazonaws.com/Prod/process'"
2026-04-13T13:47:19.940008,aws,concurrency_500,dataset/medium_1.jpg,medium,154,1.0536,,,,error,"500, message='Internal Server Error', url='https://aum2n5vzc2.execute-api.us-east-1.amazonaws.com/Prod/process'"
2026-04-13T13:47:19.940013,aws,concurrency_500,dataset/medium_1.jpg,medium,155,2.8848,2.1954,1694858,3089x2048,ok,
2026-04-13T13:47:19.940017,aws,concurrency_500,dataset/medium_1.jpg,medium,156,3.3672,2.1867,1694858,3089x2048,ok,
2026-04-13T13:47:19.940021,aws,concurrency_500,dataset/medium_1.jpg,medium,157,1.1235,,,,error,"500, message='Internal Server Error', url='https://aum2n5vzc2.execute-api.us-east-1.amazonaws.com/Prod/process'"
2026-04-13T13:47:19.940026,aws,concurrency_500,dataset/medium_1.jpg,medium,158,2.8027,2.143,1694858,3089x2048,ok,
2026-04-13T13:47:19.940030,aws,concurrency_500,dataset/medium_1.jpg,medium,159,2.8726,2.187,1694858,3089x2048,ok,
2026-04-13T13:47:19.940035,aws,concurrency_500,dataset/medium_1.jpg,medium,160,3.6187,2.4422,1694858,3089x2048,ok,
2026-04-13T13:47:19.940039,aws,concurrency_500,dataset/medium_1.jpg,medium,161,3.3014,2.1881,1694858,3089x2048,ok,
2026-04-13T13:47:19.940043,aws,concurrency_500,dataset/medium_1.jpg,medium,162,2.5181,1.9157,1694858,3089x2048,ok,
2026-04-13T13:47:19.940047,aws,concurrency_500,dataset/medium_1.jpg,medium,163,2.8735,2.1916,1694858,3089x2048,ok,
2026-04-13T13:47:19.940051,aws,concurrency_500,dataset/medium_1.jpg,medium,164,1.0492,,,,error,"500, message='Internal Server Error', url='https://aum2n5vzc2.execute-api.us-east-1.amazonaws.com/Prod/process'"
2026-04-13T13:47:19.940056,aws,concurrency_500,dataset/medium_1.jpg,medium,165,3.2064,2.0602,1694858,3089x2048,ok,
2026-04-13T13:47:19.940060,aws,concurrency_500,dataset/medium_1.jpg,medium,166,1.0532,,,,error,"500, message='Internal Server Error', url='https://aum2n5vzc2.execute-api.us-east-1.amazonaws.com/Prod/process'"
2026-04-13T13:47:19.940065,aws,concurrency_500,dataset/medium_1.jpg,medium,167,3.3484,2.2199,1694858,3089x2048,ok,
2026-04-13T13:47:19.940069,aws,concurrency_500,dataset/medium_1.jpg,medium,168,1.0663,,,,error,"500, message='Internal Server Error', url='https://aum2n5vzc2.execute-api.us-east-1.amazonaws.com/Prod/process'"
2026-04-13T13:47:19.940074,aws,concurrency_500,dataset/medium_1.jpg,medium,169,2.8538,2.1738,1694858,3089x2048,ok,
2026-04-13T13:47:19.940078,aws,concurrency_500,dataset/medium_1.jpg,medium,170,1.0512,,,,error,"500, message='Internal Server Error', url='https://aum2n5vzc2.execute-api.us-east-1.amazonaws.com/Prod/process'"
2026-04-13T13:47:19.940083,aws,concurrency_500,dataset/medium_1.jpg,medium,171,3.244,2.1496,1694858,3089x2048,ok,
2026-04-13T13:47:19.940087,aws,concurrency_500,dataset/medium_1.jpg,medium,172,2.8343,2.1462,1694858,3089x2048,ok,
2026-04-13T13:47:19.940092,aws,concurrency_500,dataset/medium_1.jpg,medium,173,2.7802,2.1307,1694858,3089x2048,ok,
2026-04-13T13:47:19.940096,aws,concurrency_500,dataset/medium_1.jpg,medium,174,2.5472,1.9373,1694858,3089x2048,ok,
2026-04-13T13:47:19.940100,aws,concurrency_500,dataset/medium_1.jpg,medium,175,3.601,2.4372,1694858,3089x2048,ok,
2026-04-13T13:47:19.940104,aws,concurrency_500,dataset/medium_1.jpg,medium,176,2.8357,2.1745,1694858,3089x2048,ok,
2026-04-13T13:47:19.940108,aws,concurrency_500,dataset/medium_1.jpg,medium,177,3.3562,2.207,1694858,3089x2048,ok,
2026-04-13T13:47:19.940112,aws,concurrency_500,dataset/medium_1.jpg,medium,178,2.805,2.1453,1694858,3089x2048,ok,
2026-04-13T13:47:19.940116,aws,concurrency_500,dataset/medium_1.jpg,medium,179,2.8456,2.1548,1694858,3089x2048,ok,
2026-04-13T13:47:19.940121,aws,concurrency_500,dataset/medium_1.jpg,medium,180,2.8483,2.1819,1694858,3089x2048,ok,
2026-04-13T13:47:19.940125,aws,concurrency_500,dataset/medium_1.jpg,medium,181,1.0504,,,,error,"500, message='Internal Server Error', url='https://aum2n5vzc2.execute-api.us-east-1.amazonaws.com/Prod/process'"
2026-04-13T13:47:19.940129,aws,concurrency_500,dataset/medium_1.jpg,medium,182,2.5479,1.9388,1694858,3089x2048,ok,
2026-04-13T13:47:19.940133,aws,concurrency_500,dataset/medium_1.jpg,medium,183,3.2348,2.1375,1694858,3089x2048,ok,
2026-04-13T13:47:19.940137,aws,concurrency_500,dataset/medium_1.jpg,medium,184,2.8789,2.2102,1694858,3089x2048,ok,
2026-04-13T13:47:19.940142,aws,concurrency_500,dataset/medium_1.jpg,medium,185,1.0515,,,,error,"500, message='Internal Server Error', url='https://aum2n5vzc2.execute-api.us-east-1.amazonaws.com/Prod/process'"
2026-04-13T13:47:19.940146,aws,concurrency_500,dataset/medium_1.jpg,medium,186,2.5308,1.9338,1694858,3089x2048,ok,
2026-04-13T13:47:19.940150,aws,concurrency_500,dataset/medium_1.jpg,medium,187,1.0469,,,,error,"500, message='Internal Server Error', url='https://aum2n5vzc2.execute-api.us-east-1.amazonaws.com/Prod/process'"
2026-04-13T13:47:19.940173,aws,concurrency_500,dataset/medium_1.jpg,medium,188,2.5031,1.9035,1694858,3089x2048,ok,
2026-04-13T13:47:19.940178,aws,concurrency_500,dataset/medium_1.jpg,medium,189,3.1743,2.0845,1694858,3089x2048,ok,
2026-04-13T13:47:19.940182,aws,concurrency_500,dataset/medium_1.jpg,medium,190,2.8371,2.152,1694858,3089x2048,ok,
2026-04-13T13:47:19.940186,aws,concurrency_500,dataset/medium_1.jpg,medium,191,1.0678,,,,error,"500, message='Internal Server Error', url='https://aum2n5vzc2.execute-api.us-east-1.amazonaws.com/Prod/process'"
2026-04-13T13:47:19.940191,aws,concurrency_500,dataset/medium_1.jpg,medium,192,2.8544,2.1864,1694858,3089x2048,ok,
2026-04-13T13:47:19.940195,aws,concurrency_500,dataset/medium_1.jpg,medium,193,2.5059,1.9227,1694858,3089x2048,ok,
2026-04-13T13:47:19.940200,aws,concurrency_500,dataset/medium_1.jpg,medium,194,2.5636,1.9761,1694858,3089x2048,ok,
2026-04-13T13:47:19.940204,aws,concurrency_500,dataset/medium_1.jpg,medium,195,1.0572,,,,error,"500, message='Internal Server Error', url='https://aum2n5vzc2.execute-api.us-east-1.amazonaws.com/Prod/process'"
2026-04-13T13:47:19.940209,aws,concurrency_500,dataset/medium_1.jpg,medium,196,2.52,1.9478,1694858,3089x2048,ok,
2026-04-13T13:47:19.940212,aws,concurrency_500,dataset/medium_1.jpg,medium,197,3.6129,2.4776,1694858,3089x2048,ok,
2026-04-13T13:47:19.940217,aws,concurrency_500,dataset/medium_1.jpg,medium,198,2.8366,2.1268,1694858,3089x2048,ok,
2026-04-13T13:47:19.940221,aws,concurrency_500,dataset/medium_1.jpg,medium,199,1.079,,,,error,"500, message='Internal Server Error', url='https://aum2n5vzc2.execute-api.us-east-1.amazonaws.com/Prod/process'"
2026-04-13T13:47:19.940225,aws,concurrency_500,dataset/medium_1.jpg,medium,200,3.3347,2.1887,1694858,3089x2048,ok,
2026-04-13T13:47:19.940230,aws,concurrency_500,dataset/medium_1.jpg,medium,201,2.5375,1.9331,1694858,3089x2048,ok,
2026-04-13T13:47:19.940234,aws,concurrency_500,dataset/medium_1.jpg,medium,202,2.4788,1.8951,1694858,3089x2048,ok,
2026-04-13T13:47:19.940238,aws,concurrency_500,dataset/medium_1.jpg,medium,203,1.0768,,,,error,"500, message='Internal Server Error', url='https://aum2n5vzc2.execute-api.us-east-1.amazonaws.com/Prod/process'"
2026-04-13T13:47:19.940243,aws,concurrency_500,dataset/medium_1.jpg,medium,204,2.5256,1.9382,1694858,3089x2048,ok,
2026-04-13T13:47:19.940247,aws,concurrency_500,dataset/medium_1.jpg,medium,205,2.8507,2.1768,1694858,3089x2048,ok,
2026-04-13T13:47:19.940251,aws,concurrency_500,dataset/medium_1.jpg,medium,206,3.3298,2.1865,1694858,3089x2048,ok,
2026-04-13T13:47:19.940256,aws,concurrency_500,dataset/medium_1.jpg,medium,207,1.0587,,,,error,"500, message='Internal Server Error', url='https://aum2n5vzc2.execute-api.us-east-1.amazonaws.com/Prod/process'"
2026-04-13T13:47:19.940261,aws,concurrency_500,dataset/medium_1.jpg,medium,208,2.8508,2.154,1694858,3089x2048,ok,
2026-04-13T13:47:19.940265,aws,concurrency_500,dataset/medium_1.jpg,medium,209,2.4543,1.9171,1694858,3089x2048,ok,
2026-04-13T13:47:19.940269,aws,concurrency_500,dataset/medium_1.jpg,medium,210,2.5092,1.8944,1694858,3089x2048,ok,
2026-04-13T13:47:19.940273,aws,concurrency_500,dataset/medium_1.jpg,medium,211,2.5577,1.9493,1694858,3089x2048,ok,
2026-04-13T13:47:19.940278,aws,concurrency_500,dataset/medium_1.jpg,medium,212,2.5077,1.9462,1694858,3089x2048,ok,
2026-04-13T13:47:19.940282,aws,concurrency_500,dataset/medium_1.jpg,medium,213,2.8821,2.1952,1694858,3089x2048,ok,
2026-04-13T13:47:19.940286,aws,concurrency_500,dataset/medium_1.jpg,medium,214,2.4946,1.9223,1694858,3089x2048,ok,
2026-04-13T13:47:19.940290,aws,concurrency_500,dataset/medium_1.jpg,medium,215,2.8656,2.1908,1694858,3089x2048,ok,
2026-04-13T13:47:19.940295,aws,concurrency_500,dataset/medium_1.jpg,medium,216,3.2643,2.1467,1694858,3089x2048,ok,
2026-04-13T13:47:19.940299,aws,concurrency_500,dataset/medium_1.jpg,medium,217,2.7503,2.0562,1694858,3089x2048,ok,
2026-04-13T13:47:19.940303,aws,concurrency_500,dataset/medium_1.jpg,medium,218,3.2649,2.1632,1694858,3089x2048,ok,
2026-04-13T13:47:19.940307,aws,concurrency_500,dataset/medium_1.jpg,medium,219,2.4802,1.9001,1694858,3089x2048,ok,
2026-04-13T13:47:19.940311,aws,concurrency_500,dataset/medium_1.jpg,medium,220,2.8067,2.1424,1694858,3089x2048,ok,
2026-04-13T13:47:19.940315,aws,concurrency_500,dataset/medium_1.jpg,medium,221,1.0656,,,,error,"500, message='Internal Server Error', url='https://aum2n5vzc2.execute-api.us-east-1.amazonaws.com/Prod/process'"
2026-04-13T13:47:19.940320,aws,concurrency_500,dataset/medium_1.jpg,medium,222,2.4804,1.8883,1694858,3089x2048,ok,
2026-04-13T13:47:19.940324,aws,concurrency_500,dataset/medium_1.jpg,medium,223,1.0773,,,,error,"500, message='Internal Server Error', url='https://aum2n5vzc2.execute-api.us-east-1.amazonaws.com/Prod/process'"
2026-04-13T13:47:19.940329,aws,concurrency_500,dataset/medium_1.jpg,medium,224,3.3214,2.1994,1694858,3089x2048,ok,
2026-04-13T13:47:19.940334,aws,concurrency_500,dataset/medium_1.jpg,medium,225,3.2908,2.173,1694858,3089x2048,ok,
2026-04-13T13:47:19.940338,aws,concurrency_500,dataset/medium_1.jpg,medium,226,3.2756,2.1761,1694858,3089x2048,ok,
2026-04-13T13:47:19.940342,aws,concurrency_500,dataset/medium_1.jpg,medium,227,3.3156,2.162,1694858,3089x2048,ok,
2026-04-13T13:47:19.940346,aws,concurrency_500,dataset/medium_1.jpg,medium,228,2.8008,2.1342,1694858,3089x2048,ok,
2026-04-13T13:47:19.940350,aws,concurrency_500,dataset/medium_1.jpg,medium,229,3.2126,2.1147,1694858,3089x2048,ok,
2026-04-13T13:47:19.940354,aws,concurrency_500,dataset/medium_1.jpg,medium,230,3.288,2.1422,1694858,3089x2048,ok,
2026-04-13T13:47:19.940358,aws,concurrency_500,dataset/medium_1.jpg,medium,231,2.8007,2.1352,1694858,3089x2048,ok,
2026-04-13T13:47:19.940363,aws,concurrency_500,dataset/medium_1.jpg,medium,232,1.0561,,,,error,"500, message='Internal Server Error', url='https://aum2n5vzc2.execute-api.us-east-1.amazonaws.com/Prod/process'"
2026-04-13T13:47:19.940368,aws,concurrency_500,dataset/medium_1.jpg,medium,233,3.2401,2.1506,1694858,3089x2048,ok,
2026-04-13T13:47:19.940372,aws,concurrency_500,dataset/medium_1.jpg,medium,234,1.0675,,,,error,"500, message='Internal Server Error', url='https://aum2n5vzc2.execute-api.us-east-1.amazonaws.com/Prod/process'"
2026-04-13T13:47:19.940377,aws,concurrency_500,dataset/medium_1.jpg,medium,235,3.2754,2.1627,1694858,3089x2048,ok,
2026-04-13T13:47:19.940380,aws,concurrency_500,dataset/medium_1.jpg,medium,236,3.2145,2.1375,1694858,3089x2048,ok,
2026-04-13T13:47:19.940385,aws,concurrency_500,dataset/medium_1.jpg,medium,237,3.3221,2.1681,1694858,3089x2048,ok,
2026-04-13T13:47:19.940388,aws,concurrency_500,dataset/medium_1.jpg,medium,238,2.8264,2.1744,1694858,3089x2048,ok,
2026-04-13T13:47:19.940393,aws,concurrency_500,dataset/medium_1.jpg,medium,239,2.8153,2.1628,1694858,3089x2048,ok,
2026-04-13T13:47:19.940397,aws,concurrency_500,dataset/medium_1.jpg,medium,240,3.3415,2.196,1694858,3089x2048,ok,
2026-04-13T13:47:19.940401,aws,concurrency_500,dataset/medium_1.jpg,medium,241,1.0754,,,,error,"500, message='Internal Server Error', url='https://aum2n5vzc2.execute-api.us-east-1.amazonaws.com/Prod/process'"
2026-04-13T13:47:19.940406,aws,concurrency_500,dataset/medium_1.jpg,medium,242,2.9122,2.2032,1694858,3089x2048,ok,
2026-04-13T13:47:19.940410,aws,concurrency_500,dataset/medium_1.jpg,medium,243,3.6104,2.4568,1694858,3089x2048,ok,
2026-04-13T13:47:19.940414,aws,concurrency_500,dataset/medium_1.jpg,medium,244,3.2943,2.1871,1694858,3089x2048,ok,
2026-04-13T13:47:19.940418,aws,concurrency_500,dataset/medium_1.jpg,medium,245,1.0647,,,,error,"500, message='Internal Server Error', url='https://aum2n5vzc2.execute-api.us-east-1.amazonaws.com/Prod/process'"
2026-04-13T13:47:19.940423,aws,concurrency_500,dataset/medium_1.jpg,medium,246,2.5381,1.9923,1694858,3089x2048,ok,
2026-04-13T13:47:19.940427,aws,concurrency_500,dataset/medium_1.jpg,medium,247,2.4867,1.8971,1694858,3089x2048,ok,
2026-04-13T13:47:19.940438,aws,concurrency_500,dataset/medium_1.jpg,medium,248,2.8072,2.1594,1694858,3089x2048,ok,
2026-04-13T13:47:19.940443,aws,concurrency_500,dataset/medium_1.jpg,medium,249,2.5358,1.9221,1694858,3089x2048,ok,
2026-04-13T13:47:19.940447,aws,concurrency_500,dataset/medium_1.jpg,medium,250,2.8467,2.1699,1694858,3089x2048,ok,
2026-04-13T13:47:19.940451,aws,concurrency_500,dataset/medium_1.jpg,medium,251,2.4984,1.9274,1694858,3089x2048,ok,
2026-04-13T13:47:19.940455,aws,concurrency_500,dataset/medium_1.jpg,medium,252,2.4851,1.9208,1694858,3089x2048,ok,
2026-04-13T13:47:19.940459,aws,concurrency_500,dataset/medium_1.jpg,medium,253,3.3166,2.1718,1694858,3089x2048,ok,
2026-04-13T13:47:19.940464,aws,concurrency_500,dataset/medium_1.jpg,medium,254,2.4523,1.9005,1694858,3089x2048,ok,
2026-04-13T13:47:19.940468,aws,concurrency_500,dataset/medium_1.jpg,medium,255,2.5102,1.9316,1694858,3089x2048,ok,
2026-04-13T13:47:19.940472,aws,concurrency_500,dataset/medium_1.jpg,medium,256,3.2361,2.1447,1694858,3089x2048,ok,
2026-04-13T13:47:19.940476,aws,concurrency_500,dataset/medium_1.jpg,medium,257,2.4771,1.9093,1694858,3089x2048,ok,
2026-04-13T13:47:19.940480,aws,concurrency_500,dataset/medium_1.jpg,medium,258,2.4687,1.8994,1694858,3089x2048,ok,
2026-04-13T13:47:19.940485,aws,concurrency_500,dataset/medium_1.jpg,medium,259,3.3105,2.1759,1694858,3089x2048,ok,
2026-04-13T13:47:19.940489,aws,concurrency_500,dataset/medium_1.jpg,medium,260,2.4767,1.9309,1694858,3089x2048,ok,
2026-04-13T13:47:19.940494,aws,concurrency_500,dataset/medium_1.jpg,medium,261,2.4773,1.9225,1694858,3089x2048,ok,
2026-04-13T13:47:19.940498,aws,concurrency_500,dataset/medium_1.jpg,medium,262,3.2514,2.1329,1694858,3089x2048,ok,
2026-04-13T13:47:19.940502,aws,concurrency_500,dataset/medium_1.jpg,medium,263,3.2158,2.1072,1694858,3089x2048,ok,
2026-04-13T13:47:19.940506,aws,concurrency_500,dataset/medium_1.jpg,medium,264,2.4704,1.9095,1694858,3089x2048,ok,
2026-04-13T13:47:19.940510,aws,concurrency_500,dataset/medium_1.jpg,medium,265,2.4768,1.9001,1694858,3089x2048,ok,
2026-04-13T13:47:19.940514,aws,concurrency_500,dataset/medium_1.jpg,medium,266,1.0885,,,,error,"500, message='Internal Server Error', url='https://aum2n5vzc2.execute-api.us-east-1.amazonaws.com/Prod/process'"
2026-04-13T13:47:19.940520,aws,concurrency_500,dataset/medium_1.jpg,medium,267,3.2903,2.1821,1694858,3089x2048,ok,
2026-04-13T13:47:19.940524,aws,concurrency_500,dataset/medium_1.jpg,medium,268,2.8686,2.1676,1694858,3089x2048,ok,
2026-04-13T13:47:19.940528,aws,concurrency_500,dataset/medium_1.jpg,medium,269,2.5049,1.8953,1694858,3089x2048,ok,
2026-04-13T13:47:19.940532,aws,concurrency_500,dataset/medium_1.jpg,medium,270,3.3433,2.2315,1694858,3089x2048,ok,
2026-04-13T13:47:19.940536,aws,concurrency_500,dataset/medium_1.jpg,medium,271,1.0533,,,,error,"500, message='Internal Server Error', url='https://aum2n5vzc2.execute-api.us-east-1.amazonaws.com/Prod/process'"
2026-04-13T13:47:19.940541,aws,concurrency_500,dataset/medium_1.jpg,medium,272,3.2753,2.1422,1694858,3089x2048,ok,
2026-04-13T13:47:19.940545,aws,concurrency_500,dataset/medium_1.jpg,medium,273,3.3147,2.1916,1694858,3089x2048,ok,
2026-04-13T13:47:19.940549,aws,concurrency_500,dataset/medium_1.jpg,medium,274,2.8519,2.1389,1694858,3089x2048,ok,
2026-04-13T13:47:19.940553,aws,concurrency_500,dataset/medium_1.jpg,medium,275,1.0535,,,,error,"500, message='Internal Server Error', url='https://aum2n5vzc2.execute-api.us-east-1.amazonaws.com/Prod/process'"
2026-04-13T13:47:19.940558,aws,concurrency_500,dataset/medium_1.jpg,medium,276,1.0574,,,,error,"500, message='Internal Server Error', url='https://aum2n5vzc2.execute-api.us-east-1.amazonaws.com/Prod/process'"
2026-04-13T13:47:19.940563,aws,concurrency_500,dataset/medium_1.jpg,medium,277,3.2844,2.1528,1694858,3089x2048,ok,
2026-04-13T13:47:19.940567,aws,concurrency_500,dataset/medium_1.jpg,medium,278,2.8692,2.1908,1694858,3089x2048,ok,
2026-04-13T13:47:19.940571,aws,concurrency_500,dataset/medium_1.jpg,medium,279,3.3353,2.2257,1694858,3089x2048,ok,
2026-04-13T13:47:19.940576,aws,concurrency_500,dataset/medium_1.jpg,medium,280,1.0538,,,,error,"500, message='Internal Server Error', url='https://aum2n5vzc2.execute-api.us-east-1.amazonaws.com/Prod/process'"
2026-04-13T13:47:19.940581,aws,concurrency_500,dataset/medium_1.jpg,medium,281,2.8393,2.1264,1694858,3089x2048,ok,
2026-04-13T13:47:19.940585,aws,concurrency_500,dataset/medium_1.jpg,medium,282,1.0498,,,,error,"500, message='Internal Server Error', url='https://aum2n5vzc2.execute-api.us-east-1.amazonaws.com/Prod/process'"
2026-04-13T13:47:19.940590,aws,concurrency_500,dataset/medium_1.jpg,medium,283,3.3095,2.1481,1694858,3089x2048,ok,
2026-04-13T13:47:19.940594,aws,concurrency_500,dataset/medium_1.jpg,medium,284,3.6555,2.4785,1694858,3089x2048,ok,
2026-04-13T13:47:19.940598,aws,concurrency_500,dataset/medium_1.jpg,medium,285,3.5816,2.4289,1694858,3089x2048,ok,
2026-04-13T13:47:19.940603,aws,concurrency_500,dataset/medium_1.jpg,medium,286,3.3061,2.1841,1694858,3089x2048,ok,
2026-04-13T13:47:19.940607,aws,concurrency_500,dataset/medium_1.jpg,medium,287,3.2934,2.1519,1694858,3089x2048,ok,
2026-04-13T13:47:19.940611,aws,concurrency_500,dataset/medium_1.jpg,medium,288,1.085,,,,error,"500, message='Internal Server Error', url='https://aum2n5vzc2.execute-api.us-east-1.amazonaws.com/Prod/process'"
2026-04-13T13:47:19.940616,aws,concurrency_500,dataset/medium_1.jpg,medium,289,1.1114,,,,error,"500, message='Internal Server Error', url='https://aum2n5vzc2.execute-api.us-east-1.amazonaws.com/Prod/process'"
2026-04-13T13:47:19.940620,aws,concurrency_500,dataset/medium_1.jpg,medium,290,3.5962,2.4382,1694858,3089x2048,ok,
2026-04-13T13:47:19.940624,aws,concurrency_500,dataset/medium_1.jpg,medium,291,3.2745,2.1566,1694858,3089x2048,ok,
2026-04-13T13:47:19.940628,aws,concurrency_500,dataset/medium_1.jpg,medium,292,1.0569,,,,error,"500, message='Internal Server Error', url='https://aum2n5vzc2.execute-api.us-east-1.amazonaws.com/Prod/process'"
2026-04-13T13:47:19.940633,aws,concurrency_500,dataset/medium_1.jpg,medium,293,3.2875,2.1648,1694858,3089x2048,ok,
2026-04-13T13:47:19.940637,aws,concurrency_500,dataset/medium_1.jpg,medium,294,1.0486,,,,error,"500, message='Internal Server Error', url='https://aum2n5vzc2.execute-api.us-east-1.amazonaws.com/Prod/process'"
2026-04-13T13:47:19.940642,aws,concurrency_500,dataset/medium_1.jpg,medium,295,2.8287,2.1493,1694858,3089x2048,ok,
2026-04-13T13:47:19.940646,aws,concurrency_500,dataset/medium_1.jpg,medium,296,1.0925,,,,error,"500, message='Internal Server Error', url='https://aum2n5vzc2.execute-api.us-east-1.amazonaws.com/Prod/process'"
2026-04-13T13:47:19.940651,aws,concurrency_500,dataset/medium_1.jpg,medium,297,3.3032,2.1902,1694858,3089x2048,ok,
2026-04-13T13:47:19.940655,aws,concurrency_500,dataset/medium_1.jpg,medium,298,3.2807,2.1569,1694858,3089x2048,ok,
2026-04-13T13:47:19.940659,aws,concurrency_500,dataset/medium_1.jpg,medium,299,3.2825,2.1211,1694858,3089x2048,ok,
2026-04-13T13:47:19.940663,aws,concurrency_500,dataset/medium_1.jpg,medium,300,1.0391,,,,error,"500, message='Internal Server Error', url='https://aum2n5vzc2.execute-api.us-east-1.amazonaws.com/Prod/process'"
2026-04-13T13:47:19.940668,aws,concurrency_500,dataset/medium_1.jpg,medium,301,3.2903,2.1591,1694858,3089x2048,ok,
2026-04-13T13:47:19.940672,aws,concurrency_500,dataset/medium_1.jpg,medium,302,1.0421,,,,error,"500, message='Internal Server Error', url='https://aum2n5vzc2.execute-api.us-east-1.amazonaws.com/Prod/process'"
2026-04-13T13:47:19.940676,aws,concurrency_500,dataset/medium_1.jpg,medium,303,2.8958,2.1948,1694858,3089x2048,ok,
2026-04-13T13:47:19.940681,aws,concurrency_500,dataset/medium_1.jpg,medium,304,1.0587,,,,error,"500, message='Internal Server Error', url='https://aum2n5vzc2.execute-api.us-east-1.amazonaws.com/Prod/process'"
2026-04-13T13:47:19.940685,aws,concurrency_500,dataset/medium_1.jpg,medium,305,1.0449,,,,error,"500, message='Internal Server Error', url='https://aum2n5vzc2.execute-api.us-east-1.amazonaws.com/Prod/process'"
2026-04-13T13:47:19.940695,aws,concurrency_500,dataset/medium_1.jpg,medium,306,3.2503,2.1401,1694858,3089x2048,ok,
2026-04-13T13:47:19.940700,aws,concurrency_500,dataset/medium_1.jpg,medium,307,3.2753,2.142,1694858,3089x2048,ok,
2026-04-13T13:47:19.940704,aws,concurrency_500,dataset/medium_1.jpg,medium,308,1.1166,,,,error,"500, message='Internal Server Error', url='https://aum2n5vzc2.execute-api.us-east-1.amazonaws.com/Prod/process'"
2026-04-13T13:47:19.940709,aws,concurrency_500,dataset/medium_1.jpg,medium,309,3.2836,2.1707,1694858,3089x2048,ok,
2026-04-13T13:47:19.940714,aws,concurrency_500,dataset/medium_1.jpg,medium,310,2.8797,2.1852,1694858,3089x2048,ok,
2026-04-13T13:47:19.940718,aws,concurrency_500,dataset/medium_1.jpg,medium,311,1.0629,,,,error,"500, message='Internal Server Error', url='https://aum2n5vzc2.execute-api.us-east-1.amazonaws.com/Prod/process'"
2026-04-13T13:47:19.940722,aws,concurrency_500,dataset/medium_1.jpg,medium,312,1.054,,,,error,"500, message='Internal Server Error', url='https://aum2n5vzc2.execute-api.us-east-1.amazonaws.com/Prod/process'"
2026-04-13T13:47:19.940727,aws,concurrency_500,dataset/medium_1.jpg,medium,313,3.2799,2.1519,1694858,3089x2048,ok,
2026-04-13T13:47:19.940732,aws,concurrency_500,dataset/medium_1.jpg,medium,314,2.7984,2.1327,1694858,3089x2048,ok,
2026-04-13T13:47:19.940736,aws,concurrency_500,dataset/medium_1.jpg,medium,315,3.2853,2.1757,1694858,3089x2048,ok,
2026-04-13T13:47:19.940740,aws,concurrency_500,dataset/medium_1.jpg,medium,316,3.277,2.1535,1694858,3089x2048,ok,
2026-04-13T13:47:19.940744,aws,concurrency_500,dataset/medium_1.jpg,medium,317,2.8153,2.1279,1694858,3089x2048,ok,
2026-04-13T13:47:19.940748,aws,concurrency_500,dataset/medium_1.jpg,medium,318,3.2494,2.118,1694858,3089x2048,ok,
2026-04-13T13:47:19.940752,aws,concurrency_500,dataset/medium_1.jpg,medium,319,1.0522,,,,error,"500, message='Internal Server Error', url='https://aum2n5vzc2.execute-api.us-east-1.amazonaws.com/Prod/process'"
2026-04-13T13:47:19.940757,aws,concurrency_500,dataset/medium_1.jpg,medium,320,2.4737,1.9316,1694858,3089x2048,ok,
2026-04-13T13:47:19.940761,aws,concurrency_500,dataset/medium_1.jpg,medium,321,2.5036,1.9517,1694858,3089x2048,ok,
2026-04-13T13:47:19.940765,aws,concurrency_500,dataset/medium_1.jpg,medium,322,2.601,2.0101,1694858,3089x2048,ok,
2026-04-13T13:47:19.940769,aws,concurrency_500,dataset/medium_1.jpg,medium,323,2.4973,1.9081,1694858,3089x2048,ok,
2026-04-13T13:47:19.940773,aws,concurrency_500,dataset/medium_1.jpg,medium,324,2.8148,2.1475,1694858,3089x2048,ok,
2026-04-13T13:47:19.940777,aws,concurrency_500,dataset/medium_1.jpg,medium,325,3.2643,2.1564,1694858,3089x2048,ok,
2026-04-13T13:47:19.940781,aws,concurrency_500,dataset/medium_1.jpg,medium,326,2.5226,1.9492,1694858,3089x2048,ok,
2026-04-13T13:47:19.940785,aws,concurrency_500,dataset/medium_1.jpg,medium,327,2.4758,1.8979,1694858,3089x2048,ok,
2026-04-13T13:47:19.940790,aws,concurrency_500,dataset/medium_1.jpg,medium,328,3.3266,2.1852,1694858,3089x2048,ok,
2026-04-13T13:47:19.940794,aws,concurrency_500,dataset/medium_1.jpg,medium,329,1.0416,,,,error,"500, message='Internal Server Error', url='https://aum2n5vzc2.execute-api.us-east-1.amazonaws.com/Prod/process'"
2026-04-13T13:47:19.940798,aws,concurrency_500,dataset/medium_1.jpg,medium,330,1.0748,,,,error,"500, message='Internal Server Error', url='https://aum2n5vzc2.execute-api.us-east-1.amazonaws.com/Prod/process'"
2026-04-13T13:47:19.940803,aws,concurrency_500,dataset/medium_1.jpg,medium,331,2.8265,2.1608,1694858,3089x2048,ok,
2026-04-13T13:47:19.940807,aws,concurrency_500,dataset/medium_1.jpg,medium,332,3.5676,2.4049,1694858,3089x2048,ok,
2026-04-13T13:47:19.940811,aws,concurrency_500,dataset/medium_1.jpg,medium,333,1.0406,,,,error,"500, message='Internal Server Error', url='https://aum2n5vzc2.execute-api.us-east-1.amazonaws.com/Prod/process'"
2026-04-13T13:47:19.940816,aws,concurrency_500,dataset/medium_1.jpg,medium,334,1.0354,,,,error,"500, message='Internal Server Error', url='https://aum2n5vzc2.execute-api.us-east-1.amazonaws.com/Prod/process'"
2026-04-13T13:47:19.940821,aws,concurrency_500,dataset/medium_1.jpg,medium,335,2.4686,1.9009,1694858,3089x2048,ok,
2026-04-13T13:47:19.940825,aws,concurrency_500,dataset/medium_1.jpg,medium,336,2.5131,1.9226,1694858,3089x2048,ok,
2026-04-13T13:47:19.940829,aws,concurrency_500,dataset/medium_1.jpg,medium,337,3.3204,2.2316,1694858,3089x2048,ok,
2026-04-13T13:47:19.940833,aws,concurrency_500,dataset/medium_1.jpg,medium,338,3.2593,2.1557,1694858,3089x2048,ok,
2026-04-13T13:47:19.940837,aws,concurrency_500,dataset/medium_1.jpg,medium,339,2.5628,1.9798,1694858,3089x2048,ok,
2026-04-13T13:47:19.940841,aws,concurrency_500,dataset/medium_1.jpg,medium,340,2.4596,1.8885,1694858,3089x2048,ok,
2026-04-13T13:47:19.940845,aws,concurrency_500,dataset/medium_1.jpg,medium,341,2.4664,1.8865,1694858,3089x2048,ok,
2026-04-13T13:47:19.940849,aws,concurrency_500,dataset/medium_1.jpg,medium,342,3.5843,2.4095,1694858,3089x2048,ok,
2026-04-13T13:47:19.940853,aws,concurrency_500,dataset/medium_1.jpg,medium,343,2.5272,1.881,1694858,3089x2048,ok,
2026-04-13T13:47:19.940857,aws,concurrency_500,dataset/medium_1.jpg,medium,344,2.5666,1.979,1694858,3089x2048,ok,
2026-04-13T13:47:19.940862,aws,concurrency_500,dataset/medium_1.jpg,medium,345,3.5712,2.4517,1694858,3089x2048,ok,
2026-04-13T13:47:19.940866,aws,concurrency_500,dataset/medium_1.jpg,medium,346,2.5523,1.9162,1694858,3089x2048,ok,
2026-04-13T13:47:19.940870,aws,concurrency_500,dataset/medium_1.jpg,medium,347,3.2293,2.1529,1694858,3089x2048,ok,
2026-04-13T13:47:19.940874,aws,concurrency_500,dataset/medium_1.jpg,medium,348,1.0646,,,,error,"500, message='Internal Server Error', url='https://aum2n5vzc2.execute-api.us-east-1.amazonaws.com/Prod/process'"
2026-04-13T13:47:19.940879,aws,concurrency_500,dataset/medium_1.jpg,medium,349,3.2383,2.1174,1694858,3089x2048,ok,
2026-04-13T13:47:19.940883,aws,concurrency_500,dataset/medium_1.jpg,medium,350,2.8778,2.2155,1694858,3089x2048,ok,
2026-04-13T13:47:19.940887,aws,concurrency_500,dataset/medium_1.jpg,medium,351,3.2745,2.1676,1694858,3089x2048,ok,
2026-04-13T13:47:19.940891,aws,concurrency_500,dataset/medium_1.jpg,medium,352,3.266,2.1303,1694858,3089x2048,ok,
2026-04-13T13:47:19.940895,aws,concurrency_500,dataset/medium_1.jpg,medium,353,1.0464,,,,error,"500, message='Internal Server Error', url='https://aum2n5vzc2.execute-api.us-east-1.amazonaws.com/Prod/process'"
2026-04-13T13:47:19.940900,aws,concurrency_500,dataset/medium_1.jpg,medium,354,2.5251,1.9562,1694858,3089x2048,ok,
2026-04-13T13:47:19.940904,aws,concurrency_500,dataset/medium_1.jpg,medium,355,2.8259,2.1919,1694858,3089x2048,ok,
2026-04-13T13:47:19.940908,aws,concurrency_500,dataset/medium_1.jpg,medium,356,2.4727,1.8825,1694858,3089x2048,ok,
2026-04-13T13:47:19.940912,aws,concurrency_500,dataset/medium_1.jpg,medium,357,2.8021,2.1541,1694858,3089x2048,ok,
2026-04-13T13:47:19.940916,aws,concurrency_500,dataset/medium_1.jpg,medium,358,2.5769,1.9417,1694858,3089x2048,ok,
2026-04-13T13:47:19.940920,aws,concurrency_500,dataset/medium_1.jpg,medium,359,2.5323,1.9647,1694858,3089x2048,ok,
2026-04-13T13:47:19.940924,aws,concurrency_500,dataset/medium_1.jpg,medium,360,2.8261,2.1583,1694858,3089x2048,ok,
2026-04-13T13:47:19.940928,aws,concurrency_500,dataset/medium_1.jpg,medium,361,3.223,2.1563,1694858,3089x2048,ok,
2026-04-13T13:47:19.940932,aws,concurrency_500,dataset/medium_1.jpg,medium,362,2.567,1.9859,1694858,3089x2048,ok,
2026-04-13T13:47:19.940936,aws,concurrency_500,dataset/medium_1.jpg,medium,363,3.2915,2.1758,1694858,3089x2048,ok,
2026-04-13T13:47:19.940941,aws,concurrency_500,dataset/medium_1.jpg,medium,364,3.3478,2.2094,1694858,3089x2048,ok,
2026-04-13T13:47:19.940945,aws,concurrency_500,dataset/medium_1.jpg,medium,365,2.8776,2.2146,1694858,3089x2048,ok,
2026-04-13T13:47:19.940949,aws,concurrency_500,dataset/medium_1.jpg,medium,366,2.4996,1.8792,1694858,3089x2048,ok,
2026-04-13T13:47:19.940958,aws,concurrency_500,dataset/medium_1.jpg,medium,367,2.5237,1.9557,1694858,3089x2048,ok,
2026-04-13T13:47:19.940963,aws,concurrency_500,dataset/medium_1.jpg,medium,368,2.8722,2.1951,1694858,3089x2048,ok,
2026-04-13T13:47:19.940967,aws,concurrency_500,dataset/medium_1.jpg,medium,369,3.2798,2.1566,1694858,3089x2048,ok,
2026-04-13T13:47:19.940971,aws,concurrency_500,dataset/medium_1.jpg,medium,370,1.0606,,,,error,"500, message='Internal Server Error', url='https://aum2n5vzc2.execute-api.us-east-1.amazonaws.com/Prod/process'"
2026-04-13T13:47:19.940976,aws,concurrency_500,dataset/medium_1.jpg,medium,371,2.8251,2.155,1694858,3089x2048,ok,
2026-04-13T13:47:19.940980,aws,concurrency_500,dataset/medium_1.jpg,medium,372,1.0645,,,,error,"500, message='Internal Server Error', url='https://aum2n5vzc2.execute-api.us-east-1.amazonaws.com/Prod/process'"
2026-04-13T13:47:19.940985,aws,concurrency_500,dataset/medium_1.jpg,medium,373,2.8188,2.1693,1694858,3089x2048,ok,
2026-04-13T13:47:19.940990,aws,concurrency_500,dataset/medium_1.jpg,medium,374,3.2387,2.1445,1694858,3089x2048,ok,
2026-04-13T13:47:19.940995,aws,concurrency_500,dataset/medium_1.jpg,medium,375,3.5786,2.4107,1694858,3089x2048,ok,
2026-04-13T13:47:19.940998,aws,concurrency_500,dataset/medium_1.jpg,medium,376,1.0532,,,,error,"500, message='Internal Server Error', url='https://aum2n5vzc2.execute-api.us-east-1.amazonaws.com/Prod/process'"
2026-04-13T13:47:19.941004,aws,concurrency_500,dataset/medium_1.jpg,medium,377,3.247,2.1523,1694858,3089x2048,ok,
2026-04-13T13:47:19.941008,aws,concurrency_500,dataset/medium_1.jpg,medium,378,3.3425,2.2125,1694858,3089x2048,ok,
2026-04-13T13:47:19.941012,aws,concurrency_500,dataset/medium_1.jpg,medium,379,2.8358,2.1517,1694858,3089x2048,ok,
2026-04-13T13:47:19.941016,aws,concurrency_500,dataset/medium_1.jpg,medium,380,3.2585,2.1376,1694858,3089x2048,ok,
2026-04-13T13:47:19.941020,aws,concurrency_500,dataset/medium_1.jpg,medium,381,2.8791,2.167,1694858,3089x2048,ok,
2026-04-13T13:47:19.941024,aws,concurrency_500,dataset/medium_1.jpg,medium,382,3.2579,2.156,1694858,3089x2048,ok,
2026-04-13T13:47:19.941028,aws,concurrency_500,dataset/medium_1.jpg,medium,383,3.6008,2.455,1694858,3089x2048,ok,
2026-04-13T13:47:19.941032,aws,concurrency_500,dataset/medium_1.jpg,medium,384,2.8705,2.1729,1694858,3089x2048,ok,
2026-04-13T13:47:19.941036,aws,concurrency_500,dataset/medium_1.jpg,medium,385,1.0397,,,,error,"500, message='Internal Server Error', url='https://aum2n5vzc2.execute-api.us-east-1.amazonaws.com/Prod/process'"
2026-04-13T13:47:19.941042,aws,concurrency_500,dataset/medium_1.jpg,medium,386,3.2775,2.1272,1694858,3089x2048,ok,
2026-04-13T13:47:19.941046,aws,concurrency_500,dataset/medium_1.jpg,medium,387,1.0454,,,,error,"500, message='Internal Server Error', url='https://aum2n5vzc2.execute-api.us-east-1.amazonaws.com/Prod/process'"
2026-04-13T13:47:19.941051,aws,concurrency_500,dataset/medium_1.jpg,medium,388,3.2321,2.097,1694858,3089x2048,ok,
2026-04-13T13:47:19.941055,aws,concurrency_500,dataset/medium_1.jpg,medium,389,3.5487,2.4029,1694858,3089x2048,ok,
2026-04-13T13:47:19.941060,aws,concurrency_500,dataset/medium_1.jpg,medium,390,1.039,,,,error,"500, message='Internal Server Error', url='https://aum2n5vzc2.execute-api.us-east-1.amazonaws.com/Prod/process'"
2026-04-13T13:47:19.941065,aws,concurrency_500,dataset/medium_1.jpg,medium,391,2.8477,2.1572,1694858,3089x2048,ok,
2026-04-13T13:47:19.941069,aws,concurrency_500,dataset/medium_1.jpg,medium,392,3.2647,2.138,1694858,3089x2048,ok,
2026-04-13T13:47:19.941073,aws,concurrency_500,dataset/medium_1.jpg,medium,393,3.5814,2.4192,1694858,3089x2048,ok,
2026-04-13T13:47:19.941077,aws,concurrency_500,dataset/medium_1.jpg,medium,394,1.0386,,,,error,"500, message='Internal Server Error', url='https://aum2n5vzc2.execute-api.us-east-1.amazonaws.com/Prod/process'"
2026-04-13T13:47:19.941082,aws,concurrency_500,dataset/medium_1.jpg,medium,395,2.8085,2.1525,1694858,3089x2048,ok,
2026-04-13T13:47:19.941086,aws,concurrency_500,dataset/medium_1.jpg,medium,396,3.3856,2.246,1694858,3089x2048,ok,
2026-04-13T13:47:19.941090,aws,concurrency_500,dataset/medium_1.jpg,medium,397,3.2653,2.1718,1694858,3089x2048,ok,
2026-04-13T13:47:19.941095,aws,concurrency_500,dataset/medium_1.jpg,medium,398,3.3026,2.1846,1694858,3089x2048,ok,
2026-04-13T13:47:19.941099,aws,concurrency_500,dataset/medium_1.jpg,medium,399,3.2222,2.0941,1694858,3089x2048,ok,
2026-04-13T13:47:19.941103,aws,concurrency_500,dataset/medium_1.jpg,medium,400,1.0457,,,,error,"500, message='Internal Server Error', url='https://aum2n5vzc2.execute-api.us-east-1.amazonaws.com/Prod/process'"
2026-04-13T13:47:19.941108,aws,concurrency_500,dataset/medium_1.jpg,medium,401,3.3109,2.163,1694858,3089x2048,ok,
2026-04-13T13:47:19.941112,aws,concurrency_500,dataset/medium_1.jpg,medium,402,3.3088,2.1641,1694858,3089x2048,ok,
2026-04-13T13:47:19.941116,aws,concurrency_500,dataset/medium_1.jpg,medium,403,2.8242,2.1337,1694858,3089x2048,ok,
2026-04-13T13:47:19.941120,aws,concurrency_500,dataset/medium_1.jpg,medium,404,2.8244,2.1273,1694858,3089x2048,ok,
2026-04-13T13:47:19.941125,aws,concurrency_500,dataset/medium_1.jpg,medium,405,3.3266,2.21,1694858,3089x2048,ok,
2026-04-13T13:47:19.941129,aws,concurrency_500,dataset/medium_1.jpg,medium,406,3.3105,2.1968,1694858,3089x2048,ok,
2026-04-13T13:47:19.941133,aws,concurrency_500,dataset/medium_1.jpg,medium,407,1.0509,,,,error,"500, message='Internal Server Error', url='https://aum2n5vzc2.execute-api.us-east-1.amazonaws.com/Prod/process'"
2026-04-13T13:47:19.941138,aws,concurrency_500,dataset/medium_1.jpg,medium,408,2.8903,2.1919,1694858,3089x2048,ok,
2026-04-13T13:47:19.941142,aws,concurrency_500,dataset/medium_1.jpg,medium,409,3.2793,2.1641,1694858,3089x2048,ok,
2026-04-13T13:47:19.941146,aws,concurrency_500,dataset/medium_1.jpg,medium,410,2.8901,2.2101,1694858,3089x2048,ok,
2026-04-13T13:47:19.941150,aws,concurrency_500,dataset/medium_1.jpg,medium,411,1.0482,,,,error,"500, message='Internal Server Error', url='https://aum2n5vzc2.execute-api.us-east-1.amazonaws.com/Prod/process'"
2026-04-13T13:47:19.941155,aws,concurrency_500,dataset/medium_1.jpg,medium,412,2.8383,2.1414,1694858,3089x2048,ok,
2026-04-13T13:47:19.941159,aws,concurrency_500,dataset/medium_1.jpg,medium,413,1.0536,,,,error,"500, message='Internal Server Error', url='https://aum2n5vzc2.execute-api.us-east-1.amazonaws.com/Prod/process'"
2026-04-13T13:47:19.941164,aws,concurrency_500,dataset/medium_1.jpg,medium,414,1.0612,,,,error,"500, message='Internal Server Error', url='https://aum2n5vzc2.execute-api.us-east-1.amazonaws.com/Prod/process'"
2026-04-13T13:47:19.941169,aws,concurrency_500,dataset/medium_1.jpg,medium,415,1.0325,,,,error,"500, message='Internal Server Error', url='https://aum2n5vzc2.execute-api.us-east-1.amazonaws.com/Prod/process'"
2026-04-13T13:47:19.941175,aws,concurrency_500,dataset/medium_1.jpg,medium,416,3.1953,2.0937,1694858,3089x2048,ok,
2026-04-13T13:47:19.941179,aws,concurrency_500,dataset/medium_1.jpg,medium,417,2.8468,2.1586,1694858,3089x2048,ok,
2026-04-13T13:47:19.941183,aws,concurrency_500,dataset/medium_1.jpg,medium,418,3.5536,2.3979,1694858,3089x2048,ok,
2026-04-13T13:47:19.941187,aws,concurrency_500,dataset/medium_1.jpg,medium,419,3.5477,2.3978,1694858,3089x2048,ok,
2026-04-13T13:47:19.941191,aws,concurrency_500,dataset/medium_1.jpg,medium,420,1.1077,,,,error,"500, message='Internal Server Error', url='https://aum2n5vzc2.execute-api.us-east-1.amazonaws.com/Prod/process'"
2026-04-13T13:47:19.941196,aws,concurrency_500,dataset/medium_1.jpg,medium,421,2.4941,1.952,1694858,3089x2048,ok,
2026-04-13T13:47:19.941200,aws,concurrency_500,dataset/medium_1.jpg,medium,422,2.5176,1.9601,1694858,3089x2048,ok,
2026-04-13T13:47:19.941204,aws,concurrency_500,dataset/medium_1.jpg,medium,423,2.5106,1.9193,1694858,3089x2048,ok,
2026-04-13T13:47:19.941209,aws,concurrency_500,dataset/medium_1.jpg,medium,424,2.8023,2.1525,1694858,3089x2048,ok,
2026-04-13T13:47:19.941213,aws,concurrency_500,dataset/medium_1.jpg,medium,425,2.4922,1.9779,1694858,3089x2048,ok,
2026-04-13T13:47:19.941221,aws,concurrency_500,dataset/medium_1.jpg,medium,426,2.4418,1.8671,1694858,3089x2048,ok,
2026-04-13T13:47:19.941226,aws,concurrency_500,dataset/medium_1.jpg,medium,427,3.3037,2.1815,1694858,3089x2048,ok,
2026-04-13T13:47:19.941231,aws,concurrency_500,dataset/medium_1.jpg,medium,428,3.2042,2.131,1694858,3089x2048,ok,
2026-04-13T13:47:19.941235,aws,concurrency_500,dataset/medium_1.jpg,medium,429,2.4953,1.9418,1694858,3089x2048,ok,
2026-04-13T13:47:19.941239,aws,concurrency_500,dataset/medium_1.jpg,medium,430,2.5245,1.9305,1694858,3089x2048,ok,
2026-04-13T13:47:19.941243,aws,concurrency_500,dataset/medium_1.jpg,medium,431,2.8409,2.1662,1694858,3089x2048,ok,
2026-04-13T13:47:19.941248,aws,concurrency_500,dataset/medium_1.jpg,medium,432,2.8853,2.2159,1694858,3089x2048,ok,
2026-04-13T13:47:19.941253,aws,concurrency_500,dataset/medium_1.jpg,medium,433,2.4813,1.9081,1694858,3089x2048,ok,
2026-04-13T13:47:19.941257,aws,concurrency_500,dataset/medium_1.jpg,medium,434,1.0629,,,,error,"500, message='Internal Server Error', url='https://aum2n5vzc2.execute-api.us-east-1.amazonaws.com/Prod/process'"
2026-04-13T13:47:19.941262,aws,concurrency_500,dataset/medium_1.jpg,medium,435,1.0479,,,,error,"500, message='Internal Server Error', url='https://aum2n5vzc2.execute-api.us-east-1.amazonaws.com/Prod/process'"
2026-04-13T13:47:19.941267,aws,concurrency_500,dataset/medium_1.jpg,medium,436,2.4698,1.9256,1694858,3089x2048,ok,
2026-04-13T13:47:19.941271,aws,concurrency_500,dataset/medium_1.jpg,medium,437,2.4633,1.9069,1694858,3089x2048,ok,
2026-04-13T13:47:19.941275,aws,concurrency_500,dataset/medium_1.jpg,medium,438,3.2302,2.1293,1694858,3089x2048,ok,
2026-04-13T13:47:19.941279,aws,concurrency_500,dataset/medium_1.jpg,medium,439,2.8254,2.1776,1694858,3089x2048,ok,
2026-04-13T13:47:19.941283,aws,concurrency_500,dataset/medium_1.jpg,medium,440,2.4789,1.9053,1694858,3089x2048,ok,
2026-04-13T13:47:19.941287,aws,concurrency_500,dataset/medium_1.jpg,medium,441,2.8228,2.1737,1694858,3089x2048,ok,
2026-04-13T13:47:19.941291,aws,concurrency_500,dataset/medium_1.jpg,medium,442,3.2034,2.1503,1694858,3089x2048,ok,
2026-04-13T13:47:19.941296,aws,concurrency_500,dataset/medium_1.jpg,medium,443,3.2944,2.1863,1694858,3089x2048,ok,
2026-04-13T13:47:19.941300,aws,concurrency_500,dataset/medium_1.jpg,medium,444,2.822,2.1487,1694858,3089x2048,ok,
2026-04-13T13:47:19.941304,aws,concurrency_500,dataset/medium_1.jpg,medium,445,2.8639,2.1948,1694858,3089x2048,ok,
2026-04-13T13:47:19.941308,aws,concurrency_500,dataset/medium_1.jpg,medium,446,2.8601,2.1753,1694858,3089x2048,ok,
2026-04-13T13:47:19.941312,aws,concurrency_500,dataset/medium_1.jpg,medium,447,3.3605,2.2279,1694858,3089x2048,ok,
2026-04-13T13:47:19.941317,aws,concurrency_500,dataset/medium_1.jpg,medium,448,3.2974,2.1609,1694858,3089x2048,ok,
2026-04-13T13:47:19.941321,aws,concurrency_500,dataset/medium_1.jpg,medium,449,3.2943,2.1771,1694858,3089x2048,ok,
2026-04-13T13:47:19.941325,aws,concurrency_500,dataset/medium_1.jpg,medium,450,3.0139,1.9062,1694858,3089x2048,ok,
2026-04-13T13:47:19.941329,aws,concurrency_500,dataset/medium_1.jpg,medium,451,2.7917,2.1332,1694858,3089x2048,ok,
2026-04-13T13:47:19.941334,aws,concurrency_500,dataset/medium_1.jpg,medium,452,3.2748,2.1536,1694858,3089x2048,ok,
2026-04-13T13:47:19.941338,aws,concurrency_500,dataset/medium_1.jpg,medium,453,3.5476,2.3847,1694858,3089x2048,ok,
2026-04-13T13:47:19.941342,aws,concurrency_500,dataset/medium_1.jpg,medium,454,1.0411,,,,error,"500, message='Internal Server Error', url='https://aum2n5vzc2.execute-api.us-east-1.amazonaws.com/Prod/process'"
2026-04-13T13:47:19.941347,aws,concurrency_500,dataset/medium_1.jpg,medium,455,1.0394,,,,error,"500, message='Internal Server Error', url='https://aum2n5vzc2.execute-api.us-east-1.amazonaws.com/Prod/process'"
2026-04-13T13:47:19.941351,aws,concurrency_500,dataset/medium_1.jpg,medium,456,3.3255,2.1864,1694858,3089x2048,ok,
2026-04-13T13:47:19.941356,aws,concurrency_500,dataset/medium_1.jpg,medium,457,2.8685,2.1531,1694858,3089x2048,ok,
2026-04-13T13:47:19.941360,aws,concurrency_500,dataset/medium_1.jpg,medium,458,3.3004,2.1625,1694858,3089x2048,ok,
2026-04-13T13:47:19.941364,aws,concurrency_500,dataset/medium_1.jpg,medium,459,3.2084,2.1267,1694858,3089x2048,ok,
2026-04-13T13:47:19.941369,aws,concurrency_500,dataset/medium_1.jpg,medium,460,2.8683,2.1907,1694858,3089x2048,ok,
2026-04-13T13:47:19.941373,aws,concurrency_500,dataset/medium_1.jpg,medium,461,1.0576,,,,error,"500, message='Internal Server Error', url='https://aum2n5vzc2.execute-api.us-east-1.amazonaws.com/Prod/process'"
2026-04-13T13:47:19.941378,aws,concurrency_500,dataset/medium_1.jpg,medium,462,3.3398,2.2045,1694858,3089x2048,ok,
2026-04-13T13:47:19.941382,aws,concurrency_500,dataset/medium_1.jpg,medium,463,3.6853,2.5291,1694858,3089x2048,ok,
2026-04-13T13:47:19.941386,aws,concurrency_500,dataset/medium_1.jpg,medium,464,2.8279,2.1256,1694858,3089x2048,ok,
2026-04-13T13:47:19.941391,aws,concurrency_500,dataset/medium_1.jpg,medium,465,3.2749,2.1858,1694858,3089x2048,ok,
2026-04-13T13:47:19.941395,aws,concurrency_500,dataset/medium_1.jpg,medium,466,1.0411,,,,error,"500, message='Internal Server Error', url='https://aum2n5vzc2.execute-api.us-east-1.amazonaws.com/Prod/process'"
2026-04-13T13:47:19.941400,aws,concurrency_500,dataset/medium_1.jpg,medium,467,1.0408,,,,error,"500, message='Internal Server Error', url='https://aum2n5vzc2.execute-api.us-east-1.amazonaws.com/Prod/process'"
2026-04-13T13:47:19.941405,aws,concurrency_500,dataset/medium_1.jpg,medium,468,3.6109,2.4454,1694858,3089x2048,ok,
2026-04-13T13:47:19.941409,aws,concurrency_500,dataset/medium_1.jpg,medium,469,1.0469,,,,error,"500, message='Internal Server Error', url='https://aum2n5vzc2.execute-api.us-east-1.amazonaws.com/Prod/process'"
2026-04-13T13:47:19.941415,aws,concurrency_500,dataset/medium_1.jpg,medium,470,3.3095,2.1863,1694858,3089x2048,ok,
2026-04-13T13:47:19.941419,aws,concurrency_500,dataset/medium_1.jpg,medium,471,3.2685,2.1634,1694858,3089x2048,ok,
2026-04-13T13:47:19.941423,aws,concurrency_500,dataset/medium_1.jpg,medium,472,1.2067,,,,error,"500, message='Internal Server Error', url='https://aum2n5vzc2.execute-api.us-east-1.amazonaws.com/Prod/process'"
2026-04-13T13:47:19.941428,aws,concurrency_500,dataset/medium_1.jpg,medium,473,3.2551,2.1522,1694858,3089x2048,ok,
2026-04-13T13:47:19.941432,aws,concurrency_500,dataset/medium_1.jpg,medium,474,2.8323,2.1521,1694858,3089x2048,ok,
2026-04-13T13:47:19.941436,aws,concurrency_500,dataset/medium_1.jpg,medium,475,3.2999,2.1915,1694858,3089x2048,ok,
2026-04-13T13:47:19.941440,aws,concurrency_500,dataset/medium_1.jpg,medium,476,3.2971,2.1704,1694858,3089x2048,ok,
2026-04-13T13:47:19.941445,aws,concurrency_500,dataset/medium_1.jpg,medium,477,3.1593,2.0504,1694858,3089x2048,ok,
2026-04-13T13:47:19.941449,aws,concurrency_500,dataset/medium_1.jpg,medium,478,3.2046,2.1303,1694858,3089x2048,ok,
2026-04-13T13:47:19.941453,aws,concurrency_500,dataset/medium_1.jpg,medium,479,3.2843,2.1825,1694858,3089x2048,ok,
2026-04-13T13:47:19.941457,aws,concurrency_500,dataset/medium_1.jpg,medium,480,1.0408,,,,error,"500, message='Internal Server Error', url='https://aum2n5vzc2.execute-api.us-east-1.amazonaws.com/Prod/process'"
2026-04-13T13:47:19.941462,aws,concurrency_500,dataset/medium_1.jpg,medium,481,1.043,,,,error,"500, message='Internal Server Error', url='https://aum2n5vzc2.execute-api.us-east-1.amazonaws.com/Prod/process'"
2026-04-13T13:47:19.941467,aws,concurrency_500,dataset/medium_1.jpg,medium,482,2.8522,2.1543,1694858,3089x2048,ok,
2026-04-13T13:47:19.941471,aws,concurrency_500,dataset/medium_1.jpg,medium,483,3.2702,2.1399,1694858,3089x2048,ok,
2026-04-13T13:47:19.941476,aws,concurrency_500,dataset/medium_1.jpg,medium,484,3.2724,2.1696,1694858,3089x2048,ok,
2026-04-13T13:47:19.941480,aws,concurrency_500,dataset/medium_1.jpg,medium,485,1.0602,,,,error,"500, message='Internal Server Error', url='https://aum2n5vzc2.execute-api.us-east-1.amazonaws.com/Prod/process'"
2026-04-13T13:47:19.941491,aws,concurrency_500,dataset/medium_1.jpg,medium,486,3.342,2.2205,1694858,3089x2048,ok,
2026-04-13T13:47:19.941496,aws,concurrency_500,dataset/medium_1.jpg,medium,487,2.8829,2.1685,1694858,3089x2048,ok,
2026-04-13T13:47:19.941500,aws,concurrency_500,dataset/medium_1.jpg,medium,488,3.3974,2.1776,1694858,3089x2048,ok,
2026-04-13T13:47:19.941504,aws,concurrency_500,dataset/medium_1.jpg,medium,489,1.049,,,,error,"500, message='Internal Server Error', url='https://aum2n5vzc2.execute-api.us-east-1.amazonaws.com/Prod/process'"
2026-04-13T13:47:19.941509,aws,concurrency_500,dataset/medium_1.jpg,medium,490,1.0524,,,,error,"500, message='Internal Server Error', url='https://aum2n5vzc2.execute-api.us-east-1.amazonaws.com/Prod/process'"
2026-04-13T13:47:19.941514,aws,concurrency_500,dataset/medium_1.jpg,medium,491,2.8769,2.1499,1694858,3089x2048,ok,
2026-04-13T13:47:19.941519,aws,concurrency_500,dataset/medium_1.jpg,medium,492,2.8639,2.1096,1694858,3089x2048,ok,
2026-04-13T13:47:19.941523,aws,concurrency_500,dataset/medium_1.jpg,medium,493,3.2503,2.1239,1694858,3089x2048,ok,
2026-04-13T13:47:19.941528,aws,concurrency_500,dataset/medium_1.jpg,medium,494,3.3329,2.2003,1694858,3089x2048,ok,
2026-04-13T13:47:19.941532,aws,concurrency_500,dataset/medium_1.jpg,medium,495,3.3523,2.2592,1694858,3089x2048,ok,
2026-04-13T13:47:19.941537,aws,concurrency_500,dataset/medium_1.jpg,medium,496,3.3076,2.1597,1694858,3089x2048,ok,
2026-04-13T13:47:19.941541,aws,concurrency_500,dataset/medium_1.jpg,medium,497,3.2939,2.2034,1694858,3089x2048,ok,
2026-04-13T13:47:19.941545,aws,concurrency_500,dataset/medium_1.jpg,medium,498,3.2936,2.1639,1694858,3089x2048,ok,
2026-04-13T13:47:19.941549,aws,concurrency_500,dataset/medium_1.jpg,medium,499,3.305,2.2078,1694858,3089x2048,ok,
2026-04-13T13:47:19.941554,aws,concurrency_500,dataset/medium_1.jpg,medium,500,3.4039,2.2238,1694858,3089x2048,ok,
2026-04-13T13:47:28.034160,aws,concurrency_50,dataset/large_1.jpg,large,1,7.4246,6.8635,6594243,5616x3744,ok,
2026-04-13T13:47:28.034211,aws,concurrency_50,dataset/large_1.jpg,large,2,7.525,6.9817,6594243,5616x3744,ok,
2026-04-13T13:47:28.034222,aws,concurrency_50,dataset/large_1.jpg,large,3,7.5085,6.9548,6594243,5616x3744,ok,
2026-04-13T13:47:28.034230,aws,concurrency_50,dataset/large_1.jpg,large,4,7.6502,7.0866,6594243,5616x3744,ok,
2026-04-13T13:47:28.034237,aws,concurrency_50,dataset/large_1.jpg,large,5,7.7273,7.1931,6594243,5616x3744,ok,
2026-04-13T13:47:28.034246,aws,concurrency_50,dataset/large_1.jpg,large,6,7.7153,7.1635,6594243,5616x3744,ok,
2026-04-13T13:47:28.034254,aws,concurrency_50,dataset/large_1.jpg,large,7,7.5775,6.998,6594243,5616x3744,ok,
2026-04-13T13:47:28.034261,aws,concurrency_50,dataset/large_1.jpg,large,8,7.6314,7.0661,6594243,5616x3744,ok,
2026-04-13T13:47:28.034268,aws,concurrency_50,dataset/large_1.jpg,large,9,7.7323,7.1585,6594243,5616x3744,ok,
2026-04-13T13:47:28.034282,aws,concurrency_50,dataset/large_1.jpg,large,10,7.5663,7.0058,6594243,5616x3744,ok,
2026-04-13T13:47:28.034292,aws,concurrency_50,dataset/large_1.jpg,large,11,7.5364,6.9762,6594243,5616x3744,ok,
2026-04-13T13:47:28.034300,aws,concurrency_50,dataset/large_1.jpg,large,12,7.5755,7.0485,6594243,5616x3744,ok,
2026-04-13T13:47:28.034308,aws,concurrency_50,dataset/large_1.jpg,large,13,7.5851,7.0561,6594243,5616x3744,ok,
2026-04-13T13:47:28.034317,aws,concurrency_50,dataset/large_1.jpg,large,14,7.7423,7.0662,6594243,5616x3744,ok,
2026-04-13T13:47:28.034325,aws,concurrency_50,dataset/large_1.jpg,large,15,7.4665,6.9181,6594243,5616x3744,ok,
2026-04-13T13:47:28.034332,aws,concurrency_50,dataset/large_1.jpg,large,16,7.5107,6.961,6594243,5616x3744,ok,
2026-04-13T13:47:28.034339,aws,concurrency_50,dataset/large_1.jpg,large,17,7.4307,6.8665,6594243,5616x3744,ok,
2026-04-13T13:47:28.034348,aws,concurrency_50,dataset/large_1.jpg,large,18,7.432,6.8739,6594243,5616x3744,ok,
2026-04-13T13:47:28.034355,aws,concurrency_50,dataset/large_1.jpg,large,19,7.6184,7.0544,6594243,5616x3744,ok,
2026-04-13T13:47:28.034363,aws,concurrency_50,dataset/large_1.jpg,large,20,7.6024,7.0718,6594243,5616x3744,ok,
2026-04-13T13:47:28.034372,aws,concurrency_50,dataset/large_1.jpg,large,21,7.7423,7.1247,6594243,5616x3744,ok,
2026-04-13T13:47:28.034380,aws,concurrency_50,dataset/large_1.jpg,large,22,7.4534,6.9011,6594243,5616x3744,ok,
2026-04-13T13:47:28.034388,aws,concurrency_50,dataset/large_1.jpg,large,23,7.6284,7.0953,6594243,5616x3744,ok,
2026-04-13T13:47:28.034395,aws,concurrency_50,dataset/large_1.jpg,large,24,7.4902,6.9413,6594243,5616x3744,ok,
2026-04-13T13:47:28.034402,aws,concurrency_50,dataset/large_1.jpg,large,25,7.57,6.9998,6594243,5616x3744,ok,
2026-04-13T13:47:28.034410,aws,concurrency_50,dataset/large_1.jpg,large,26,7.7441,7.1821,6594243,5616x3744,ok,
2026-04-13T13:47:28.034417,aws,concurrency_50,dataset/large_1.jpg,large,27,7.7018,7.1577,6594243,5616x3744,ok,
2026-04-13T13:47:28.034426,aws,concurrency_50,dataset/large_1.jpg,large,28,7.6348,7.0934,6594243,5616x3744,ok,
2026-04-13T13:47:28.034434,aws,concurrency_50,dataset/large_1.jpg,large,29,7.5509,7.01,6594243,5616x3744,ok,
2026-04-13T13:47:28.034442,aws,concurrency_50,dataset/large_1.jpg,large,30,7.4953,6.9522,6594243,5616x3744,ok,
2026-04-13T13:47:28.034451,aws,concurrency_50,dataset/large_1.jpg,large,31,7.7605,7.2007,6594243,5616x3744,ok,
2026-04-13T13:47:28.034459,aws,concurrency_50,dataset/large_1.jpg,large,32,7.3849,6.8135,6594243,5616x3744,ok,
2026-04-13T13:47:28.034466,aws,concurrency_50,dataset/large_1.jpg,large,33,7.6911,7.1193,6594243,5616x3744,ok,
2026-04-13T13:47:28.034473,aws,concurrency_50,dataset/large_1.jpg,large,34,7.4856,6.9028,6594243,5616x3744,ok,
2026-04-13T13:47:28.034480,aws,concurrency_50,dataset/large_1.jpg,large,35,7.4806,6.9255,6594243,5616x3744,ok,
2026-04-13T13:47:28.034487,aws,concurrency_50,dataset/large_1.jpg,large,36,7.5489,7.0068,6594243,5616x3744,ok,
2026-04-13T13:47:28.034495,aws,concurrency_50,dataset/large_1.jpg,large,37,7.5508,6.9977,6594243,5616x3744,ok,
2026-04-13T13:47:28.034502,aws,concurrency_50,dataset/large_1.jpg,large,38,7.7389,7.1068,6594243,5616x3744,ok,
2026-04-13T13:47:28.034510,aws,concurrency_50,dataset/large_1.jpg,large,39,7.6305,7.0616,6594243,5616x3744,ok,
2026-04-13T13:47:28.034517,aws,concurrency_50,dataset/large_1.jpg,large,40,7.6721,7.139,6594243,5616x3744,ok,
2026-04-13T13:47:28.034525,aws,concurrency_50,dataset/large_1.jpg,large,41,7.4288,6.8944,6594243,5616x3744,ok,
2026-04-13T13:47:28.034534,aws,concurrency_50,dataset/large_1.jpg,large,42,8.023,7.0548,6594243,5616x3744,ok,
2026-04-13T13:47:28.034541,aws,concurrency_50,dataset/large_1.jpg,large,43,7.6597,7.1267,6594243,5616x3744,ok,
2026-04-13T13:47:28.034549,aws,concurrency_50,dataset/large_1.jpg,large,44,7.5959,7.0577,6594243,5616x3744,ok,
2026-04-13T13:47:28.034556,aws,concurrency_50,dataset/large_1.jpg,large,45,7.6738,7.1337,6594243,5616x3744,ok,
2026-04-13T13:47:28.034565,aws,concurrency_50,dataset/large_1.jpg,large,46,7.6164,6.9802,6594243,5616x3744,ok,
2026-04-13T13:47:28.034574,aws,concurrency_50,dataset/large_1.jpg,large,47,8.0817,7.1004,6594243,5616x3744,ok,
2026-04-13T13:47:28.034581,aws,concurrency_50,dataset/large_1.jpg,large,48,7.6091,7.0731,6594243,5616x3744,ok,
2026-04-13T13:47:28.034588,aws,concurrency_50,dataset/large_1.jpg,large,49,7.5988,7.0434,6594243,5616x3744,ok,
2026-04-13T13:47:28.034598,aws,concurrency_50,dataset/large_1.jpg,large,50,7.4099,6.8598,6594243,5616x3744,ok,
2026-04-13T13:47:36.362012,aws,concurrency_100,dataset/large_1.jpg,large,1,8.2401,7.058,6594243,5616x3744,ok,
2026-04-13T13:47:36.362071,aws,concurrency_100,dataset/large_1.jpg,large,2,8.1092,6.9161,6594243,5616x3744,ok,
2026-04-13T13:47:36.362085,aws,concurrency_100,dataset/large_1.jpg,large,3,7.2442,6.5165,6594243,5616x3744,ok,
2026-04-13T13:47:36.362094,aws,concurrency_100,dataset/large_1.jpg,large,4,7.2626,6.516,6594243,5616x3744,ok,
2026-04-13T13:47:36.362104,aws,concurrency_100,dataset/large_1.jpg,large,5,7.3034,6.5812,6594243,5616x3744,ok,
2026-04-13T13:47:36.362451,aws,concurrency_100,dataset/large_1.jpg,large,6,8.2371,7.0638,6594243,5616x3744,ok,
2026-04-13T13:47:36.362463,aws,concurrency_100,dataset/large_1.jpg,large,7,7.2973,6.5774,6594243,5616x3744,ok,
2026-04-13T13:47:36.362472,aws,concurrency_100,dataset/large_1.jpg,large,8,7.2661,6.5206,6594243,5616x3744,ok,
2026-04-13T13:47:36.362480,aws,concurrency_100,dataset/large_1.jpg,large,9,7.1915,6.4408,6594243,5616x3744,ok,
2026-04-13T13:47:36.362489,aws,concurrency_100,dataset/large_1.jpg,large,10,8.2869,6.9668,6594243,5616x3744,ok,
2026-04-13T13:47:36.362497,aws,concurrency_100,dataset/large_1.jpg,large,11,8.3093,7.0175,6594243,5616x3744,ok,
2026-04-13T13:47:36.362506,aws,concurrency_100,dataset/large_1.jpg,large,12,8.1269,6.9438,6594243,5616x3744,ok,
2026-04-13T13:47:36.362514,aws,concurrency_100,dataset/large_1.jpg,large,13,8.1908,6.9973,6594243,5616x3744,ok,
2026-04-13T13:47:36.362522,aws,concurrency_100,dataset/large_1.jpg,large,14,7.1172,6.3436,6594243,5616x3744,ok,
2026-04-13T13:47:36.362531,aws,concurrency_100,dataset/large_1.jpg,large,15,7.1936,6.4398,6594243,5616x3744,ok,
2026-04-13T13:47:36.362539,aws,concurrency_100,dataset/large_1.jpg,large,16,7.1996,6.4864,6594243,5616x3744,ok,
2026-04-13T13:47:36.362548,aws,concurrency_100,dataset/large_1.jpg,large,17,7.1197,6.4232,6594243,5616x3744,ok,
2026-04-13T13:47:36.362556,aws,concurrency_100,dataset/large_1.jpg,large,18,8.2645,7.0793,6594243,5616x3744,ok,
2026-04-13T13:47:36.362564,aws,concurrency_100,dataset/large_1.jpg,large,19,8.1387,6.9186,6594243,5616x3744,ok,
2026-04-13T13:47:36.362573,aws,concurrency_100,dataset/large_1.jpg,large,20,8.1021,6.9145,6594243,5616x3744,ok,
2026-04-13T13:47:36.362581,aws,concurrency_100,dataset/large_1.jpg,large,21,8.1416,6.9387,6594243,5616x3744,ok,
2026-04-13T13:47:36.362590,aws,concurrency_100,dataset/large_1.jpg,large,22,7.1956,6.4349,6594243,5616x3744,ok,
2026-04-13T13:47:36.362598,aws,concurrency_100,dataset/large_1.jpg,large,23,8.1209,6.9418,6594243,5616x3744,ok,
2026-04-13T13:47:36.362607,aws,concurrency_100,dataset/large_1.jpg,large,24,8.2969,7.0459,6594243,5616x3744,ok,
2026-04-13T13:47:36.362615,aws,concurrency_100,dataset/large_1.jpg,large,25,8.0266,6.8634,6594243,5616x3744,ok,
2026-04-13T13:47:36.362623,aws,concurrency_100,dataset/large_1.jpg,large,26,7.2648,6.5023,6594243,5616x3744,ok,
2026-04-13T13:47:36.362632,aws,concurrency_100,dataset/large_1.jpg,large,27,8.2303,7.0395,6594243,5616x3744,ok,
2026-04-13T13:47:36.362640,aws,concurrency_100,dataset/large_1.jpg,large,28,7.3618,6.201,6594243,5616x3744,ok,
2026-04-13T13:47:36.362648,aws,concurrency_100,dataset/large_1.jpg,large,29,8.1633,6.9816,6594243,5616x3744,ok,
2026-04-13T13:47:36.362657,aws,concurrency_100,dataset/large_1.jpg,large,30,7.1932,6.5053,6594243,5616x3744,ok,
2026-04-13T13:47:36.362665,aws,concurrency_100,dataset/large_1.jpg,large,31,7.2645,6.4996,6594243,5616x3744,ok,
2026-04-13T13:47:36.362681,aws,concurrency_100,dataset/large_1.jpg,large,32,7.233,6.4758,6594243,5616x3744,ok,
2026-04-13T13:47:36.362690,aws,concurrency_100,dataset/large_1.jpg,large,33,8.2287,7.0443,6594243,5616x3744,ok,
2026-04-13T13:47:36.362698,aws,concurrency_100,dataset/large_1.jpg,large,34,8.1845,7.0213,6594243,5616x3744,ok,
2026-04-13T13:47:36.362707,aws,concurrency_100,dataset/large_1.jpg,large,35,8.1797,6.9958,6594243,5616x3744,ok,
2026-04-13T13:47:36.362715,aws,concurrency_100,dataset/large_1.jpg,large,36,7.0545,6.2943,6594243,5616x3744,ok,
2026-04-13T13:47:36.362724,aws,concurrency_100,dataset/large_1.jpg,large,37,7.1114,6.3798,6594243,5616x3744,ok,
2026-04-13T13:47:36.362733,aws,concurrency_100,dataset/large_1.jpg,large,38,7.2626,6.4592,6594243,5616x3744,ok,
2026-04-13T13:47:36.362741,aws,concurrency_100,dataset/large_1.jpg,large,39,8.2265,7.0209,6594243,5616x3744,ok,
2026-04-13T13:47:36.362750,aws,concurrency_100,dataset/large_1.jpg,large,40,7.1255,6.3535,6594243,5616x3744,ok,
2026-04-13T13:47:36.362759,aws,concurrency_100,dataset/large_1.jpg,large,41,7.2948,6.5617,6594243,5616x3744,ok,
2026-04-13T13:47:36.362767,aws,concurrency_100,dataset/large_1.jpg,large,42,7.2029,6.4611,6594243,5616x3744,ok,
2026-04-13T13:47:36.362776,aws,concurrency_100,dataset/large_1.jpg,large,43,8.179,7.0357,6594243,5616x3744,ok,
2026-04-13T13:47:36.362784,aws,concurrency_100,dataset/large_1.jpg,large,44,8.2626,7.1175,6594243,5616x3744,ok,
2026-04-13T13:47:36.362793,aws,concurrency_100,dataset/large_1.jpg,large,45,7.3062,6.5631,6594243,5616x3744,ok,
2026-04-13T13:47:36.362801,aws,concurrency_100,dataset/large_1.jpg,large,46,8.3011,7.1177,6594243,5616x3744,ok,
2026-04-13T13:47:36.362820,aws,concurrency_100,dataset/large_1.jpg,large,47,7.2495,6.5198,6594243,5616x3744,ok,
2026-04-13T13:47:36.362829,aws,concurrency_100,dataset/large_1.jpg,large,48,7.1159,6.3628,6594243,5616x3744,ok,
2026-04-13T13:47:36.362839,aws,concurrency_100,dataset/large_1.jpg,large,49,8.1874,6.9913,6594243,5616x3744,ok,
2026-04-13T13:47:36.362848,aws,concurrency_100,dataset/large_1.jpg,large,50,7.1164,6.3795,6594243,5616x3744,ok,
2026-04-13T13:47:36.362858,aws,concurrency_100,dataset/large_1.jpg,large,51,7.222,6.421,6594243,5616x3744,ok,
2026-04-13T13:47:36.362868,aws,concurrency_100,dataset/large_1.jpg,large,52,8.2025,7.0142,6594243,5616x3744,ok,
2026-04-13T13:47:36.362876,aws,concurrency_100,dataset/large_1.jpg,large,53,7.2594,6.5168,6594243,5616x3744,ok,
2026-04-13T13:47:36.362886,aws,concurrency_100,dataset/large_1.jpg,large,54,7.2662,6.5015,6594243,5616x3744,ok,
2026-04-13T13:47:36.363030,aws,concurrency_100,dataset/large_1.jpg,large,55,8.2846,7.097,6594243,5616x3744,ok,
2026-04-13T13:47:36.363050,aws,concurrency_100,dataset/large_1.jpg,large,56,7.3441,6.6025,6594243,5616x3744,ok,
2026-04-13T13:47:36.363060,aws,concurrency_100,dataset/large_1.jpg,large,57,7.3582,6.6221,6594243,5616x3744,ok,
2026-04-13T13:47:36.363070,aws,concurrency_100,dataset/large_1.jpg,large,58,7.3617,6.5984,6594243,5616x3744,ok,
2026-04-13T13:47:36.363080,aws,concurrency_100,dataset/large_1.jpg,large,59,8.2421,7.0382,6594243,5616x3744,ok,
2026-04-13T13:47:36.363091,aws,concurrency_100,dataset/large_1.jpg,large,60,8.0313,6.9173,6594243,5616x3744,ok,
2026-04-13T13:47:36.363100,aws,concurrency_100,dataset/large_1.jpg,large,61,8.3034,7.1,6594243,5616x3744,ok,
2026-04-13T13:47:36.363109,aws,concurrency_100,dataset/large_1.jpg,large,62,7.3331,6.5984,6594243,5616x3744,ok,
2026-04-13T13:47:36.363118,aws,concurrency_100,dataset/large_1.jpg,large,63,7.348,6.6158,6594243,5616x3744,ok,
2026-04-13T13:47:36.363126,aws,concurrency_100,dataset/large_1.jpg,large,64,8.0592,6.8967,6594243,5616x3744,ok,
2026-04-13T13:47:36.363135,aws,concurrency_100,dataset/large_1.jpg,large,65,8.1784,6.9833,6594243,5616x3744,ok,
2026-04-13T13:47:36.363143,aws,concurrency_100,dataset/large_1.jpg,large,66,8.1835,6.9793,6594243,5616x3744,ok,
2026-04-13T13:47:36.363152,aws,concurrency_100,dataset/large_1.jpg,large,67,7.3185,6.5629,6594243,5616x3744,ok,
2026-04-13T13:47:36.363161,aws,concurrency_100,dataset/large_1.jpg,large,68,8.0682,6.8819,6594243,5616x3744,ok,
2026-04-13T13:47:36.363169,aws,concurrency_100,dataset/large_1.jpg,large,69,7.3295,6.6011,6594243,5616x3744,ok,
2026-04-13T13:47:36.363178,aws,concurrency_100,dataset/large_1.jpg,large,70,8.2021,7.0373,6594243,5616x3744,ok,
2026-04-13T13:47:36.363186,aws,concurrency_100,dataset/large_1.jpg,large,71,8.3107,7.097,6594243,5616x3744,ok,
2026-04-13T13:47:36.363195,aws,concurrency_100,dataset/large_1.jpg,large,72,7.2543,6.5233,6594243,5616x3744,ok,
2026-04-13T13:47:36.363203,aws,concurrency_100,dataset/large_1.jpg,large,73,7.37,6.6169,6594243,5616x3744,ok,
2026-04-13T13:47:36.363211,aws,concurrency_100,dataset/large_1.jpg,large,74,7.3049,6.5781,6594243,5616x3744,ok,
2026-04-13T13:47:36.363220,aws,concurrency_100,dataset/large_1.jpg,large,75,7.2783,6.5293,6594243,5616x3744,ok,
2026-04-13T13:47:36.363228,aws,concurrency_100,dataset/large_1.jpg,large,76,7.3594,6.6163,6594243,5616x3744,ok,
2026-04-13T13:47:36.363237,aws,concurrency_100,dataset/large_1.jpg,large,77,8.1824,6.9966,6594243,5616x3744,ok,
2026-04-13T13:47:36.363291,aws,concurrency_100,dataset/large_1.jpg,large,78,7.3664,6.5988,6594243,5616x3744,ok,
2026-04-13T13:47:36.363302,aws,concurrency_100,dataset/large_1.jpg,large,79,8.159,6.9167,6594243,5616x3744,ok,
2026-04-13T13:47:36.363311,aws,concurrency_100,dataset/large_1.jpg,large,80,8.1364,6.9364,6594243,5616x3744,ok,
2026-04-13T13:47:36.363320,aws,concurrency_100,dataset/large_1.jpg,large,81,7.1721,6.3982,6594243,5616x3744,ok,
2026-04-13T13:47:36.363328,aws,concurrency_100,dataset/large_1.jpg,large,82,8.1526,6.9598,6594243,5616x3744,ok,
2026-04-13T13:47:36.363337,aws,concurrency_100,dataset/large_1.jpg,large,83,8.2863,7.1011,6594243,5616x3744,ok,
2026-04-13T13:47:36.363346,aws,concurrency_100,dataset/large_1.jpg,large,84,7.1675,6.4008,6594243,5616x3744,ok,
2026-04-13T13:47:36.363354,aws,concurrency_100,dataset/large_1.jpg,large,85,8.2124,7.001,6594243,5616x3744,ok,
2026-04-13T13:47:36.363362,aws,concurrency_100,dataset/large_1.jpg,large,86,8.0863,6.9212,6594243,5616x3744,ok,
2026-04-13T13:47:36.363371,aws,concurrency_100,dataset/large_1.jpg,large,87,8.1267,6.9348,6594243,5616x3744,ok,
2026-04-13T13:47:36.363379,aws,concurrency_100,dataset/large_1.jpg,large,88,8.142,6.9379,6594243,5616x3744,ok,
2026-04-13T13:47:36.363387,aws,concurrency_100,dataset/large_1.jpg,large,89,8.3074,7.0985,6594243,5616x3744,ok,
2026-04-13T13:47:36.363396,aws,concurrency_100,dataset/large_1.jpg,large,90,7.207,6.4437,6594243,5616x3744,ok,
2026-04-13T13:47:36.363404,aws,concurrency_100,dataset/large_1.jpg,large,91,8.2498,7.0595,6594243,5616x3744,ok,
2026-04-13T13:47:36.363412,aws,concurrency_100,dataset/large_1.jpg,large,92,7.1054,6.3587,6594243,5616x3744,ok,
2026-04-13T13:47:36.363423,aws,concurrency_100,dataset/large_1.jpg,large,93,7.1221,6.3786,6594243,5616x3744,ok,
2026-04-13T13:47:36.363433,aws,concurrency_100,dataset/large_1.jpg,large,94,7.2453,6.5043,6594243,5616x3744,ok,
2026-04-13T13:47:36.363444,aws,concurrency_100,dataset/large_1.jpg,large,95,7.1439,6.4091,6594243,5616x3744,ok,
2026-04-13T13:47:36.363454,aws,concurrency_100,dataset/large_1.jpg,large,96,8.1122,6.9326,6594243,5616x3744,ok,
2026-04-13T13:47:36.363463,aws,concurrency_100,dataset/large_1.jpg,large,97,7.2182,6.4795,6594243,5616x3744,ok,
2026-04-13T13:47:36.363471,aws,concurrency_100,dataset/large_1.jpg,large,98,8.1197,6.9216,6594243,5616x3744,ok,
2026-04-13T13:47:36.363480,aws,concurrency_100,dataset/large_1.jpg,large,99,8.1514,6.9937,6594243,5616x3744,ok,
2026-04-13T13:47:36.363488,aws,concurrency_100,dataset/large_1.jpg,large,100,7.1417,6.3799,6594243,5616x3744,ok,
2026-04-13T13:47:45.042381,aws,concurrency_500,dataset/large_1.jpg,large,1,1.1234,,,,error,"500, message='Internal Server Error', url='https://aum2n5vzc2.execute-api.us-east-1.amazonaws.com/Prod/process'"
2026-04-13T13:47:45.042413,aws,concurrency_500,dataset/large_1.jpg,large,2,7.6397,6.8781,6594243,5616x3744,ok,
2026-04-13T13:47:45.042420,aws,concurrency_500,dataset/large_1.jpg,large,3,8.324,7.1034,6594243,5616x3744,ok,
2026-04-13T13:47:45.042426,aws,concurrency_500,dataset/large_1.jpg,large,4,7.6904,6.9534,6594243,5616x3744,ok,
2026-04-13T13:47:45.042430,aws,concurrency_500,dataset/large_1.jpg,large,5,7.6887,6.9031,6594243,5616x3744,ok,
2026-04-13T13:47:45.042435,aws,concurrency_500,dataset/large_1.jpg,large,6,7.7306,6.9546,6594243,5616x3744,ok,
2026-04-13T13:47:45.042440,aws,concurrency_500,dataset/large_1.jpg,large,7,1.0765,,,,error,"500, message='Internal Server Error', url='https://aum2n5vzc2.execute-api.us-east-1.amazonaws.com/Prod/process'"
2026-04-13T13:47:45.042445,aws,concurrency_500,dataset/large_1.jpg,large,8,1.0725,,,,error,"500, message='Internal Server Error', url='https://aum2n5vzc2.execute-api.us-east-1.amazonaws.com/Prod/process'"
2026-04-13T13:47:45.042450,aws,concurrency_500,dataset/large_1.jpg,large,9,1.0669,,,,error,"500, message='Internal Server Error', url='https://aum2n5vzc2.execute-api.us-east-1.amazonaws.com/Prod/process'"
2026-04-13T13:47:45.042456,aws,concurrency_500,dataset/large_1.jpg,large,10,1.0686,,,,error,"500, message='Internal Server Error', url='https://aum2n5vzc2.execute-api.us-east-1.amazonaws.com/Prod/process'"
2026-04-13T13:47:45.042461,aws,concurrency_500,dataset/large_1.jpg,large,11,7.682,6.9226,6594243,5616x3744,ok,
2026-04-13T13:47:45.042465,aws,concurrency_500,dataset/large_1.jpg,large,12,1.0706,,,,error,"500, message='Internal Server Error', url='https://aum2n5vzc2.execute-api.us-east-1.amazonaws.com/Prod/process'"
2026-04-13T13:47:45.042470,aws,concurrency_500,dataset/large_1.jpg,large,13,7.1468,6.394,6594243,5616x3744,ok,
2026-04-13T13:47:45.042475,aws,concurrency_500,dataset/large_1.jpg,large,14,7.6103,6.8809,6594243,5616x3744,ok,
2026-04-13T13:47:45.042479,aws,concurrency_500,dataset/large_1.jpg,large,15,8.0646,6.8591,6594243,5616x3744,ok,
2026-04-13T13:47:45.042484,aws,concurrency_500,dataset/large_1.jpg,large,16,8.1709,6.9475,6594243,5616x3744,ok,
2026-04-13T13:47:45.042488,aws,concurrency_500,dataset/large_1.jpg,large,17,1.0654,,,,error,"500, message='Internal Server Error', url='https://aum2n5vzc2.execute-api.us-east-1.amazonaws.com/Prod/process'"
2026-04-13T13:47:45.042493,aws,concurrency_500,dataset/large_1.jpg,large,18,7.6815,6.9116,6594243,5616x3744,ok,
2026-04-13T13:47:45.042498,aws,concurrency_500,dataset/large_1.jpg,large,19,7.7449,6.9579,6594243,5616x3744,ok,
2026-04-13T13:47:45.042502,aws,concurrency_500,dataset/large_1.jpg,large,20,8.1664,6.973,6594243,5616x3744,ok,
2026-04-13T13:47:45.042506,aws,concurrency_500,dataset/large_1.jpg,large,21,8.0568,6.8417,6594243,5616x3744,ok,
2026-04-13T13:47:45.042510,aws,concurrency_500,dataset/large_1.jpg,large,22,8.2574,7.0498,6594243,5616x3744,ok,
2026-04-13T13:47:45.042515,aws,concurrency_500,dataset/large_1.jpg,large,23,1.0718,,,,error,"500, message='Internal Server Error', url='https://aum2n5vzc2.execute-api.us-east-1.amazonaws.com/Prod/process'"
2026-04-13T13:47:45.042520,aws,concurrency_500,dataset/large_1.jpg,large,24,8.1399,6.9567,6594243,5616x3744,ok,
2026-04-13T13:47:45.042524,aws,concurrency_500,dataset/large_1.jpg,large,25,7.1705,6.4798,6594243,5616x3744,ok,
2026-04-13T13:47:45.042528,aws,concurrency_500,dataset/large_1.jpg,large,26,8.263,6.9835,6594243,5616x3744,ok,
2026-04-13T13:47:45.042533,aws,concurrency_500,dataset/large_1.jpg,large,27,1.0794,,,,error,"500, message='Internal Server Error', url='https://aum2n5vzc2.execute-api.us-east-1.amazonaws.com/Prod/process'"
2026-04-13T13:47:45.042538,aws,concurrency_500,dataset/large_1.jpg,large,28,8.2325,6.9764,6594243,5616x3744,ok,
2026-04-13T13:47:45.042542,aws,concurrency_500,dataset/large_1.jpg,large,29,8.2103,6.978,6594243,5616x3744,ok,
2026-04-13T13:47:45.042546,aws,concurrency_500,dataset/large_1.jpg,large,30,8.3446,7.159,6594243,5616x3744,ok,
2026-04-13T13:47:45.042551,aws,concurrency_500,dataset/large_1.jpg,large,31,8.1396,6.9315,6594243,5616x3744,ok,
2026-04-13T13:47:45.042555,aws,concurrency_500,dataset/large_1.jpg,large,32,1.0669,,,,error,"500, message='Internal Server Error', url='https://aum2n5vzc2.execute-api.us-east-1.amazonaws.com/Prod/process'"
2026-04-13T13:47:45.042560,aws,concurrency_500,dataset/large_1.jpg,large,33,1.0656,,,,error,"500, message='Internal Server Error', url='https://aum2n5vzc2.execute-api.us-east-1.amazonaws.com/Prod/process'"
2026-04-13T13:47:45.042565,aws,concurrency_500,dataset/large_1.jpg,large,34,1.0787,,,,error,"500, message='Internal Server Error', url='https://aum2n5vzc2.execute-api.us-east-1.amazonaws.com/Prod/process'"
2026-04-13T13:47:45.042570,aws,concurrency_500,dataset/large_1.jpg,large,35,8.0645,6.8451,6594243,5616x3744,ok,
2026-04-13T13:47:45.042575,aws,concurrency_500,dataset/large_1.jpg,large,36,1.069,,,,error,"500, message='Internal Server Error', url='https://aum2n5vzc2.execute-api.us-east-1.amazonaws.com/Prod/process'"
2026-04-13T13:47:45.042580,aws,concurrency_500,dataset/large_1.jpg,large,37,8.0558,6.8759,6594243,5616x3744,ok,
2026-04-13T13:47:45.042584,aws,concurrency_500,dataset/large_1.jpg,large,38,8.084,6.9249,6594243,5616x3744,ok,
2026-04-13T13:47:45.042812,aws,concurrency_500,dataset/large_1.jpg,large,39,7.78,7.0242,6594243,5616x3744,ok,
2026-04-13T13:47:45.042825,aws,concurrency_500,dataset/large_1.jpg,large,40,7.5714,6.8175,6594243,5616x3744,ok,
2026-04-13T13:47:45.042832,aws,concurrency_500,dataset/large_1.jpg,large,41,8.1394,6.9608,6594243,5616x3744,ok,
2026-04-13T13:47:45.042837,aws,concurrency_500,dataset/large_1.jpg,large,42,8.3204,7.0757,6594243,5616x3744,ok,
2026-04-13T13:47:45.042841,aws,concurrency_500,dataset/large_1.jpg,large,43,8.5786,7.0379,6594243,5616x3744,ok,
2026-04-13T13:47:45.042846,aws,concurrency_500,dataset/large_1.jpg,large,44,7.2062,6.4801,6594243,5616x3744,ok,
2026-04-13T13:47:45.042850,aws,concurrency_500,dataset/large_1.jpg,large,45,7.8544,7.0843,6594243,5616x3744,ok,
2026-04-13T13:47:45.042854,aws,concurrency_500,dataset/large_1.jpg,large,46,7.3115,6.5965,6594243,5616x3744,ok,
2026-04-13T13:47:45.042859,aws,concurrency_500,dataset/large_1.jpg,large,47,1.0655,,,,error,"500, message='Internal Server Error', url='https://aum2n5vzc2.execute-api.us-east-1.amazonaws.com/Prod/process'"
2026-04-13T13:47:45.042864,aws,concurrency_500,dataset/large_1.jpg,large,48,7.4025,6.5079,6594243,5616x3744,ok,
2026-04-13T13:47:45.042868,aws,concurrency_500,dataset/large_1.jpg,large,49,8.2391,7.0761,6594243,5616x3744,ok,
2026-04-13T13:47:45.042873,aws,concurrency_500,dataset/large_1.jpg,large,50,7.67,6.874,6594243,5616x3744,ok,
2026-04-13T13:47:45.042877,aws,concurrency_500,dataset/large_1.jpg,large,51,7.2512,6.5183,6594243,5616x3744,ok,
2026-04-13T13:47:45.042881,aws,concurrency_500,dataset/large_1.jpg,large,52,8.131,6.8782,6594243,5616x3744,ok,
2026-04-13T13:47:45.042886,aws,concurrency_500,dataset/large_1.jpg,large,53,8.2179,6.962,6594243,5616x3744,ok,
2026-04-13T13:47:45.042890,aws,concurrency_500,dataset/large_1.jpg,large,54,7.2307,6.4572,6594243,5616x3744,ok,
2026-04-13T13:47:45.042894,aws,concurrency_500,dataset/large_1.jpg,large,55,7.6792,6.877,6594243,5616x3744,ok,
2026-04-13T13:47:45.042899,aws,concurrency_500,dataset/large_1.jpg,large,56,8.1591,6.8627,6594243,5616x3744,ok,
2026-04-13T13:47:45.042903,aws,concurrency_500,dataset/large_1.jpg,large,57,7.3132,6.5457,6594243,5616x3744,ok,
2026-04-13T13:47:45.042907,aws,concurrency_500,dataset/large_1.jpg,large,58,8.0985,6.8597,6594243,5616x3744,ok,
2026-04-13T13:47:45.042911,aws,concurrency_500,dataset/large_1.jpg,large,59,7.7343,6.9577,6594243,5616x3744,ok,
2026-04-13T13:47:45.042915,aws,concurrency_500,dataset/large_1.jpg,large,60,7.118,6.4084,6594243,5616x3744,ok,
2026-04-13T13:47:45.042919,aws,concurrency_500,dataset/large_1.jpg,large,61,1.0684,,,,error,"500, message='Internal Server Error', url='https://aum2n5vzc2.execute-api.us-east-1.amazonaws.com/Prod/process'"
2026-04-13T13:47:45.042924,aws,concurrency_500,dataset/large_1.jpg,large,62,7.6256,6.8584,6594243,5616x3744,ok,
2026-04-13T13:47:45.042929,aws,concurrency_500,dataset/large_1.jpg,large,63,8.1824,6.943,6594243,5616x3744,ok,
2026-04-13T13:47:45.042933,aws,concurrency_500,dataset/large_1.jpg,large,64,8.2526,7.0417,6594243,5616x3744,ok,
2026-04-13T13:47:45.042937,aws,concurrency_500,dataset/large_1.jpg,large,65,7.1069,6.3585,6594243,5616x3744,ok,
2026-04-13T13:47:45.042941,aws,concurrency_500,dataset/large_1.jpg,large,66,7.8939,7.123,6594243,5616x3744,ok,
2026-04-13T13:47:45.042945,aws,concurrency_500,dataset/large_1.jpg,large,67,7.3246,6.6172,6594243,5616x3744,ok,
2026-04-13T13:47:45.042950,aws,concurrency_500,dataset/large_1.jpg,large,68,7.1344,6.3873,6594243,5616x3744,ok,
2026-04-13T13:47:45.042954,aws,concurrency_500,dataset/large_1.jpg,large,69,8.062,6.8271,6594243,5616x3744,ok,
2026-04-13T13:47:45.042958,aws,concurrency_500,dataset/large_1.jpg,large,70,8.0621,6.8653,6594243,5616x3744,ok,
2026-04-13T13:47:45.042962,aws,concurrency_500,dataset/large_1.jpg,large,71,8.3744,7.1271,6594243,5616x3744,ok,
2026-04-13T13:47:45.042966,aws,concurrency_500,dataset/large_1.jpg,large,72,8.2966,7.1,6594243,5616x3744,ok,
2026-04-13T13:47:45.042970,aws,concurrency_500,dataset/large_1.jpg,large,73,7.9958,6.8587,6594243,5616x3744,ok,
2026-04-13T13:47:45.042974,aws,concurrency_500,dataset/large_1.jpg,large,74,8.0832,6.8555,6594243,5616x3744,ok,
2026-04-13T13:47:45.042978,aws,concurrency_500,dataset/large_1.jpg,large,75,1.0584,,,,error,"500, message='Internal Server Error', url='https://aum2n5vzc2.execute-api.us-east-1.amazonaws.com/Prod/process'"
2026-04-13T13:47:45.042983,aws,concurrency_500,dataset/large_1.jpg,large,76,7.1544,6.4364,6594243,5616x3744,ok,
2026-04-13T13:47:45.042988,aws,concurrency_500,dataset/large_1.jpg,large,77,7.2436,6.4903,6594243,5616x3744,ok,
2026-04-13T13:47:45.042992,aws,concurrency_500,dataset/large_1.jpg,large,78,8.0995,6.9003,6594243,5616x3744,ok,
2026-04-13T13:47:45.042996,aws,concurrency_500,dataset/large_1.jpg,large,79,1.0838,,,,error,"500, message='Internal Server Error', url='https://aum2n5vzc2.execute-api.us-east-1.amazonaws.com/Prod/process'"
2026-04-13T13:47:45.043001,aws,concurrency_500,dataset/large_1.jpg,large,80,7.0997,6.3606,6594243,5616x3744,ok,
2026-04-13T13:47:45.043005,aws,concurrency_500,dataset/large_1.jpg,large,81,7.2172,6.4997,6594243,5616x3744,ok,
2026-04-13T13:47:45.043009,aws,concurrency_500,dataset/large_1.jpg,large,82,7.1892,6.3872,6594243,5616x3744,ok,
2026-04-13T13:47:45.043014,aws,concurrency_500,dataset/large_1.jpg,large,83,8.1198,6.8991,6594243,5616x3744,ok,
2026-04-13T13:47:45.043018,aws,concurrency_500,dataset/large_1.jpg,large,84,7.7758,6.5796,6594243,5616x3744,ok,
2026-04-13T13:47:45.043022,aws,concurrency_500,dataset/large_1.jpg,large,85,7.7069,6.8657,6594243,5616x3744,ok,
2026-04-13T13:47:45.043026,aws,concurrency_500,dataset/large_1.jpg,large,86,7.3001,6.5387,6594243,5616x3744,ok,
2026-04-13T13:47:45.043030,aws,concurrency_500,dataset/large_1.jpg,large,87,7.3207,6.6121,6594243,5616x3744,ok,
2026-04-13T13:47:45.043034,aws,concurrency_500,dataset/large_1.jpg,large,88,7.6475,6.8639,6594243,5616x3744,ok,
2026-04-13T13:47:45.043038,aws,concurrency_500,dataset/large_1.jpg,large,89,7.1582,6.4586,6594243,5616x3744,ok,
2026-04-13T13:47:45.043042,aws,concurrency_500,dataset/large_1.jpg,large,90,7.1114,6.3745,6594243,5616x3744,ok,
2026-04-13T13:47:45.043046,aws,concurrency_500,dataset/large_1.jpg,large,91,8.3801,7.1777,6594243,5616x3744,ok,
2026-04-13T13:47:45.043051,aws,concurrency_500,dataset/large_1.jpg,large,92,1.0654,,,,error,"500, message='Internal Server Error', url='https://aum2n5vzc2.execute-api.us-east-1.amazonaws.com/Prod/process'"
2026-04-13T13:47:45.043055,aws,concurrency_500,dataset/large_1.jpg,large,93,8.164,6.847,6594243,5616x3744,ok,
2026-04-13T13:47:45.043059,aws,concurrency_500,dataset/large_1.jpg,large,94,1.0754,,,,error,"500, message='Internal Server Error', url='https://aum2n5vzc2.execute-api.us-east-1.amazonaws.com/Prod/process'"
2026-04-13T13:47:45.043064,aws,concurrency_500,dataset/large_1.jpg,large,95,7.9735,6.8208,6594243,5616x3744,ok,
2026-04-13T13:47:45.043069,aws,concurrency_500,dataset/large_1.jpg,large,96,8.11,6.8964,6594243,5616x3744,ok,
2026-04-13T13:47:45.043073,aws,concurrency_500,dataset/large_1.jpg,large,97,8.1177,6.9364,6594243,5616x3744,ok,
2026-04-13T13:47:45.043077,aws,concurrency_500,dataset/large_1.jpg,large,98,8.0304,6.8246,6594243,5616x3744,ok,
2026-04-13T13:47:45.043082,aws,concurrency_500,dataset/large_1.jpg,large,99,8.0805,6.864,6594243,5616x3744,ok,
2026-04-13T13:47:45.043086,aws,concurrency_500,dataset/large_1.jpg,large,100,7.1861,6.383,6594243,5616x3744,ok,
2026-04-13T13:47:45.043090,aws,concurrency_500,dataset/large_1.jpg,large,101,7.6807,6.9333,6594243,5616x3744,ok,
2026-04-13T13:47:45.043094,aws,concurrency_500,dataset/large_1.jpg,large,102,1.0762,,,,error,"500, message='Internal Server Error', url='https://aum2n5vzc2.execute-api.us-east-1.amazonaws.com/Prod/process'"
2026-04-13T13:47:45.043101,aws,concurrency_500,dataset/large_1.jpg,large,103,8.215,6.9803,6594243,5616x3744,ok,
2026-04-13T13:47:45.043105,aws,concurrency_500,dataset/large_1.jpg,large,104,8.6417,6.9224,6594243,5616x3744,ok,
2026-04-13T13:47:45.043119,aws,concurrency_500,dataset/large_1.jpg,large,105,8.3805,7.1563,6594243,5616x3744,ok,
2026-04-13T13:47:45.043126,aws,concurrency_500,dataset/large_1.jpg,large,106,7.1387,6.4346,6594243,5616x3744,ok,
2026-04-13T13:47:45.043130,aws,concurrency_500,dataset/large_1.jpg,large,107,7.1884,6.4739,6594243,5616x3744,ok,
2026-04-13T13:47:45.043134,aws,concurrency_500,dataset/large_1.jpg,large,108,8.1205,6.8752,6594243,5616x3744,ok,
2026-04-13T13:47:45.043139,aws,concurrency_500,dataset/large_1.jpg,large,109,8.1921,6.9569,6594243,5616x3744,ok,
2026-04-13T13:47:45.043143,aws,concurrency_500,dataset/large_1.jpg,large,110,1.0655,,,,error,"500, message='Internal Server Error', url='https://aum2n5vzc2.execute-api.us-east-1.amazonaws.com/Prod/process'"
2026-04-13T13:47:45.043148,aws,concurrency_500,dataset/large_1.jpg,large,111,8.2215,7.0167,6594243,5616x3744,ok,
2026-04-13T13:47:45.043152,aws,concurrency_500,dataset/large_1.jpg,large,112,7.2156,6.5213,6594243,5616x3744,ok,
2026-04-13T13:47:45.043156,aws,concurrency_500,dataset/large_1.jpg,large,113,7.6302,6.8419,6594243,5616x3744,ok,
2026-04-13T13:47:45.043161,aws,concurrency_500,dataset/large_1.jpg,large,114,1.1396,,,,error,"500, message='Internal Server Error', url='https://aum2n5vzc2.execute-api.us-east-1.amazonaws.com/Prod/process'"
2026-04-13T13:47:45.043166,aws,concurrency_500,dataset/large_1.jpg,large,115,8.0997,6.9778,6594243,5616x3744,ok,
2026-04-13T13:47:45.043170,aws,concurrency_500,dataset/large_1.jpg,large,116,8.2303,6.9979,6594243,5616x3744,ok,
2026-04-13T13:47:45.043174,aws,concurrency_500,dataset/large_1.jpg,large,117,7.8041,6.9999,6594243,5616x3744,ok,
2026-04-13T13:47:45.043178,aws,concurrency_500,dataset/large_1.jpg,large,118,7.3051,6.6011,6594243,5616x3744,ok,
2026-04-13T13:47:45.043182,aws,concurrency_500,dataset/large_1.jpg,large,119,8.1679,6.8639,6594243,5616x3744,ok,
2026-04-13T13:47:45.043186,aws,concurrency_500,dataset/large_1.jpg,large,120,7.3032,6.5981,6594243,5616x3744,ok,
2026-04-13T13:47:45.043191,aws,concurrency_500,dataset/large_1.jpg,large,121,7.9382,6.794,6594243,5616x3744,ok,
2026-04-13T13:47:45.043195,aws,concurrency_500,dataset/large_1.jpg,large,122,1.0729,,,,error,"500, message='Internal Server Error', url='https://aum2n5vzc2.execute-api.us-east-1.amazonaws.com/Prod/process'"
2026-04-13T13:47:45.043200,aws,concurrency_500,dataset/large_1.jpg,large,123,1.0766,,,,error,"500, message='Internal Server Error', url='https://aum2n5vzc2.execute-api.us-east-1.amazonaws.com/Prod/process'"
2026-04-13T13:47:45.043205,aws,concurrency_500,dataset/large_1.jpg,large,124,8.2119,6.8928,6594243,5616x3744,ok,
2026-04-13T13:47:45.043209,aws,concurrency_500,dataset/large_1.jpg,large,125,7.1654,6.4552,6594243,5616x3744,ok,
2026-04-13T13:47:45.043213,aws,concurrency_500,dataset/large_1.jpg,large,126,8.1301,6.9413,6594243,5616x3744,ok,
2026-04-13T13:47:45.043217,aws,concurrency_500,dataset/large_1.jpg,large,127,7.6491,6.8811,6594243,5616x3744,ok,
2026-04-13T13:47:45.043221,aws,concurrency_500,dataset/large_1.jpg,large,128,7.3494,6.5981,6594243,5616x3744,ok,
2026-04-13T13:47:45.043225,aws,concurrency_500,dataset/large_1.jpg,large,129,7.7206,6.977,6594243,5616x3744,ok,
2026-04-13T13:47:45.043229,aws,concurrency_500,dataset/large_1.jpg,large,130,6.1278,5.3998,6594243,5616x3744,ok,
2026-04-13T13:47:45.043234,aws,concurrency_500,dataset/large_1.jpg,large,131,8.1898,6.9668,6594243,5616x3744,ok,
2026-04-13T13:47:45.043238,aws,concurrency_500,dataset/large_1.jpg,large,132,7.2981,6.5128,6594243,5616x3744,ok,
2026-04-13T13:47:45.043242,aws,concurrency_500,dataset/large_1.jpg,large,133,8.1282,6.9022,6594243,5616x3744,ok,
2026-04-13T13:47:45.043246,aws,concurrency_500,dataset/large_1.jpg,large,134,8.1719,6.9577,6594243,5616x3744,ok,
2026-04-13T13:47:45.043250,aws,concurrency_500,dataset/large_1.jpg,large,135,7.1412,6.4583,6594243,5616x3744,ok,
2026-04-13T13:47:45.043254,aws,concurrency_500,dataset/large_1.jpg,large,136,8.1437,6.8972,6594243,5616x3744,ok,
2026-04-13T13:47:45.043259,aws,concurrency_500,dataset/large_1.jpg,large,137,1.0773,,,,error,"500, message='Internal Server Error', url='https://aum2n5vzc2.execute-api.us-east-1.amazonaws.com/Prod/process'"
2026-04-13T13:47:45.043264,aws,concurrency_500,dataset/large_1.jpg,large,138,8.0012,6.8243,6594243,5616x3744,ok,
2026-04-13T13:47:45.043268,aws,concurrency_500,dataset/large_1.jpg,large,139,7.6564,6.8976,6594243,5616x3744,ok,
2026-04-13T13:47:45.043272,aws,concurrency_500,dataset/large_1.jpg,large,140,8.2521,7.0976,6594243,5616x3744,ok,
2026-04-13T13:47:45.043276,aws,concurrency_500,dataset/large_1.jpg,large,141,8.002,6.8579,6594243,5616x3744,ok,
2026-04-13T13:47:45.043280,aws,concurrency_500,dataset/large_1.jpg,large,142,1.0553,,,,error,"500, message='Internal Server Error', url='https://aum2n5vzc2.execute-api.us-east-1.amazonaws.com/Prod/process'"
2026-04-13T13:47:45.043285,aws,concurrency_500,dataset/large_1.jpg,large,143,7.1353,6.352,6594243,5616x3744,ok,
2026-04-13T13:47:45.043289,aws,concurrency_500,dataset/large_1.jpg,large,144,8.2472,7.0646,6594243,5616x3744,ok,
2026-04-13T13:47:45.043293,aws,concurrency_500,dataset/large_1.jpg,large,145,7.0786,6.3795,6594243,5616x3744,ok,
2026-04-13T13:47:45.043297,aws,concurrency_500,dataset/large_1.jpg,large,146,8.3097,7.0027,6594243,5616x3744,ok,
2026-04-13T13:47:45.043301,aws,concurrency_500,dataset/large_1.jpg,large,147,7.0777,6.385,6594243,5616x3744,ok,
2026-04-13T13:47:45.043306,aws,concurrency_500,dataset/large_1.jpg,large,148,8.3765,7.1593,6594243,5616x3744,ok,
2026-04-13T13:47:45.043310,aws,concurrency_500,dataset/large_1.jpg,large,149,8.1006,6.896,6594243,5616x3744,ok,
2026-04-13T13:47:45.043314,aws,concurrency_500,dataset/large_1.jpg,large,150,8.1856,6.9968,6594243,5616x3744,ok,
2026-04-13T13:47:45.043318,aws,concurrency_500,dataset/large_1.jpg,large,151,7.0974,6.3987,6594243,5616x3744,ok,
2026-04-13T13:47:45.043322,aws,concurrency_500,dataset/large_1.jpg,large,152,1.0495,,,,error,"500, message='Internal Server Error', url='https://aum2n5vzc2.execute-api.us-east-1.amazonaws.com/Prod/process'"
2026-04-13T13:47:45.043327,aws,concurrency_500,dataset/large_1.jpg,large,153,1.0394,,,,error,"500, message='Internal Server Error', url='https://aum2n5vzc2.execute-api.us-east-1.amazonaws.com/Prod/process'"
2026-04-13T13:47:45.043332,aws,concurrency_500,dataset/large_1.jpg,large,154,8.3313,7.141,6594243,5616x3744,ok,
2026-04-13T13:47:45.043336,aws,concurrency_500,dataset/large_1.jpg,large,155,8.1111,6.9234,6594243,5616x3744,ok,
2026-04-13T13:47:45.043340,aws,concurrency_500,dataset/large_1.jpg,large,156,8.3434,7.1217,6594243,5616x3744,ok,
2026-04-13T13:47:45.043345,aws,concurrency_500,dataset/large_1.jpg,large,157,8.2375,7.0031,6594243,5616x3744,ok,
2026-04-13T13:47:45.043349,aws,concurrency_500,dataset/large_1.jpg,large,158,8.2979,7.1353,6594243,5616x3744,ok,
2026-04-13T13:47:45.043354,aws,concurrency_500,dataset/large_1.jpg,large,159,8.2738,7.0745,6594243,5616x3744,ok,
2026-04-13T13:47:45.043358,aws,concurrency_500,dataset/large_1.jpg,large,160,8.3388,7.1373,6594243,5616x3744,ok,
2026-04-13T13:47:45.043362,aws,concurrency_500,dataset/large_1.jpg,large,161,1.058,,,,error,"500, message='Internal Server Error', url='https://aum2n5vzc2.execute-api.us-east-1.amazonaws.com/Prod/process'"
2026-04-13T13:47:45.043367,aws,concurrency_500,dataset/large_1.jpg,large,162,1.0576,,,,error,"500, message='Internal Server Error', url='https://aum2n5vzc2.execute-api.us-east-1.amazonaws.com/Prod/process'"
2026-04-13T13:47:45.043372,aws,concurrency_500,dataset/large_1.jpg,large,163,1.0469,,,,error,"500, message='Internal Server Error', url='https://aum2n5vzc2.execute-api.us-east-1.amazonaws.com/Prod/process'"
2026-04-13T13:47:45.043377,aws,concurrency_500,dataset/large_1.jpg,large,164,8.1645,6.9751,6594243,5616x3744,ok,
2026-04-13T13:47:45.043381,aws,concurrency_500,dataset/large_1.jpg,large,165,8.0651,6.843,6594243,5616x3744,ok,
2026-04-13T13:47:45.043385,aws,concurrency_500,dataset/large_1.jpg,large,166,8.2156,7.0331,6594243,5616x3744,ok,
2026-04-13T13:47:45.043395,aws,concurrency_500,dataset/large_1.jpg,large,167,8.3503,6.9128,6594243,5616x3744,ok,
2026-04-13T13:47:45.043400,aws,concurrency_500,dataset/large_1.jpg,large,168,8.0764,6.8832,6594243,5616x3744,ok,
2026-04-13T13:47:45.043404,aws,concurrency_500,dataset/large_1.jpg,large,169,1.0542,,,,error,"500, message='Internal Server Error', url='https://aum2n5vzc2.execute-api.us-east-1.amazonaws.com/Prod/process'"
2026-04-13T13:47:45.043409,aws,concurrency_500,dataset/large_1.jpg,large,170,8.0874,6.8596,6594243,5616x3744,ok,
2026-04-13T13:47:45.043413,aws,concurrency_500,dataset/large_1.jpg,large,171,1.0556,,,,error,"500, message='Internal Server Error', url='https://aum2n5vzc2.execute-api.us-east-1.amazonaws.com/Prod/process'"
2026-04-13T13:47:45.043419,aws,concurrency_500,dataset/large_1.jpg,large,172,1.0615,,,,error,"500, message='Internal Server Error', url='https://aum2n5vzc2.execute-api.us-east-1.amazonaws.com/Prod/process'"
2026-04-13T13:47:45.043424,aws,concurrency_500,dataset/large_1.jpg,large,173,1.0792,,,,error,"500, message='Internal Server Error', url='https://aum2n5vzc2.execute-api.us-east-1.amazonaws.com/Prod/process'"
2026-04-13T13:47:45.043429,aws,concurrency_500,dataset/large_1.jpg,large,174,1.0461,,,,error,"500, message='Internal Server Error', url='https://aum2n5vzc2.execute-api.us-east-1.amazonaws.com/Prod/process'"
2026-04-13T13:47:45.043433,aws,concurrency_500,dataset/large_1.jpg,large,175,8.0796,6.9147,6594243,5616x3744,ok,
2026-04-13T13:47:45.043438,aws,concurrency_500,dataset/large_1.jpg,large,176,1.061,,,,error,"500, message='Internal Server Error', url='https://aum2n5vzc2.execute-api.us-east-1.amazonaws.com/Prod/process'"
2026-04-13T13:47:45.043443,aws,concurrency_500,dataset/large_1.jpg,large,177,8.2019,6.8823,6594243,5616x3744,ok,
2026-04-13T13:47:45.043447,aws,concurrency_500,dataset/large_1.jpg,large,178,1.0485,,,,error,"500, message='Internal Server Error', url='https://aum2n5vzc2.execute-api.us-east-1.amazonaws.com/Prod/process'"
2026-04-13T13:47:45.043452,aws,concurrency_500,dataset/large_1.jpg,large,179,7.1872,6.4765,6594243,5616x3744,ok,
2026-04-13T13:47:45.043456,aws,concurrency_500,dataset/large_1.jpg,large,180,7.1409,6.4544,6594243,5616x3744,ok,
2026-04-13T13:47:45.043460,aws,concurrency_500,dataset/large_1.jpg,large,181,1.0552,,,,error,"500, message='Internal Server Error', url='https://aum2n5vzc2.execute-api.us-east-1.amazonaws.com/Prod/process'"
2026-04-13T13:47:45.043465,aws,concurrency_500,dataset/large_1.jpg,large,182,8.2671,7.0597,6594243,5616x3744,ok,
2026-04-13T13:47:45.043469,aws,concurrency_500,dataset/large_1.jpg,large,183,7.1801,6.4752,6594243,5616x3744,ok,
2026-04-13T13:47:45.043473,aws,concurrency_500,dataset/large_1.jpg,large,184,7.161,6.4285,6594243,5616x3744,ok,
2026-04-13T13:47:45.043477,aws,concurrency_500,dataset/large_1.jpg,large,185,8.2018,6.9986,6594243,5616x3744,ok,
2026-04-13T13:47:45.043481,aws,concurrency_500,dataset/large_1.jpg,large,186,7.2401,6.5596,6594243,5616x3744,ok,
2026-04-13T13:47:45.043485,aws,concurrency_500,dataset/large_1.jpg,large,187,7.7606,7.0011,6594243,5616x3744,ok,
2026-04-13T13:47:45.043490,aws,concurrency_500,dataset/large_1.jpg,large,188,7.1845,6.455,6594243,5616x3744,ok,
2026-04-13T13:47:45.043494,aws,concurrency_500,dataset/large_1.jpg,large,189,7.2457,6.5601,6594243,5616x3744,ok,
2026-04-13T13:47:45.043498,aws,concurrency_500,dataset/large_1.jpg,large,190,7.1016,6.4132,6594243,5616x3744,ok,
2026-04-13T13:47:45.043502,aws,concurrency_500,dataset/large_1.jpg,large,191,8.2993,7.1369,6594243,5616x3744,ok,
2026-04-13T13:47:45.043506,aws,concurrency_500,dataset/large_1.jpg,large,192,8.0882,6.919,6594243,5616x3744,ok,
2026-04-13T13:47:45.043510,aws,concurrency_500,dataset/large_1.jpg,large,193,8.1929,6.9818,6594243,5616x3744,ok,
2026-04-13T13:47:45.043514,aws,concurrency_500,dataset/large_1.jpg,large,194,8.0121,6.819,6594243,5616x3744,ok,
2026-04-13T13:47:45.043518,aws,concurrency_500,dataset/large_1.jpg,large,195,1.0647,,,,error,"500, message='Internal Server Error', url='https://aum2n5vzc2.execute-api.us-east-1.amazonaws.com/Prod/process'"
2026-04-13T13:47:45.043523,aws,concurrency_500,dataset/large_1.jpg,large,196,7.8939,6.7128,6594243,5616x3744,ok,
2026-04-13T13:47:45.043527,aws,concurrency_500,dataset/large_1.jpg,large,197,7.1239,6.4231,6594243,5616x3744,ok,
2026-04-13T13:47:45.043531,aws,concurrency_500,dataset/large_1.jpg,large,198,7.2453,6.5354,6594243,5616x3744,ok,
2026-04-13T13:47:45.043536,aws,concurrency_500,dataset/large_1.jpg,large,199,7.1984,6.502,6594243,5616x3744,ok,
2026-04-13T13:47:45.043540,aws,concurrency_500,dataset/large_1.jpg,large,200,1.047,,,,error,"500, message='Internal Server Error', url='https://aum2n5vzc2.execute-api.us-east-1.amazonaws.com/Prod/process'"
2026-04-13T13:47:45.043545,aws,concurrency_500,dataset/large_1.jpg,large,201,7.6304,6.8665,6594243,5616x3744,ok,
2026-04-13T13:47:45.043549,aws,concurrency_500,dataset/large_1.jpg,large,202,7.2089,6.4849,6594243,5616x3744,ok,
2026-04-13T13:47:45.043553,aws,concurrency_500,dataset/large_1.jpg,large,203,7.3485,6.6356,6594243,5616x3744,ok,
2026-04-13T13:47:45.043557,aws,concurrency_500,dataset/large_1.jpg,large,204,8.1844,6.9636,6594243,5616x3744,ok,
2026-04-13T13:47:45.043561,aws,concurrency_500,dataset/large_1.jpg,large,205,7.6747,6.9229,6594243,5616x3744,ok,
2026-04-13T13:47:45.043565,aws,concurrency_500,dataset/large_1.jpg,large,206,1.0532,,,,error,"500, message='Internal Server Error', url='https://aum2n5vzc2.execute-api.us-east-1.amazonaws.com/Prod/process'"
2026-04-13T13:47:45.043570,aws,concurrency_500,dataset/large_1.jpg,large,207,1.0781,,,,error,"500, message='Internal Server Error', url='https://aum2n5vzc2.execute-api.us-east-1.amazonaws.com/Prod/process'"
2026-04-13T13:47:45.043575,aws,concurrency_500,dataset/large_1.jpg,large,208,7.1704,6.4952,6594243,5616x3744,ok,
2026-04-13T13:47:45.043580,aws,concurrency_500,dataset/large_1.jpg,large,209,7.288,6.5724,6594243,5616x3744,ok,
2026-04-13T13:47:45.043584,aws,concurrency_500,dataset/large_1.jpg,large,210,7.2705,6.5951,6594243,5616x3744,ok,
2026-04-13T13:47:45.043588,aws,concurrency_500,dataset/large_1.jpg,large,211,7.1162,6.3701,6594243,5616x3744,ok,
2026-04-13T13:47:45.043592,aws,concurrency_500,dataset/large_1.jpg,large,212,7.2504,6.5183,6594243,5616x3744,ok,
2026-04-13T13:47:45.043596,aws,concurrency_500,dataset/large_1.jpg,large,213,7.2881,6.5753,6594243,5616x3744,ok,
2026-04-13T13:47:45.043600,aws,concurrency_500,dataset/large_1.jpg,large,214,7.3034,6.6002,6594243,5616x3744,ok,
2026-04-13T13:47:45.043604,aws,concurrency_500,dataset/large_1.jpg,large,215,7.1192,6.4185,6594243,5616x3744,ok,
2026-04-13T13:47:45.043608,aws,concurrency_500,dataset/large_1.jpg,large,216,7.1172,6.4346,6594243,5616x3744,ok,
2026-04-13T13:47:45.043612,aws,concurrency_500,dataset/large_1.jpg,large,217,7.6448,6.883,6594243,5616x3744,ok,
2026-04-13T13:47:45.043616,aws,concurrency_500,dataset/large_1.jpg,large,218,7.7282,6.9802,6594243,5616x3744,ok,
2026-04-13T13:47:45.043620,aws,concurrency_500,dataset/large_1.jpg,large,219,8.1527,6.974,6594243,5616x3744,ok,
2026-04-13T13:47:45.043625,aws,concurrency_500,dataset/large_1.jpg,large,220,8.3349,6.9328,6594243,5616x3744,ok,
2026-04-13T13:47:45.043629,aws,concurrency_500,dataset/large_1.jpg,large,221,8.1201,6.9422,6594243,5616x3744,ok,
2026-04-13T13:47:45.043633,aws,concurrency_500,dataset/large_1.jpg,large,222,8.0887,6.8606,6594243,5616x3744,ok,
2026-04-13T13:47:45.043637,aws,concurrency_500,dataset/large_1.jpg,large,223,7.3451,6.621,6594243,5616x3744,ok,
2026-04-13T13:47:45.043641,aws,concurrency_500,dataset/large_1.jpg,large,224,8.1151,6.8389,6594243,5616x3744,ok,
2026-04-13T13:47:45.043645,aws,concurrency_500,dataset/large_1.jpg,large,225,8.0499,6.9582,6594243,5616x3744,ok,
2026-04-13T13:47:45.043649,aws,concurrency_500,dataset/large_1.jpg,large,226,7.6119,6.8405,6594243,5616x3744,ok,
2026-04-13T13:47:45.043653,aws,concurrency_500,dataset/large_1.jpg,large,227,8.0738,6.8787,6594243,5616x3744,ok,
2026-04-13T13:47:45.043657,aws,concurrency_500,dataset/large_1.jpg,large,228,8.0724,6.8774,6594243,5616x3744,ok,
2026-04-13T13:47:45.043668,aws,concurrency_500,dataset/large_1.jpg,large,229,1.0697,,,,error,"500, message='Internal Server Error', url='https://aum2n5vzc2.execute-api.us-east-1.amazonaws.com/Prod/process'"
2026-04-13T13:47:45.043674,aws,concurrency_500,dataset/large_1.jpg,large,230,7.1165,6.3798,6594243,5616x3744,ok,
2026-04-13T13:47:45.043678,aws,concurrency_500,dataset/large_1.jpg,large,231,8.3212,7.12,6594243,5616x3744,ok,
2026-04-13T13:47:45.043682,aws,concurrency_500,dataset/large_1.jpg,large,232,8.1346,6.9108,6594243,5616x3744,ok,
2026-04-13T13:47:45.043687,aws,concurrency_500,dataset/large_1.jpg,large,233,7.6888,6.9628,6594243,5616x3744,ok,
2026-04-13T13:47:45.043691,aws,concurrency_500,dataset/large_1.jpg,large,234,8.056,6.8597,6594243,5616x3744,ok,
2026-04-13T13:47:45.043695,aws,concurrency_500,dataset/large_1.jpg,large,235,1.0539,,,,error,"500, message='Internal Server Error', url='https://aum2n5vzc2.execute-api.us-east-1.amazonaws.com/Prod/process'"
2026-04-13T13:47:45.043699,aws,concurrency_500,dataset/large_1.jpg,large,236,7.0987,6.3619,6594243,5616x3744,ok,
2026-04-13T13:47:45.043703,aws,concurrency_500,dataset/large_1.jpg,large,237,8.1291,6.9404,6594243,5616x3744,ok,
2026-04-13T13:47:45.043707,aws,concurrency_500,dataset/large_1.jpg,large,238,7.6611,6.8988,6594243,5616x3744,ok,
2026-04-13T13:47:45.043711,aws,concurrency_500,dataset/large_1.jpg,large,239,1.0673,,,,error,"500, message='Internal Server Error', url='https://aum2n5vzc2.execute-api.us-east-1.amazonaws.com/Prod/process'"
2026-04-13T13:47:45.043716,aws,concurrency_500,dataset/large_1.jpg,large,240,7.6617,6.897,6594243,5616x3744,ok,
2026-04-13T13:47:45.043720,aws,concurrency_500,dataset/large_1.jpg,large,241,8.0745,6.8808,6594243,5616x3744,ok,
2026-04-13T13:47:45.043723,aws,concurrency_500,dataset/large_1.jpg,large,242,8.0653,6.8766,6594243,5616x3744,ok,
2026-04-13T13:47:45.043727,aws,concurrency_500,dataset/large_1.jpg,large,243,1.0599,,,,error,"500, message='Internal Server Error', url='https://aum2n5vzc2.execute-api.us-east-1.amazonaws.com/Prod/process'"
2026-04-13T13:47:45.043732,aws,concurrency_500,dataset/large_1.jpg,large,244,8.2313,7.0743,6594243,5616x3744,ok,
2026-04-13T13:47:45.043736,aws,concurrency_500,dataset/large_1.jpg,large,245,7.1841,6.4839,6594243,5616x3744,ok,
2026-04-13T13:47:45.043740,aws,concurrency_500,dataset/large_1.jpg,large,246,8.0779,6.881,6594243,5616x3744,ok,
2026-04-13T13:47:45.043744,aws,concurrency_500,dataset/large_1.jpg,large,247,1.0654,,,,error,"500, message='Internal Server Error', url='https://aum2n5vzc2.execute-api.us-east-1.amazonaws.com/Prod/process'"
2026-04-13T13:47:45.043748,aws,concurrency_500,dataset/large_1.jpg,large,248,8.0745,6.8619,6594243,5616x3744,ok,
2026-04-13T13:47:45.043752,aws,concurrency_500,dataset/large_1.jpg,large,249,8.1065,6.9211,6594243,5616x3744,ok,
2026-04-13T13:47:45.043756,aws,concurrency_500,dataset/large_1.jpg,large,250,7.2762,6.5272,6594243,5616x3744,ok,
2026-04-13T13:47:45.043760,aws,concurrency_500,dataset/large_1.jpg,large,251,7.1032,6.3453,6594243,5616x3744,ok,
2026-04-13T13:47:45.043764,aws,concurrency_500,dataset/large_1.jpg,large,252,7.1734,6.4763,6594243,5616x3744,ok,
2026-04-13T13:47:45.043768,aws,concurrency_500,dataset/large_1.jpg,large,253,7.1415,6.4398,6594243,5616x3744,ok,
2026-04-13T13:47:45.043772,aws,concurrency_500,dataset/large_1.jpg,large,254,1.0634,,,,error,"500, message='Internal Server Error', url='https://aum2n5vzc2.execute-api.us-east-1.amazonaws.com/Prod/process'"
2026-04-13T13:47:45.043776,aws,concurrency_500,dataset/large_1.jpg,large,255,7.7382,6.9605,6594243,5616x3744,ok,
2026-04-13T13:47:45.043780,aws,concurrency_500,dataset/large_1.jpg,large,256,7.1969,6.4593,6594243,5616x3744,ok,
2026-04-13T13:47:45.043784,aws,concurrency_500,dataset/large_1.jpg,large,257,1.0512,,,,error,"500, message='Internal Server Error', url='https://aum2n5vzc2.execute-api.us-east-1.amazonaws.com/Prod/process'"
2026-04-13T13:47:45.043789,aws,concurrency_500,dataset/large_1.jpg,large,258,8.1564,6.942,6594243,5616x3744,ok,
2026-04-13T13:47:45.043793,aws,concurrency_500,dataset/large_1.jpg,large,259,8.1256,6.9292,6594243,5616x3744,ok,
2026-04-13T13:47:45.043797,aws,concurrency_500,dataset/large_1.jpg,large,260,1.0723,,,,error,"500, message='Internal Server Error', url='https://aum2n5vzc2.execute-api.us-east-1.amazonaws.com/Prod/process'"
2026-04-13T13:47:45.043801,aws,concurrency_500,dataset/large_1.jpg,large,261,8.0209,6.8222,6594243,5616x3744,ok,
2026-04-13T13:47:45.043805,aws,concurrency_500,dataset/large_1.jpg,large,262,7.2037,6.4992,6594243,5616x3744,ok,
2026-04-13T13:47:45.043809,aws,concurrency_500,dataset/large_1.jpg,large,263,8.2869,7.1,6594243,5616x3744,ok,
2026-04-13T13:47:45.043813,aws,concurrency_500,dataset/large_1.jpg,large,264,7.5525,6.7799,6594243,5616x3744,ok,
2026-04-13T13:47:45.043817,aws,concurrency_500,dataset/large_1.jpg,large,265,1.0665,,,,error,"500, message='Internal Server Error', url='https://aum2n5vzc2.execute-api.us-east-1.amazonaws.com/Prod/process'"
2026-04-13T13:47:45.043821,aws,concurrency_500,dataset/large_1.jpg,large,266,8.3264,7.0482,6594243,5616x3744,ok,
2026-04-13T13:47:45.043825,aws,concurrency_500,dataset/large_1.jpg,large,267,8.1561,6.9773,6594243,5616x3744,ok,
2026-04-13T13:47:45.043829,aws,concurrency_500,dataset/large_1.jpg,large,268,8.0904,6.9005,6594243,5616x3744,ok,
2026-04-13T13:47:45.043833,aws,concurrency_500,dataset/large_1.jpg,large,269,7.5325,6.7401,6594243,5616x3744,ok,
2026-04-13T13:47:45.043836,aws,concurrency_500,dataset/large_1.jpg,large,270,8.4632,7.0432,6594243,5616x3744,ok,
2026-04-13T13:47:45.043840,aws,concurrency_500,dataset/large_1.jpg,large,271,8.1525,6.9436,6594243,5616x3744,ok,
2026-04-13T13:47:45.043844,aws,concurrency_500,dataset/large_1.jpg,large,272,1.0555,,,,error,"500, message='Internal Server Error', url='https://aum2n5vzc2.execute-api.us-east-1.amazonaws.com/Prod/process'"
2026-04-13T13:47:45.043849,aws,concurrency_500,dataset/large_1.jpg,large,273,8.3615,7.1192,6594243,5616x3744,ok,
2026-04-13T13:47:45.043853,aws,concurrency_500,dataset/large_1.jpg,large,274,1.0573,,,,error,"500, message='Internal Server Error', url='https://aum2n5vzc2.execute-api.us-east-1.amazonaws.com/Prod/process'"
2026-04-13T13:47:45.043857,aws,concurrency_500,dataset/large_1.jpg,large,275,8.1734,6.9401,6594243,5616x3744,ok,
2026-04-13T13:47:45.043861,aws,concurrency_500,dataset/large_1.jpg,large,276,7.6877,6.9432,6594243,5616x3744,ok,
2026-04-13T13:47:45.043865,aws,concurrency_500,dataset/large_1.jpg,large,277,8.1317,6.8998,6594243,5616x3744,ok,
2026-04-13T13:47:45.043869,aws,concurrency_500,dataset/large_1.jpg,large,278,1.3183,,,,error,"500, message='Internal Server Error', url='https://aum2n5vzc2.execute-api.us-east-1.amazonaws.com/Prod/process'"
2026-04-13T13:47:45.043874,aws,concurrency_500,dataset/large_1.jpg,large,279,8.1477,6.9576,6594243,5616x3744,ok,
2026-04-13T13:47:45.043878,aws,concurrency_500,dataset/large_1.jpg,large,280,8.1608,6.9132,6594243,5616x3744,ok,
2026-04-13T13:47:45.043882,aws,concurrency_500,dataset/large_1.jpg,large,281,1.041,,,,error,"500, message='Internal Server Error', url='https://aum2n5vzc2.execute-api.us-east-1.amazonaws.com/Prod/process'"
2026-04-13T13:47:45.043886,aws,concurrency_500,dataset/large_1.jpg,large,282,8.1517,6.9959,6594243,5616x3744,ok,
2026-04-13T13:47:45.043890,aws,concurrency_500,dataset/large_1.jpg,large,283,7.8201,6.6409,6594243,5616x3744,ok,
2026-04-13T13:47:45.043894,aws,concurrency_500,dataset/large_1.jpg,large,284,7.7209,6.9621,6594243,5616x3744,ok,
2026-04-13T13:47:45.043898,aws,concurrency_500,dataset/large_1.jpg,large,285,8.0721,6.8728,6594243,5616x3744,ok,
2026-04-13T13:47:45.043902,aws,concurrency_500,dataset/large_1.jpg,large,286,8.4173,7.0247,6594243,5616x3744,ok,
2026-04-13T13:47:45.043906,aws,concurrency_500,dataset/large_1.jpg,large,287,8.0487,6.88,6594243,5616x3744,ok,
2026-04-13T13:47:45.043910,aws,concurrency_500,dataset/large_1.jpg,large,288,8.043,6.8593,6594243,5616x3744,ok,
2026-04-13T13:47:45.043914,aws,concurrency_500,dataset/large_1.jpg,large,289,8.1553,6.9374,6594243,5616x3744,ok,
2026-04-13T13:47:45.043923,aws,concurrency_500,dataset/large_1.jpg,large,290,7.1945,6.4946,6594243,5616x3744,ok,
2026-04-13T13:47:45.043928,aws,concurrency_500,dataset/large_1.jpg,large,291,7.8115,7.06,6594243,5616x3744,ok,
2026-04-13T13:47:45.043932,aws,concurrency_500,dataset/large_1.jpg,large,292,7.1947,6.3957,6594243,5616x3744,ok,
2026-04-13T13:47:45.043936,aws,concurrency_500,dataset/large_1.jpg,large,293,1.0407,,,,error,"500, message='Internal Server Error', url='https://aum2n5vzc2.execute-api.us-east-1.amazonaws.com/Prod/process'"
2026-04-13T13:47:45.043940,aws,concurrency_500,dataset/large_1.jpg,large,294,7.6722,6.8996,6594243,5616x3744,ok,
2026-04-13T13:47:45.043944,aws,concurrency_500,dataset/large_1.jpg,large,295,7.6925,6.9418,6594243,5616x3744,ok,
2026-04-13T13:47:45.043948,aws,concurrency_500,dataset/large_1.jpg,large,296,8.0649,6.8586,6594243,5616x3744,ok,
2026-04-13T13:47:45.043952,aws,concurrency_500,dataset/large_1.jpg,large,297,7.2279,6.5209,6594243,5616x3744,ok,
2026-04-13T13:47:45.043956,aws,concurrency_500,dataset/large_1.jpg,large,298,8.1317,6.9376,6594243,5616x3744,ok,
2026-04-13T13:47:45.043960,aws,concurrency_500,dataset/large_1.jpg,large,299,1.0659,,,,error,"500, message='Internal Server Error', url='https://aum2n5vzc2.execute-api.us-east-1.amazonaws.com/Prod/process'"
2026-04-13T13:47:45.043965,aws,concurrency_500,dataset/large_1.jpg,large,300,1.0545,,,,error,"500, message='Internal Server Error', url='https://aum2n5vzc2.execute-api.us-east-1.amazonaws.com/Prod/process'"
2026-04-13T13:47:45.043969,aws,concurrency_500,dataset/large_1.jpg,large,301,7.1345,6.4176,6594243,5616x3744,ok,
2026-04-13T13:47:45.043973,aws,concurrency_500,dataset/large_1.jpg,large,302,1.0637,,,,error,"500, message='Internal Server Error', url='https://aum2n5vzc2.execute-api.us-east-1.amazonaws.com/Prod/process'"
2026-04-13T13:47:45.043978,aws,concurrency_500,dataset/large_1.jpg,large,303,8.16,6.9799,6594243,5616x3744,ok,
2026-04-13T13:47:45.043981,aws,concurrency_500,dataset/large_1.jpg,large,304,1.0561,,,,error,"500, message='Internal Server Error', url='https://aum2n5vzc2.execute-api.us-east-1.amazonaws.com/Prod/process'"
2026-04-13T13:47:45.043986,aws,concurrency_500,dataset/large_1.jpg,large,305,8.1279,6.9226,6594243,5616x3744,ok,
2026-04-13T13:47:45.043990,aws,concurrency_500,dataset/large_1.jpg,large,306,7.1335,6.455,6594243,5616x3744,ok,
2026-04-13T13:47:45.043994,aws,concurrency_500,dataset/large_1.jpg,large,307,7.9442,6.7813,6594243,5616x3744,ok,
2026-04-13T13:47:45.043998,aws,concurrency_500,dataset/large_1.jpg,large,308,7.2742,6.562,6594243,5616x3744,ok,
2026-04-13T13:47:45.044002,aws,concurrency_500,dataset/large_1.jpg,large,309,1.0533,,,,error,"500, message='Internal Server Error', url='https://aum2n5vzc2.execute-api.us-east-1.amazonaws.com/Prod/process'"
2026-04-13T13:47:45.044007,aws,concurrency_500,dataset/large_1.jpg,large,310,7.6052,6.3805,6594243,5616x3744,ok,
2026-04-13T13:47:45.044010,aws,concurrency_500,dataset/large_1.jpg,large,311,7.2164,6.5019,6594243,5616x3744,ok,
2026-04-13T13:47:45.044014,aws,concurrency_500,dataset/large_1.jpg,large,312,7.1572,6.4607,6594243,5616x3744,ok,
2026-04-13T13:47:45.044018,aws,concurrency_500,dataset/large_1.jpg,large,313,7.9646,6.8176,6594243,5616x3744,ok,
2026-04-13T13:47:45.044022,aws,concurrency_500,dataset/large_1.jpg,large,314,8.0612,6.8806,6594243,5616x3744,ok,
2026-04-13T13:47:45.044026,aws,concurrency_500,dataset/large_1.jpg,large,315,8.1596,6.8338,6594243,5616x3744,ok,
2026-04-13T13:47:45.044030,aws,concurrency_500,dataset/large_1.jpg,large,316,8.0934,6.8832,6594243,5616x3744,ok,
2026-04-13T13:47:45.044034,aws,concurrency_500,dataset/large_1.jpg,large,317,1.0427,,,,error,"500, message='Internal Server Error', url='https://aum2n5vzc2.execute-api.us-east-1.amazonaws.com/Prod/process'"
2026-04-13T13:47:45.044039,aws,concurrency_500,dataset/large_1.jpg,large,318,7.6136,6.8795,6594243,5616x3744,ok,
2026-04-13T13:47:45.044042,aws,concurrency_500,dataset/large_1.jpg,large,319,8.3311,7.1156,6594243,5616x3744,ok,
2026-04-13T13:47:45.044047,aws,concurrency_500,dataset/large_1.jpg,large,320,8.2059,6.9811,6594243,5616x3744,ok,
2026-04-13T13:47:45.044050,aws,concurrency_500,dataset/large_1.jpg,large,321,8.1318,6.9408,6594243,5616x3744,ok,
2026-04-13T13:47:45.044054,aws,concurrency_500,dataset/large_1.jpg,large,322,8.0861,6.8986,6594243,5616x3744,ok,
2026-04-13T13:47:45.044058,aws,concurrency_500,dataset/large_1.jpg,large,323,8.3717,7.1476,6594243,5616x3744,ok,
2026-04-13T13:47:45.044062,aws,concurrency_500,dataset/large_1.jpg,large,324,8.3001,7.0217,6594243,5616x3744,ok,
2026-04-13T13:47:45.044066,aws,concurrency_500,dataset/large_1.jpg,large,325,8.1041,6.9107,6594243,5616x3744,ok,
2026-04-13T13:47:45.044070,aws,concurrency_500,dataset/large_1.jpg,large,326,8.3128,7.0933,6594243,5616x3744,ok,
2026-04-13T13:47:45.044074,aws,concurrency_500,dataset/large_1.jpg,large,327,7.7317,6.9023,6594243,5616x3744,ok,
2026-04-13T13:47:45.044078,aws,concurrency_500,dataset/large_1.jpg,large,328,8.2008,6.9791,6594243,5616x3744,ok,
2026-04-13T13:47:45.044083,aws,concurrency_500,dataset/large_1.jpg,large,329,8.0942,6.902,6594243,5616x3744,ok,
2026-04-13T13:47:45.044086,aws,concurrency_500,dataset/large_1.jpg,large,330,8.1822,6.9795,6594243,5616x3744,ok,
2026-04-13T13:47:45.044090,aws,concurrency_500,dataset/large_1.jpg,large,331,8.1539,6.9268,6594243,5616x3744,ok,
2026-04-13T13:47:45.044094,aws,concurrency_500,dataset/large_1.jpg,large,332,7.6954,6.9429,6594243,5616x3744,ok,
2026-04-13T13:47:45.044098,aws,concurrency_500,dataset/large_1.jpg,large,333,1.065,,,,error,"500, message='Internal Server Error', url='https://aum2n5vzc2.execute-api.us-east-1.amazonaws.com/Prod/process'"
2026-04-13T13:47:45.044103,aws,concurrency_500,dataset/large_1.jpg,large,334,8.2515,7.0395,6594243,5616x3744,ok,
2026-04-13T13:47:45.044106,aws,concurrency_500,dataset/large_1.jpg,large,335,8.13,6.9158,6594243,5616x3744,ok,
2026-04-13T13:47:45.044110,aws,concurrency_500,dataset/large_1.jpg,large,336,1.0495,,,,error,"500, message='Internal Server Error', url='https://aum2n5vzc2.execute-api.us-east-1.amazonaws.com/Prod/process'"
2026-04-13T13:47:45.044115,aws,concurrency_500,dataset/large_1.jpg,large,337,8.2142,7.0031,6594243,5616x3744,ok,
2026-04-13T13:47:45.044119,aws,concurrency_500,dataset/large_1.jpg,large,338,8.1299,6.9185,6594243,5616x3744,ok,
2026-04-13T13:47:45.044123,aws,concurrency_500,dataset/large_1.jpg,large,339,1.042,,,,error,"500, message='Internal Server Error', url='https://aum2n5vzc2.execute-api.us-east-1.amazonaws.com/Prod/process'"
2026-04-13T13:47:45.044127,aws,concurrency_500,dataset/large_1.jpg,large,340,8.3219,7.121,6594243,5616x3744,ok,
2026-04-13T13:47:45.044131,aws,concurrency_500,dataset/large_1.jpg,large,341,8.2575,7.0571,6594243,5616x3744,ok,
2026-04-13T13:47:45.044135,aws,concurrency_500,dataset/large_1.jpg,large,342,1.0623,,,,error,"500, message='Internal Server Error', url='https://aum2n5vzc2.execute-api.us-east-1.amazonaws.com/Prod/process'"
2026-04-13T13:47:45.044140,aws,concurrency_500,dataset/large_1.jpg,large,343,7.6199,6.8567,6594243,5616x3744,ok,
2026-04-13T13:47:45.044144,aws,concurrency_500,dataset/large_1.jpg,large,344,8.0787,6.8662,6594243,5616x3744,ok,
2026-04-13T13:47:45.044148,aws,concurrency_500,dataset/large_1.jpg,large,345,8.205,7.0196,6594243,5616x3744,ok,
2026-04-13T13:47:45.044152,aws,concurrency_500,dataset/large_1.jpg,large,346,1.0508,,,,error,"500, message='Internal Server Error', url='https://aum2n5vzc2.execute-api.us-east-1.amazonaws.com/Prod/process'"
2026-04-13T13:47:45.044156,aws,concurrency_500,dataset/large_1.jpg,large,347,8.4316,7.2185,6594243,5616x3744,ok,
2026-04-13T13:47:45.044160,aws,concurrency_500,dataset/large_1.jpg,large,348,8.2103,6.9985,6594243,5616x3744,ok,
2026-04-13T13:47:45.044164,aws,concurrency_500,dataset/large_1.jpg,large,349,8.1452,6.8478,6594243,5616x3744,ok,
2026-04-13T13:47:45.044168,aws,concurrency_500,dataset/large_1.jpg,large,350,8.1592,6.9445,6594243,5616x3744,ok,
2026-04-13T13:47:45.044172,aws,concurrency_500,dataset/large_1.jpg,large,351,8.1921,7.0186,6594243,5616x3744,ok,
2026-04-13T13:47:45.044182,aws,concurrency_500,dataset/large_1.jpg,large,352,8.0988,6.9038,6594243,5616x3744,ok,
2026-04-13T13:47:45.044186,aws,concurrency_500,dataset/large_1.jpg,large,353,1.0436,,,,error,"500, message='Internal Server Error', url='https://aum2n5vzc2.execute-api.us-east-1.amazonaws.com/Prod/process'"
2026-04-13T13:47:45.044191,aws,concurrency_500,dataset/large_1.jpg,large,354,8.1708,6.9768,6594243,5616x3744,ok,
2026-04-13T13:47:45.044195,aws,concurrency_500,dataset/large_1.jpg,large,355,8.2388,7.063,6594243,5616x3744,ok,
2026-04-13T13:47:45.044199,aws,concurrency_500,dataset/large_1.jpg,large,356,8.1684,6.94,6594243,5616x3744,ok,
2026-04-13T13:47:45.044203,aws,concurrency_500,dataset/large_1.jpg,large,357,8.2801,7.096,6594243,5616x3744,ok,
2026-04-13T13:47:45.044207,aws,concurrency_500,dataset/large_1.jpg,large,358,1.0435,,,,error,"500, message='Internal Server Error', url='https://aum2n5vzc2.execute-api.us-east-1.amazonaws.com/Prod/process'"
2026-04-13T13:47:45.044211,aws,concurrency_500,dataset/large_1.jpg,large,359,8.2142,6.9921,6594243,5616x3744,ok,
2026-04-13T13:47:45.044215,aws,concurrency_500,dataset/large_1.jpg,large,360,7.6372,6.8927,6594243,5616x3744,ok,
2026-04-13T13:47:45.044219,aws,concurrency_500,dataset/large_1.jpg,large,361,7.6882,6.9044,6594243,5616x3744,ok,
2026-04-13T13:47:45.044223,aws,concurrency_500,dataset/large_1.jpg,large,362,1.062,,,,error,"500, message='Internal Server Error', url='https://aum2n5vzc2.execute-api.us-east-1.amazonaws.com/Prod/process'"
2026-04-13T13:47:45.044228,aws,concurrency_500,dataset/large_1.jpg,large,363,8.2586,7.0967,6594243,5616x3744,ok,
2026-04-13T13:47:45.044232,aws,concurrency_500,dataset/large_1.jpg,large,364,7.3645,6.4911,6594243,5616x3744,ok,
2026-04-13T13:47:45.044236,aws,concurrency_500,dataset/large_1.jpg,large,365,8.0778,6.9358,6594243,5616x3744,ok,
2026-04-13T13:47:45.044240,aws,concurrency_500,dataset/large_1.jpg,large,366,8.1019,6.9186,6594243,5616x3744,ok,
2026-04-13T13:47:45.044244,aws,concurrency_500,dataset/large_1.jpg,large,367,1.0574,,,,error,"500, message='Internal Server Error', url='https://aum2n5vzc2.execute-api.us-east-1.amazonaws.com/Prod/process'"
2026-04-13T13:47:45.044249,aws,concurrency_500,dataset/large_1.jpg,large,368,8.2453,6.9529,6594243,5616x3744,ok,
2026-04-13T13:47:45.044253,aws,concurrency_500,dataset/large_1.jpg,large,369,7.6174,6.8617,6594243,5616x3744,ok,
2026-04-13T13:47:45.044256,aws,concurrency_500,dataset/large_1.jpg,large,370,8.0704,6.9012,6594243,5616x3744,ok,
2026-04-13T13:47:45.044261,aws,concurrency_500,dataset/large_1.jpg,large,371,8.1574,6.9566,6594243,5616x3744,ok,
2026-04-13T13:47:45.044265,aws,concurrency_500,dataset/large_1.jpg,large,372,8.1312,6.9354,6594243,5616x3744,ok,
2026-04-13T13:47:45.044269,aws,concurrency_500,dataset/large_1.jpg,large,373,8.1654,6.9592,6594243,5616x3744,ok,
2026-04-13T13:47:45.044272,aws,concurrency_500,dataset/large_1.jpg,large,374,8.2038,6.9082,6594243,5616x3744,ok,
2026-04-13T13:47:45.044276,aws,concurrency_500,dataset/large_1.jpg,large,375,7.1897,6.5203,6594243,5616x3744,ok,
2026-04-13T13:47:45.044281,aws,concurrency_500,dataset/large_1.jpg,large,376,7.6566,6.9182,6594243,5616x3744,ok,
2026-04-13T13:47:45.044285,aws,concurrency_500,dataset/large_1.jpg,large,377,7.7594,6.9774,6594243,5616x3744,ok,
2026-04-13T13:47:45.044289,aws,concurrency_500,dataset/large_1.jpg,large,378,7.1998,6.463,6594243,5616x3744,ok,
2026-04-13T13:47:45.044293,aws,concurrency_500,dataset/large_1.jpg,large,379,7.2161,6.5395,6594243,5616x3744,ok,
2026-04-13T13:47:45.044297,aws,concurrency_500,dataset/large_1.jpg,large,380,7.1494,6.5008,6594243,5616x3744,ok,
2026-04-13T13:47:45.044301,aws,concurrency_500,dataset/large_1.jpg,large,381,8.1077,6.8843,6594243,5616x3744,ok,
2026-04-13T13:47:45.044305,aws,concurrency_500,dataset/large_1.jpg,large,382,7.2169,6.5381,6594243,5616x3744,ok,
2026-04-13T13:47:45.044309,aws,concurrency_500,dataset/large_1.jpg,large,383,7.1701,6.4565,6594243,5616x3744,ok,
2026-04-13T13:47:45.044313,aws,concurrency_500,dataset/large_1.jpg,large,384,7.6254,6.8786,6594243,5616x3744,ok,
2026-04-13T13:47:45.044317,aws,concurrency_500,dataset/large_1.jpg,large,385,7.2043,6.4951,6594243,5616x3744,ok,
2026-04-13T13:47:45.044321,aws,concurrency_500,dataset/large_1.jpg,large,386,8.0629,6.8793,6594243,5616x3744,ok,
2026-04-13T13:47:45.044325,aws,concurrency_500,dataset/large_1.jpg,large,387,8.2349,7.059,6594243,5616x3744,ok,
2026-04-13T13:47:45.044329,aws,concurrency_500,dataset/large_1.jpg,large,388,1.0489,,,,error,"500, message='Internal Server Error', url='https://aum2n5vzc2.execute-api.us-east-1.amazonaws.com/Prod/process'"
2026-04-13T13:47:45.044333,aws,concurrency_500,dataset/large_1.jpg,large,389,1.0624,,,,error,"500, message='Internal Server Error', url='https://aum2n5vzc2.execute-api.us-east-1.amazonaws.com/Prod/process'"
2026-04-13T13:47:45.044338,aws,concurrency_500,dataset/large_1.jpg,large,390,8.0742,6.883,6594243,5616x3744,ok,
2026-04-13T13:47:45.044342,aws,concurrency_500,dataset/large_1.jpg,large,391,8.3203,7.1362,6594243,5616x3744,ok,
2026-04-13T13:47:45.044346,aws,concurrency_500,dataset/large_1.jpg,large,392,8.1321,6.9182,6594243,5616x3744,ok,
2026-04-13T13:47:45.044350,aws,concurrency_500,dataset/large_1.jpg,large,393,1.0476,,,,error,"500, message='Internal Server Error', url='https://aum2n5vzc2.execute-api.us-east-1.amazonaws.com/Prod/process'"
2026-04-13T13:47:45.044354,aws,concurrency_500,dataset/large_1.jpg,large,394,8.1349,6.9577,6594243,5616x3744,ok,
2026-04-13T13:47:45.044358,aws,concurrency_500,dataset/large_1.jpg,large,395,1.0472,,,,error,"500, message='Internal Server Error', url='https://aum2n5vzc2.execute-api.us-east-1.amazonaws.com/Prod/process'"
2026-04-13T13:47:45.044363,aws,concurrency_500,dataset/large_1.jpg,large,396,8.0416,6.8433,6594243,5616x3744,ok,
2026-04-13T13:47:45.044367,aws,concurrency_500,dataset/large_1.jpg,large,397,1.0533,,,,error,"500, message='Internal Server Error', url='https://aum2n5vzc2.execute-api.us-east-1.amazonaws.com/Prod/process'"
2026-04-13T13:47:45.044372,aws,concurrency_500,dataset/large_1.jpg,large,398,8.06,6.8768,6594243,5616x3744,ok,
2026-04-13T13:47:45.044376,aws,concurrency_500,dataset/large_1.jpg,large,399,8.2129,7.0153,6594243,5616x3744,ok,
2026-04-13T13:47:45.044379,aws,concurrency_500,dataset/large_1.jpg,large,400,8.1345,6.9222,6594243,5616x3744,ok,
2026-04-13T13:47:45.044383,aws,concurrency_500,dataset/large_1.jpg,large,401,8.1573,6.9644,6594243,5616x3744,ok,
2026-04-13T13:47:45.044387,aws,concurrency_500,dataset/large_1.jpg,large,402,8.2739,7.0453,6594243,5616x3744,ok,
2026-04-13T13:47:45.044391,aws,concurrency_500,dataset/large_1.jpg,large,403,8.2298,7.0048,6594243,5616x3744,ok,
2026-04-13T13:47:45.044395,aws,concurrency_500,dataset/large_1.jpg,large,404,7.9805,6.8334,6594243,5616x3744,ok,
2026-04-13T13:47:45.044399,aws,concurrency_500,dataset/large_1.jpg,large,405,8.3333,7.1209,6594243,5616x3744,ok,
2026-04-13T13:47:45.044403,aws,concurrency_500,dataset/large_1.jpg,large,406,8.128,6.9013,6594243,5616x3744,ok,
2026-04-13T13:47:45.044407,aws,concurrency_500,dataset/large_1.jpg,large,407,8.2682,7.1004,6594243,5616x3744,ok,
2026-04-13T13:47:45.044411,aws,concurrency_500,dataset/large_1.jpg,large,408,1.0717,,,,error,"500, message='Internal Server Error', url='https://aum2n5vzc2.execute-api.us-east-1.amazonaws.com/Prod/process'"
2026-04-13T13:47:45.044415,aws,concurrency_500,dataset/large_1.jpg,large,409,7.6162,6.8587,6594243,5616x3744,ok,
2026-04-13T13:47:45.044419,aws,concurrency_500,dataset/large_1.jpg,large,410,1.0538,,,,error,"500, message='Internal Server Error', url='https://aum2n5vzc2.execute-api.us-east-1.amazonaws.com/Prod/process'"
2026-04-13T13:47:45.044424,aws,concurrency_500,dataset/large_1.jpg,large,411,7.6497,6.9204,6594243,5616x3744,ok,
2026-04-13T13:47:45.044428,aws,concurrency_500,dataset/large_1.jpg,large,412,1.048,,,,error,"500, message='Internal Server Error', url='https://aum2n5vzc2.execute-api.us-east-1.amazonaws.com/Prod/process'"
2026-04-13T13:47:45.044433,aws,concurrency_500,dataset/large_1.jpg,large,413,1.062,,,,error,"500, message='Internal Server Error', url='https://aum2n5vzc2.execute-api.us-east-1.amazonaws.com/Prod/process'"
2026-04-13T13:47:45.044442,aws,concurrency_500,dataset/large_1.jpg,large,414,8.1752,6.9971,6594243,5616x3744,ok,
2026-04-13T13:47:45.044447,aws,concurrency_500,dataset/large_1.jpg,large,415,8.1605,6.9262,6594243,5616x3744,ok,
2026-04-13T13:47:45.044451,aws,concurrency_500,dataset/large_1.jpg,large,416,7.2358,6.5545,6594243,5616x3744,ok,
2026-04-13T13:47:45.044455,aws,concurrency_500,dataset/large_1.jpg,large,417,7.6243,6.8974,6594243,5616x3744,ok,
2026-04-13T13:47:45.044459,aws,concurrency_500,dataset/large_1.jpg,large,418,7.6096,6.8636,6594243,5616x3744,ok,
2026-04-13T13:47:45.044463,aws,concurrency_500,dataset/large_1.jpg,large,419,7.1485,6.4321,6594243,5616x3744,ok,
2026-04-13T13:47:45.044467,aws,concurrency_500,dataset/large_1.jpg,large,420,1.0886,,,,error,"500, message='Internal Server Error', url='https://aum2n5vzc2.execute-api.us-east-1.amazonaws.com/Prod/process'"
2026-04-13T13:47:45.044472,aws,concurrency_500,dataset/large_1.jpg,large,421,7.7156,6.9824,6594243,5616x3744,ok,
2026-04-13T13:47:45.044476,aws,concurrency_500,dataset/large_1.jpg,large,422,7.7762,6.6061,6594243,5616x3744,ok,
2026-04-13T13:47:45.044480,aws,concurrency_500,dataset/large_1.jpg,large,423,8.2897,6.9013,6594243,5616x3744,ok,
2026-04-13T13:47:45.044484,aws,concurrency_500,dataset/large_1.jpg,large,424,8.1082,6.9367,6594243,5616x3744,ok,
2026-04-13T13:47:45.044488,aws,concurrency_500,dataset/large_1.jpg,large,425,1.0493,,,,error,"500, message='Internal Server Error', url='https://aum2n5vzc2.execute-api.us-east-1.amazonaws.com/Prod/process'"
2026-04-13T13:47:45.044492,aws,concurrency_500,dataset/large_1.jpg,large,426,7.9107,6.7025,6594243,5616x3744,ok,
2026-04-13T13:47:45.044496,aws,concurrency_500,dataset/large_1.jpg,large,427,7.6113,6.8728,6594243,5616x3744,ok,
2026-04-13T13:47:45.044500,aws,concurrency_500,dataset/large_1.jpg,large,428,8.0902,6.882,6594243,5616x3744,ok,
2026-04-13T13:47:45.044504,aws,concurrency_500,dataset/large_1.jpg,large,429,1.0475,,,,error,"500, message='Internal Server Error', url='https://aum2n5vzc2.execute-api.us-east-1.amazonaws.com/Prod/process'"
2026-04-13T13:47:45.044509,aws,concurrency_500,dataset/large_1.jpg,large,430,1.0516,,,,error,"500, message='Internal Server Error', url='https://aum2n5vzc2.execute-api.us-east-1.amazonaws.com/Prod/process'"
2026-04-13T13:47:45.044513,aws,concurrency_500,dataset/large_1.jpg,large,431,7.1299,6.3778,6594243,5616x3744,ok,
2026-04-13T13:47:45.044517,aws,concurrency_500,dataset/large_1.jpg,large,432,7.992,6.838,6594243,5616x3744,ok,
2026-04-13T13:47:45.044521,aws,concurrency_500,dataset/large_1.jpg,large,433,8.1762,7.0001,6594243,5616x3744,ok,
2026-04-13T13:47:45.044525,aws,concurrency_500,dataset/large_1.jpg,large,434,7.9692,6.7791,6594243,5616x3744,ok,
2026-04-13T13:47:45.044529,aws,concurrency_500,dataset/large_1.jpg,large,435,1.0486,,,,error,"500, message='Internal Server Error', url='https://aum2n5vzc2.execute-api.us-east-1.amazonaws.com/Prod/process'"
2026-04-13T13:47:45.044534,aws,concurrency_500,dataset/large_1.jpg,large,436,1.0303,,,,error,"500, message='Internal Server Error', url='https://aum2n5vzc2.execute-api.us-east-1.amazonaws.com/Prod/process'"
2026-04-13T13:47:45.044538,aws,concurrency_500,dataset/large_1.jpg,large,437,8.1961,6.9764,6594243,5616x3744,ok,
2026-04-13T13:47:45.044542,aws,concurrency_500,dataset/large_1.jpg,large,438,8.1078,6.9199,6594243,5616x3744,ok,
2026-04-13T13:47:45.044546,aws,concurrency_500,dataset/large_1.jpg,large,439,8.1434,6.9191,6594243,5616x3744,ok,
2026-04-13T13:47:45.044550,aws,concurrency_500,dataset/large_1.jpg,large,440,8.1119,6.8816,6594243,5616x3744,ok,
2026-04-13T13:47:45.044554,aws,concurrency_500,dataset/large_1.jpg,large,441,7.0486,6.3212,6594243,5616x3744,ok,
2026-04-13T13:47:45.044558,aws,concurrency_500,dataset/large_1.jpg,large,442,8.2044,7.0605,6594243,5616x3744,ok,
2026-04-13T13:47:45.044562,aws,concurrency_500,dataset/large_1.jpg,large,443,1.0755,,,,error,"500, message='Internal Server Error', url='https://aum2n5vzc2.execute-api.us-east-1.amazonaws.com/Prod/process'"
2026-04-13T13:47:45.044567,aws,concurrency_500,dataset/large_1.jpg,large,444,7.9528,6.8008,6594243,5616x3744,ok,
2026-04-13T13:47:45.044571,aws,concurrency_500,dataset/large_1.jpg,large,445,8.2278,6.9974,6594243,5616x3744,ok,
2026-04-13T13:47:45.044575,aws,concurrency_500,dataset/large_1.jpg,large,446,7.0804,6.4162,6594243,5616x3744,ok,
2026-04-13T13:47:45.044579,aws,concurrency_500,dataset/large_1.jpg,large,447,8.1684,6.9755,6594243,5616x3744,ok,
2026-04-13T13:47:45.044583,aws,concurrency_500,dataset/large_1.jpg,large,448,8.0863,6.9328,6594243,5616x3744,ok,
2026-04-13T13:47:45.044587,aws,concurrency_500,dataset/large_1.jpg,large,449,8.1954,6.9623,6594243,5616x3744,ok,
2026-04-13T13:47:45.044591,aws,concurrency_500,dataset/large_1.jpg,large,450,8.1107,6.9159,6594243,5616x3744,ok,
2026-04-13T13:47:45.044595,aws,concurrency_500,dataset/large_1.jpg,large,451,8.2889,7.14,6594243,5616x3744,ok,
2026-04-13T13:47:45.044599,aws,concurrency_500,dataset/large_1.jpg,large,452,8.365,7.0582,6594243,5616x3744,ok,
2026-04-13T13:47:45.044603,aws,concurrency_500,dataset/large_1.jpg,large,453,8.0756,6.8976,6594243,5616x3744,ok,
2026-04-13T13:47:45.044607,aws,concurrency_500,dataset/large_1.jpg,large,454,8.1918,6.9597,6594243,5616x3744,ok,
2026-04-13T13:47:45.044611,aws,concurrency_500,dataset/large_1.jpg,large,455,8.0579,6.9037,6594243,5616x3744,ok,
2026-04-13T13:47:45.044615,aws,concurrency_500,dataset/large_1.jpg,large,456,8.1456,6.9752,6594243,5616x3744,ok,
2026-04-13T13:47:45.044619,aws,concurrency_500,dataset/large_1.jpg,large,457,1.044,,,,error,"500, message='Internal Server Error', url='https://aum2n5vzc2.execute-api.us-east-1.amazonaws.com/Prod/process'"
2026-04-13T13:47:45.044623,aws,concurrency_500,dataset/large_1.jpg,large,458,8.3542,7.1105,6594243,5616x3744,ok,
2026-04-13T13:47:45.044627,aws,concurrency_500,dataset/large_1.jpg,large,459,8.1515,6.9939,6594243,5616x3744,ok,
2026-04-13T13:47:45.044631,aws,concurrency_500,dataset/large_1.jpg,large,460,1.0465,,,,error,"500, message='Internal Server Error', url='https://aum2n5vzc2.execute-api.us-east-1.amazonaws.com/Prod/process'"
2026-04-13T13:47:45.044636,aws,concurrency_500,dataset/large_1.jpg,large,461,8.3036,7.1414,6594243,5616x3744,ok,
2026-04-13T13:47:45.044640,aws,concurrency_500,dataset/large_1.jpg,large,462,1.0541,,,,error,"500, message='Internal Server Error', url='https://aum2n5vzc2.execute-api.us-east-1.amazonaws.com/Prod/process'"
2026-04-13T13:47:45.044644,aws,concurrency_500,dataset/large_1.jpg,large,463,1.056,,,,error,"500, message='Internal Server Error', url='https://aum2n5vzc2.execute-api.us-east-1.amazonaws.com/Prod/process'"
2026-04-13T13:47:45.044649,aws,concurrency_500,dataset/large_1.jpg,large,464,7.6453,6.8996,6594243,5616x3744,ok,
2026-04-13T13:47:45.044653,aws,concurrency_500,dataset/large_1.jpg,large,465,7.1827,6.4026,6594243,5616x3744,ok,
2026-04-13T13:47:45.044656,aws,concurrency_500,dataset/large_1.jpg,large,466,8.1954,6.9997,6594243,5616x3744,ok,
2026-04-13T13:47:45.044660,aws,concurrency_500,dataset/large_1.jpg,large,467,1.0371,,,,error,"500, message='Internal Server Error', url='https://aum2n5vzc2.execute-api.us-east-1.amazonaws.com/Prod/process'"
2026-04-13T13:47:45.044665,aws,concurrency_500,dataset/large_1.jpg,large,468,1.0446,,,,error,"500, message='Internal Server Error', url='https://aum2n5vzc2.execute-api.us-east-1.amazonaws.com/Prod/process'"
2026-04-13T13:47:45.044670,aws,concurrency_500,dataset/large_1.jpg,large,469,7.1729,6.473,6594243,5616x3744,ok,
2026-04-13T13:47:45.044674,aws,concurrency_500,dataset/large_1.jpg,large,470,7.6475,6.8869,6594243,5616x3744,ok,
2026-04-13T13:47:45.044677,aws,concurrency_500,dataset/large_1.jpg,large,471,7.0352,6.3451,6594243,5616x3744,ok,
2026-04-13T13:47:45.044681,aws,concurrency_500,dataset/large_1.jpg,large,472,8.1569,6.999,6594243,5616x3744,ok,
2026-04-13T13:47:45.044685,aws,concurrency_500,dataset/large_1.jpg,large,473,1.0575,,,,error,"500, message='Internal Server Error', url='https://aum2n5vzc2.execute-api.us-east-1.amazonaws.com/Prod/process'"
2026-04-13T13:47:45.044695,aws,concurrency_500,dataset/large_1.jpg,large,474,7.2214,6.5348,6594243,5616x3744,ok,
2026-04-13T13:47:45.044699,aws,concurrency_500,dataset/large_1.jpg,large,475,7.2804,6.5772,6594243,5616x3744,ok,
2026-04-13T13:47:45.044704,aws,concurrency_500,dataset/large_1.jpg,large,476,7.6529,6.9017,6594243,5616x3744,ok,
2026-04-13T13:47:45.044707,aws,concurrency_500,dataset/large_1.jpg,large,477,7.1955,6.4665,6594243,5616x3744,ok,
2026-04-13T13:47:45.044711,aws,concurrency_500,dataset/large_1.jpg,large,478,7.1668,6.4598,6594243,5616x3744,ok,
2026-04-13T13:47:45.044716,aws,concurrency_500,dataset/large_1.jpg,large,479,7.1148,6.4188,6594243,5616x3744,ok,
2026-04-13T13:47:45.044720,aws,concurrency_500,dataset/large_1.jpg,large,480,7.1169,6.3998,6594243,5616x3744,ok,
2026-04-13T13:47:45.044724,aws,concurrency_500,dataset/large_1.jpg,large,481,8.0944,6.8997,6594243,5616x3744,ok,
2026-04-13T13:47:45.044728,aws,concurrency_500,dataset/large_1.jpg,large,482,7.6949,6.9568,6594243,5616x3744,ok,
2026-04-13T13:47:45.044732,aws,concurrency_500,dataset/large_1.jpg,large,483,7.2841,6.5993,6594243,5616x3744,ok,
2026-04-13T13:47:45.044736,aws,concurrency_500,dataset/large_1.jpg,large,484,8.0628,6.881,6594243,5616x3744,ok,
2026-04-13T13:47:45.044740,aws,concurrency_500,dataset/large_1.jpg,large,485,8.0723,6.9163,6594243,5616x3744,ok,
2026-04-13T13:47:45.044745,aws,concurrency_500,dataset/large_1.jpg,large,486,1.0611,,,,error,"500, message='Internal Server Error', url='https://aum2n5vzc2.execute-api.us-east-1.amazonaws.com/Prod/process'"
2026-04-13T13:47:45.044749,aws,concurrency_500,dataset/large_1.jpg,large,487,7.0776,6.3828,6594243,5616x3744,ok,
2026-04-13T13:47:45.044753,aws,concurrency_500,dataset/large_1.jpg,large,488,8.0839,6.8852,6594243,5616x3744,ok,
2026-04-13T13:47:45.044757,aws,concurrency_500,dataset/large_1.jpg,large,489,7.628,6.9186,6594243,5616x3744,ok,
2026-04-13T13:47:45.044761,aws,concurrency_500,dataset/large_1.jpg,large,490,1.0377,,,,error,"500, message='Internal Server Error', url='https://aum2n5vzc2.execute-api.us-east-1.amazonaws.com/Prod/process'"
2026-04-13T13:47:45.044766,aws,concurrency_500,dataset/large_1.jpg,large,491,8.0801,6.8657,6594243,5616x3744,ok,
2026-04-13T13:47:45.044770,aws,concurrency_500,dataset/large_1.jpg,large,492,8.2775,7.0832,6594243,5616x3744,ok,
2026-04-13T13:47:45.044774,aws,concurrency_500,dataset/large_1.jpg,large,493,8.0694,6.895,6594243,5616x3744,ok,
2026-04-13T13:47:45.044779,aws,concurrency_500,dataset/large_1.jpg,large,494,8.2184,7.0366,6594243,5616x3744,ok,
2026-04-13T13:47:45.044783,aws,concurrency_500,dataset/large_1.jpg,large,495,8.3598,7.1764,6594243,5616x3744,ok,
2026-04-13T13:47:45.044788,aws,concurrency_500,dataset/large_1.jpg,large,496,1.0455,,,,error,"500, message='Internal Server Error', url='https://aum2n5vzc2.execute-api.us-east-1.amazonaws.com/Prod/process'"
2026-04-13T13:47:45.044793,aws,concurrency_500,dataset/large_1.jpg,large,497,1.0396,,,,error,"500, message='Internal Server Error', url='https://aum2n5vzc2.execute-api.us-east-1.amazonaws.com/Prod/process'"
2026-04-13T13:47:45.044798,aws,concurrency_500,dataset/large_1.jpg,large,498,1.0559,,,,error,"500, message='Internal Server Error', url='https://aum2n5vzc2.execute-api.us-east-1.amazonaws.com/Prod/process'"
2026-04-13T13:47:45.044802,aws,concurrency_500,dataset/large_1.jpg,large,499,8.4116,7.1492,6594243,5616x3744,ok,
2026-04-13T13:47:45.044806,aws,concurrency_500,dataset/large_1.jpg,large,500,8.0381,6.88,6594243,5616x3744,ok,
2026-04-13T13:47:47.039635,gcp,cold_start,dataset/small_1.jpg,small,1,1.9928,0.0833,63116,640x960,ok,
2026-04-13T13:47:47.649579,gcp,cold_start,dataset/small_2.jpg,small,1,0.6085,0.0805,97616,736x1099,ok,
2026-04-13T13:47:48.291083,gcp,cold_start,dataset/small_3.jpg,small,1,0.6398,0.0674,95950,736x981,ok,
2026-04-13T13:47:49.546213,gcp,cold_start,dataset/medium_1.jpg,medium,1,1.2531,0.7022,1694858,3089x2048,ok,
2026-04-13T13:47:51.802434,gcp,cold_start,dataset/medium_2.jpg,medium,1,2.2539,1.6318,1977150,3966x3966,ok,
2026-04-13T13:47:53.437313,gcp,cold_start,dataset/medium_3.jpg,medium,1,1.6324,0.9993,2215521,2475x3720,ok,
2026-04-13T13:47:56.566189,gcp,cold_start,dataset/large_1.jpg,large,1,3.1272,2.3813,6594243,5616x3744,ok,
2026-04-13T13:48:04.075867,gcp,cold_start,dataset/large_2.jpg,large,1,7.5079,6.4889,8116973,3654x5473,ok,
2026-04-13T13:48:08.898042,gcp,cold_start,dataset/large_3.jpg,large,1,4.8201,2.7716,5377411,4071x6139,ok,
2026-04-13T13:48:09.455470,gcp,warm,dataset/small_1.jpg,small,1,0.5558,0.0604,63116,640x960,ok,
2026-04-13T13:48:09.993852,gcp,warm,dataset/small_1.jpg,small,2,0.5374,0.0476,63116,640x960,ok,
2026-04-13T13:48:10.530850,gcp,warm,dataset/small_1.jpg,small,3,0.535,0.0525,63116,640x960,ok,
2026-04-13T13:48:11.046112,gcp,warm,dataset/small_1.jpg,small,4,0.5131,0.0538,63116,640x960,ok,
2026-04-13T13:48:11.561579,gcp,warm,dataset/small_1.jpg,small,5,0.5138,0.061,63116,640x960,ok,
2026-04-13T13:48:12.075958,gcp,warm,dataset/small_1.jpg,small,6,0.5122,0.0497,63116,640x960,ok,
2026-04-13T13:48:12.643831,gcp,warm,dataset/small_1.jpg,small,7,0.5657,0.0492,63116,640x960,ok,
2026-04-13T13:48:13.152781,gcp,warm,dataset/small_1.jpg,small,8,0.5075,0.0499,63116,640x960,ok,
2026-04-13T13:48:13.675544,gcp,warm,dataset/small_1.jpg,small,9,0.5206,0.0508,63116,640x960,ok,
2026-04-13T13:48:14.200022,gcp,warm,dataset/small_1.jpg,small,10,0.5219,0.0515,63116,640x960,ok,
2026-04-13T13:48:14.746072,gcp,warm,dataset/small_1.jpg,small,11,0.5439,0.0526,63116,640x960,ok,
2026-04-13T13:48:15.784000,gcp,warm,dataset/small_1.jpg,small,12,1.0356,0.0734,63116,640x960,ok,
2026-04-13T13:48:16.373479,gcp,warm,dataset/small_1.jpg,small,13,0.5876,0.1139,63116,640x960,ok,
2026-04-13T13:48:16.984599,gcp,warm,dataset/small_1.jpg,small,14,0.6095,0.0916,63116,640x960,ok,
2026-04-13T13:48:17.556210,gcp,warm,dataset/small_1.jpg,small,15,0.5699,0.1095,63116,640x960,ok,
2026-04-13T13:48:18.085003,gcp,warm,dataset/small_1.jpg,small,16,0.5271,0.0599,63116,640x960,ok,
2026-04-13T13:48:18.674023,gcp,warm,dataset/small_1.jpg,small,17,0.5871,0.109,63116,640x960,ok,
2026-04-13T13:48:19.276636,gcp,warm,dataset/small_1.jpg,small,18,0.6007,0.1171,63116,640x960,ok,
2026-04-13T13:48:19.851920,gcp,warm,dataset/small_1.jpg,small,19,0.5734,0.1163,63116,640x960,ok,
2026-04-13T13:48:20.487251,gcp,warm,dataset/small_1.jpg,small,20,0.6336,0.1087,63116,640x960,ok,
2026-04-13T13:48:21.072474,gcp,warm,dataset/small_1.jpg,small,21,0.5835,0.1149,63116,640x960,ok,
2026-04-13T13:48:21.581419,gcp,warm,dataset/small_1.jpg,small,22,0.5068,0.0618,63116,640x960,ok,
2026-04-13T13:48:22.187912,gcp,warm,dataset/small_1.jpg,small,23,0.604,0.1038,63116,640x960,ok,
2026-04-13T13:48:22.780733,gcp,warm,dataset/small_1.jpg,small,24,0.5896,0.1096,63116,640x960,ok,
2026-04-13T13:48:23.361807,gcp,warm,dataset/small_1.jpg,small,25,0.5786,0.1118,63116,640x960,ok,
2026-04-13T13:48:23.880975,gcp,warm,dataset/small_1.jpg,small,26,0.516,0.0588,63116,640x960,ok,
2026-04-13T13:48:24.454433,gcp,warm,dataset/small_1.jpg,small,27,0.5717,0.1086,63116,640x960,ok,
2026-04-13T13:48:25.075061,gcp,warm,dataset/small_1.jpg,small,28,0.6189,0.1312,63116,640x960,ok,
2026-04-13T13:48:25.592774,gcp,warm,dataset/small_1.jpg,small,29,0.5146,0.0504,63116,640x960,ok,
2026-04-13T13:48:26.192692,gcp,warm,dataset/small_1.jpg,small,30,0.5974,0.1094,63116,640x960,ok,
2026-04-13T13:48:26.782622,gcp,warm,dataset/small_1.jpg,small,31,0.5879,0.1092,63116,640x960,ok,
2026-04-13T13:48:27.309514,gcp,warm,dataset/small_1.jpg,small,32,0.5252,0.0495,63116,640x960,ok,
2026-04-13T13:48:27.867421,gcp,warm,dataset/small_1.jpg,small,33,0.5562,0.0997,63116,640x960,ok,
2026-04-13T13:48:28.399367,gcp,warm,dataset/small_1.jpg,small,34,0.5288,0.0571,63116,640x960,ok,
2026-04-13T13:48:28.962410,gcp,warm,dataset/small_1.jpg,small,35,0.5616,0.1024,63116,640x960,ok,
2026-04-13T13:48:29.499821,gcp,warm,dataset/small_1.jpg,small,36,0.5352,0.0576,63116,640x960,ok,
2026-04-13T13:48:30.082181,gcp,warm,dataset/small_1.jpg,small,37,0.5782,0.1175,63116,640x960,ok,
2026-04-13T13:48:30.674237,gcp,warm,dataset/small_1.jpg,small,38,0.5906,0.1135,63116,640x960,ok,
2026-04-13T13:48:31.324289,gcp,warm,dataset/small_1.jpg,small,39,0.6482,0.1292,63116,640x960,ok,
2026-04-13T13:48:31.870981,gcp,warm,dataset/small_1.jpg,small,40,0.5447,0.0742,63116,640x960,ok,
2026-04-13T13:48:32.486211,gcp,warm,dataset/small_1.jpg,small,41,0.6139,0.1158,63116,640x960,ok,
2026-04-13T13:48:32.991525,gcp,warm,dataset/small_1.jpg,small,42,0.5034,0.0523,63116,640x960,ok,
2026-04-13T13:48:33.595631,gcp,warm,dataset/small_1.jpg,small,43,0.6018,0.0928,63116,640x960,ok,
2026-04-13T13:48:34.171105,gcp,warm,dataset/small_1.jpg,small,44,0.5734,0.1013,63116,640x960,ok,
2026-04-13T13:48:34.707542,gcp,warm,dataset/small_1.jpg,small,45,0.5348,0.0571,63116,640x960,ok,
2026-04-13T13:48:35.270862,gcp,warm,dataset/small_1.jpg,small,46,0.5617,0.102,63116,640x960,ok,
2026-04-13T13:48:35.853271,gcp,warm,dataset/small_1.jpg,small,47,0.5807,0.1246,63116,640x960,ok,
2026-04-13T13:48:36.469312,gcp,warm,dataset/small_1.jpg,small,48,0.6147,0.0629,63116,640x960,ok,
2026-04-13T13:48:37.078408,gcp,warm,dataset/small_1.jpg,small,49,0.6064,0.1141,63116,640x960,ok,
2026-04-13T13:48:37.679458,gcp,warm,dataset/small_1.jpg,small,50,0.5986,0.1159,63116,640x960,ok,
2026-04-13T13:48:38.203790,gcp,warm,dataset/small_1.jpg,small,51,0.5227,0.0516,63116,640x960,ok,
2026-04-13T13:48:38.769416,gcp,warm,dataset/small_1.jpg,small,52,0.5638,0.0979,63116,640x960,ok,
2026-04-13T13:48:39.288302,gcp,warm,dataset/small_1.jpg,small,53,0.5171,0.0506,63116,640x960,ok,
2026-04-13T13:48:39.922982,gcp,warm,dataset/small_1.jpg,small,54,0.6324,0.1113,63116,640x960,ok,
2026-04-13T13:48:40.465278,gcp,warm,dataset/small_1.jpg,small,55,0.5405,0.0919,63116,640x960,ok,
2026-04-13T13:48:41.002714,gcp,warm,dataset/small_1.jpg,small,56,0.5351,0.049,63116,640x960,ok,
2026-04-13T13:48:41.590808,gcp,warm,dataset/small_1.jpg,small,57,0.5855,0.1008,63116,640x960,ok,
2026-04-13T13:48:42.175924,gcp,warm,dataset/small_1.jpg,small,58,0.5826,0.1097,63116,640x960,ok,
2026-04-13T13:48:42.794778,gcp,warm,dataset/small_1.jpg,small,59,0.6169,0.0975,63116,640x960,ok,
2026-04-13T13:48:43.371777,gcp,warm,dataset/small_1.jpg,small,60,0.5752,0.1044,63116,640x960,ok,
2026-04-13T13:48:43.915404,gcp,warm,dataset/small_1.jpg,small,61,0.5413,0.0543,63116,640x960,ok,
2026-04-13T13:48:44.488593,gcp,warm,dataset/small_1.jpg,small,62,0.5713,0.1002,63116,640x960,ok,
2026-04-13T13:48:45.091223,gcp,warm,dataset/small_1.jpg,small,63,0.6006,0.1143,63116,640x960,ok,
2026-04-13T13:48:45.670157,gcp,warm,dataset/small_1.jpg,small,64,0.5764,0.1149,63116,640x960,ok,
2026-04-13T13:48:46.209122,gcp,warm,dataset/small_1.jpg,small,65,0.5357,0.059,63116,640x960,ok,
2026-04-13T13:48:46.771254,gcp,warm,dataset/small_1.jpg,small,66,0.5599,0.103,63116,640x960,ok,
2026-04-13T13:48:47.287775,gcp,warm,dataset/small_1.jpg,small,67,0.5134,0.0545,63116,640x960,ok,
2026-04-13T13:48:47.892676,gcp,warm,dataset/small_1.jpg,small,68,0.6027,0.0932,63116,640x960,ok,
2026-04-13T13:48:48.470988,gcp,warm,dataset/small_1.jpg,small,69,0.5757,0.1079,63116,640x960,ok,
2026-04-13T13:48:49.077257,gcp,warm,dataset/small_1.jpg,small,70,0.6039,0.1129,63116,640x960,ok,
2026-04-13T13:48:49.674415,gcp,warm,dataset/small_1.jpg,small,71,0.5954,0.1129,63116,640x960,ok,
2026-04-13T13:48:50.182581,gcp,warm,dataset/small_1.jpg,small,72,0.5063,0.0535,63116,640x960,ok,
2026-04-13T13:48:50.778319,gcp,warm,dataset/small_1.jpg,small,73,0.5941,0.1105,63116,640x960,ok,
2026-04-13T13:48:51.368979,gcp,warm,dataset/small_1.jpg,small,74,0.5888,0.1171,63116,640x960,ok,
2026-04-13T13:48:51.909774,gcp,warm,dataset/small_1.jpg,small,75,0.5385,0.064,63116,640x960,ok,
2026-04-13T13:48:52.471534,gcp,warm,dataset/small_1.jpg,small,76,0.5599,0.0992,63116,640x960,ok,
2026-04-13T13:48:53.002483,gcp,warm,dataset/small_1.jpg,small,77,0.5287,0.0488,63116,640x960,ok,
2026-04-13T13:48:53.570278,gcp,warm,dataset/small_1.jpg,small,78,0.566,0.0985,63116,640x960,ok,
2026-04-13T13:48:54.084492,gcp,warm,dataset/small_1.jpg,small,79,0.5113,0.0475,63116,640x960,ok,
2026-04-13T13:48:54.681394,gcp,warm,dataset/small_1.jpg,small,80,0.5946,0.1139,63116,640x960,ok,
2026-04-13T13:48:55.269719,gcp,warm,dataset/small_1.jpg,small,81,0.5865,0.1135,63116,640x960,ok,
2026-04-13T13:48:55.803677,gcp,warm,dataset/small_1.jpg,small,82,0.5308,0.0495,63116,640x960,ok,
2026-04-13T13:48:56.469450,gcp,warm,dataset/small_1.jpg,small,83,0.6634,0.1442,63116,640x960,ok,
2026-04-13T13:48:57.004508,gcp,warm,dataset/small_1.jpg,small,84,0.5324,0.0486,63116,640x960,ok,
2026-04-13T13:48:57.590523,gcp,warm,dataset/small_1.jpg,small,85,0.5833,0.0982,63116,640x960,ok,
2026-04-13T13:48:58.187510,gcp,warm,dataset/small_1.jpg,small,86,0.5944,0.1077,63116,640x960,ok,
2026-04-13T13:48:58.870796,gcp,warm,dataset/small_1.jpg,small,87,0.6807,0.1122,63116,640x960,ok,
2026-04-13T13:48:59.410422,gcp,warm,dataset/small_1.jpg,small,88,0.5373,0.0489,63116,640x960,ok,
2026-04-13T13:48:59.985600,gcp,warm,dataset/small_1.jpg,small,89,0.5728,0.0969,63116,640x960,ok,
2026-04-13T13:49:00.611894,gcp,warm,dataset/small_1.jpg,small,90,0.6236,0.1134,63116,640x960,ok,
2026-04-13T13:49:01.196348,gcp,warm,dataset/small_1.jpg,small,91,0.5791,0.0901,63116,640x960,ok,
2026-04-13T13:49:01.783780,gcp,warm,dataset/small_1.jpg,small,92,0.586,0.1048,63116,640x960,ok,
2026-04-13T13:49:02.374063,gcp,warm,dataset/small_1.jpg,small,93,0.5885,0.1192,63116,640x960,ok,
2026-04-13T13:49:02.900828,gcp,warm,dataset/small_1.jpg,small,94,0.525,0.0485,63116,640x960,ok,
2026-04-13T13:49:03.485480,gcp,warm,dataset/small_1.jpg,small,95,0.5831,0.1068,63116,640x960,ok,
2026-04-13T13:49:04.081017,gcp,warm,dataset/small_1.jpg,small,96,0.5931,0.1121,63116,640x960,ok,
2026-04-13T13:49:04.672776,gcp,warm,dataset/small_1.jpg,small,97,0.5896,0.1151,63116,640x960,ok,
2026-04-13T13:49:05.187214,gcp,warm,dataset/small_1.jpg,small,98,0.5125,0.0517,63116,640x960,ok,
2026-04-13T13:49:05.774417,gcp,warm,dataset/small_1.jpg,small,99,0.5853,0.1117,63116,640x960,ok,
2026-04-13T13:49:06.373686,gcp,warm,dataset/small_1.jpg,small,100,0.5976,0.111,63116,640x960,ok,
2026-04-13T13:49:08.787411,gcp,warm,dataset/medium_1.jpg,medium,1,2.4115,1.8143,1694858,3089x2048,ok,
2026-04-13T13:49:10.980875,gcp,warm,dataset/medium_1.jpg,medium,2,2.1915,1.6062,1694858,3089x2048,ok,
2026-04-13T13:49:13.283441,gcp,warm,dataset/medium_1.jpg,medium,3,2.2994,1.8134,1694858,3089x2048,ok,
2026-04-13T13:49:15.386278,gcp,warm,dataset/medium_1.jpg,medium,4,2.1,1.5308,1694858,3089x2048,ok,
2026-04-13T13:49:17.683771,gcp,warm,dataset/medium_1.jpg,medium,5,2.2951,1.8097,1694858,3089x2048,ok,
2026-04-13T13:49:19.889003,gcp,warm,dataset/medium_1.jpg,medium,6,2.2015,1.6105,1694858,3089x2048,ok,
2026-04-13T13:49:22.285001,gcp,warm,dataset/medium_1.jpg,medium,7,2.3941,1.8836,1694858,3089x2048,ok,
2026-04-13T13:49:24.400856,gcp,warm,dataset/medium_1.jpg,medium,8,2.1141,1.6161,1694858,3089x2048,ok,
2026-04-13T13:49:26.774977,gcp,warm,dataset/medium_1.jpg,medium,9,2.3715,1.799,1694858,3089x2048,ok,
2026-04-13T13:49:28.957651,gcp,warm,dataset/medium_1.jpg,medium,10,2.1803,1.5955,1694858,3089x2048,ok,
2026-04-13T13:49:31.273971,gcp,warm,dataset/medium_1.jpg,medium,11,2.3146,1.8042,1694858,3089x2048,ok,
2026-04-13T13:49:33.374426,gcp,warm,dataset/medium_1.jpg,medium,12,2.0988,1.6088,1694858,3089x2048,ok,
2026-04-13T13:49:35.786812,gcp,warm,dataset/medium_1.jpg,medium,13,2.4096,1.8923,1694858,3089x2048,ok,
2026-04-13T13:49:37.873551,gcp,warm,dataset/medium_1.jpg,medium,14,2.0832,1.6042,1694858,3089x2048,ok,
2026-04-13T13:49:40.172303,gcp,warm,dataset/medium_1.jpg,medium,15,2.2971,1.7937,1694858,3089x2048,ok,
2026-04-13T13:49:42.282730,gcp,warm,dataset/medium_1.jpg,medium,16,2.1084,1.6019,1694858,3089x2048,ok,
2026-04-13T13:49:44.599268,gcp,warm,dataset/medium_1.jpg,medium,17,2.3141,1.8044,1694858,3089x2048,ok,
2026-04-13T13:49:47.002431,gcp,warm,dataset/medium_1.jpg,medium,18,2.4009,1.6043,1694858,3089x2048,ok,
2026-04-13T13:49:49.355183,gcp,warm,dataset/medium_1.jpg,medium,19,2.3499,1.8017,1694858,3089x2048,ok,
2026-04-13T13:49:51.465884,gcp,warm,dataset/medium_1.jpg,medium,20,2.1064,1.6028,1694858,3089x2048,ok,
2026-04-13T13:49:53.879212,gcp,warm,dataset/medium_1.jpg,medium,21,2.4103,1.8993,1694858,3089x2048,ok,
2026-04-13T13:49:55.966520,gcp,warm,dataset/medium_1.jpg,medium,22,2.0848,1.6043,1694858,3089x2048,ok,
2026-04-13T13:49:58.263520,gcp,warm,dataset/medium_1.jpg,medium,23,2.2951,1.8047,1694858,3089x2048,ok,
2026-04-13T13:50:00.392406,gcp,warm,dataset/medium_1.jpg,medium,24,2.126,1.61,1694858,3089x2048,ok,
2026-04-13T13:50:02.868422,gcp,warm,dataset/medium_1.jpg,medium,25,2.4747,1.8944,1694858,3089x2048,ok,
2026-04-13T13:50:05.123136,gcp,warm,dataset/medium_1.jpg,medium,26,2.2529,1.5916,1694858,3089x2048,ok,
2026-04-13T13:50:07.465398,gcp,warm,dataset/medium_1.jpg,medium,27,2.3408,1.8068,1694858,3089x2048,ok,
2026-04-13T13:50:09.597716,gcp,warm,dataset/medium_1.jpg,medium,28,2.1304,1.6127,1694858,3089x2048,ok,
2026-04-13T13:50:11.962581,gcp,warm,dataset/medium_1.jpg,medium,29,2.3621,1.7992,1694858,3089x2048,ok,
2026-04-13T13:50:14.105004,gcp,warm,dataset/medium_1.jpg,medium,30,2.1399,1.6204,1694858,3089x2048,ok,
2026-04-13T13:50:16.491738,gcp,warm,dataset/medium_1.jpg,medium,31,2.3849,1.8122,1694858,3089x2048,ok,
2026-04-13T13:50:18.668091,gcp,warm,dataset/medium_1.jpg,medium,32,2.1732,1.5929,1694858,3089x2048,ok,
2026-04-13T13:50:21.064609,gcp,warm,dataset/medium_1.jpg,medium,33,2.3949,1.8912,1694858,3089x2048,ok,
2026-04-13T13:50:23.279747,gcp,warm,dataset/medium_1.jpg,medium,34,2.2133,1.6964,1694858,3089x2048,ok,
2026-04-13T13:50:25.684012,gcp,warm,dataset/medium_1.jpg,medium,35,2.4015,1.9019,1694858,3089x2048,ok,
2026-04-13T13:50:27.883624,gcp,warm,dataset/medium_1.jpg,medium,36,2.1967,1.686,1694858,3089x2048,ok,
2026-04-13T13:50:30.262025,gcp,warm,dataset/medium_1.jpg,medium,37,2.3766,1.8854,1694858,3089x2048,ok,
2026-04-13T13:50:32.362834,gcp,warm,dataset/medium_1.jpg,medium,38,2.0991,1.6038,1694858,3089x2048,ok,
2026-04-13T13:50:34.771194,gcp,warm,dataset/medium_1.jpg,medium,39,2.4046,1.8057,1694858,3089x2048,ok,
2026-04-13T13:50:36.907741,gcp,warm,dataset/medium_1.jpg,medium,40,2.1347,1.5372,1694858,3089x2048,ok,
2026-04-13T13:50:39.276948,gcp,warm,dataset/medium_1.jpg,medium,41,2.3671,1.8006,1694858,3089x2048,ok,
2026-04-13T13:50:41.470659,gcp,warm,dataset/medium_1.jpg,medium,42,2.1917,1.6124,1694858,3089x2048,ok,
2026-04-13T13:50:43.876955,gcp,warm,dataset/medium_1.jpg,medium,43,2.4043,1.8927,1694858,3089x2048,ok,
2026-04-13T13:50:46.095859,gcp,warm,dataset/medium_1.jpg,medium,44,2.2174,1.615,1694858,3089x2048,ok,
2026-04-13T13:50:48.602633,gcp,warm,dataset/medium_1.jpg,medium,45,2.5036,1.9077,1694858,3089x2048,ok,
2026-04-13T13:50:50.873182,gcp,warm,dataset/medium_1.jpg,medium,46,2.2686,1.6994,1694858,3089x2048,ok,
2026-04-13T13:50:53.371307,gcp,warm,dataset/medium_1.jpg,medium,47,2.4954,1.9811,1694858,3089x2048,ok,
2026-04-13T13:50:55.678565,gcp,warm,dataset/medium_1.jpg,medium,48,2.3055,1.7025,1694858,3089x2048,ok,
2026-04-13T13:50:58.195874,gcp,warm,dataset/medium_1.jpg,medium,49,2.5152,1.9196,1694858,3089x2048,ok,
2026-04-13T13:51:00.571913,gcp,warm,dataset/medium_1.jpg,medium,50,2.3731,1.7875,1694858,3089x2048,ok,
2026-04-13T13:51:03.182164,gcp,warm,dataset/medium_1.jpg,medium,51,2.6073,2.0741,1694858,3089x2048,ok,
2026-04-13T13:51:05.494005,gcp,warm,dataset/medium_1.jpg,medium,52,2.3098,1.74,1694858,3089x2048,ok,
2026-04-13T13:51:07.999607,gcp,warm,dataset/medium_1.jpg,medium,53,2.5039,1.9132,1694858,3089x2048,ok,
2026-04-13T13:51:10.272885,gcp,warm,dataset/medium_1.jpg,medium,54,2.2706,1.7084,1694858,3089x2048,ok,
2026-04-13T13:51:12.799422,gcp,warm,dataset/medium_1.jpg,medium,55,2.5237,1.9234,1694858,3089x2048,ok,
2026-04-13T13:51:15.089101,gcp,warm,dataset/medium_1.jpg,medium,56,2.2878,1.7254,1694858,3089x2048,ok,
2026-04-13T13:51:17.724348,gcp,warm,dataset/medium_1.jpg,medium,57,2.6333,2.0214,1694858,3089x2048,ok,
2026-04-13T13:51:20.068158,gcp,warm,dataset/medium_1.jpg,medium,58,2.3415,1.8017,1694858,3089x2048,ok,
2026-04-13T13:51:22.588987,gcp,warm,dataset/medium_1.jpg,medium,59,2.5188,1.9881,1694858,3089x2048,ok,
2026-04-13T13:51:24.868694,gcp,warm,dataset/medium_1.jpg,medium,60,2.2771,1.7055,1694858,3089x2048,ok,
2026-04-13T13:51:27.305847,gcp,warm,dataset/medium_1.jpg,medium,61,2.4354,1.9179,1694858,3089x2048,ok,
2026-04-13T13:51:29.589374,gcp,warm,dataset/medium_1.jpg,medium,62,2.2803,1.7043,1694858,3089x2048,ok,
2026-04-13T13:51:32.072028,gcp,warm,dataset/medium_1.jpg,medium,63,2.4802,1.9854,1694858,3089x2048,ok,
2026-04-13T13:51:34.303950,gcp,warm,dataset/medium_1.jpg,medium,64,2.2296,1.7102,1694858,3089x2048,ok,
2026-04-13T13:51:36.787409,gcp,warm,dataset/medium_1.jpg,medium,65,2.4806,1.9029,1694858,3089x2048,ok,
2026-04-13T13:51:39.091549,gcp,warm,dataset/medium_1.jpg,medium,66,2.302,1.7138,1694858,3089x2048,ok,
2026-04-13T13:51:41.593653,gcp,warm,dataset/medium_1.jpg,medium,67,2.4998,1.9205,1694858,3089x2048,ok,
2026-04-13T13:51:43.950856,gcp,warm,dataset/medium_1.jpg,medium,68,2.3555,1.7176,1694858,3089x2048,ok,
2026-04-13T13:51:46.484043,gcp,warm,dataset/medium_1.jpg,medium,69,2.5294,1.9913,1694858,3089x2048,ok,
2026-04-13T13:51:48.783514,gcp,warm,dataset/medium_1.jpg,medium,70,2.2951,1.6942,1694858,3089x2048,ok,
2026-04-13T13:51:51.292557,gcp,warm,dataset/medium_1.jpg,medium,71,2.5068,1.9329,1694858,3089x2048,ok,
2026-04-13T13:51:53.590319,gcp,warm,dataset/medium_1.jpg,medium,72,2.2951,1.7199,1694858,3089x2048,ok,
2026-04-13T13:51:56.086123,gcp,warm,dataset/medium_1.jpg,medium,73,2.4933,1.9079,1694858,3089x2048,ok,
2026-04-13T13:51:58.392689,gcp,warm,dataset/medium_1.jpg,medium,74,2.3046,1.7017,1694858,3089x2048,ok,
2026-04-13T13:52:00.878404,gcp,warm,dataset/medium_1.jpg,medium,75,2.4835,1.9155,1694858,3089x2048,ok,
2026-04-13T13:52:03.180200,gcp,warm,dataset/medium_1.jpg,medium,76,2.2879,1.6994,1694858,3089x2048,ok,
2026-04-13T13:52:05.757486,gcp,warm,dataset/medium_1.jpg,medium,77,2.5755,1.9938,1694858,3089x2048,ok,
2026-04-13T13:52:08.178730,gcp,warm,dataset/medium_1.jpg,medium,78,2.4186,1.7781,1694858,3089x2048,ok,
2026-04-13T13:52:10.757913,gcp,warm,dataset/medium_1.jpg,medium,79,2.5772,2.0002,1694858,3089x2048,ok,
2026-04-13T13:52:13.081043,gcp,warm,dataset/medium_1.jpg,medium,80,2.3218,1.794,1694858,3089x2048,ok,
2026-04-13T13:52:15.606178,gcp,warm,dataset/medium_1.jpg,medium,81,2.5201,1.996,1694858,3089x2048,ok,
2026-04-13T13:52:17.954579,gcp,warm,dataset/medium_1.jpg,medium,82,2.3457,1.7866,1694858,3089x2048,ok,
2026-04-13T13:52:20.385551,gcp,warm,dataset/medium_1.jpg,medium,83,2.4296,1.8904,1694858,3089x2048,ok,
2026-04-13T13:52:22.693715,gcp,warm,dataset/medium_1.jpg,medium,84,2.3067,1.7152,1694858,3089x2048,ok,
2026-04-13T13:52:25.176537,gcp,warm,dataset/medium_1.jpg,medium,85,2.4811,1.9129,1694858,3089x2048,ok,
2026-04-13T13:52:27.479611,gcp,warm,dataset/medium_1.jpg,medium,86,2.3005,1.7743,1694858,3089x2048,ok,
2026-04-13T13:52:29.883778,gcp,warm,dataset/medium_1.jpg,medium,87,2.4017,1.89,1694858,3089x2048,ok,
2026-04-13T13:52:32.158523,gcp,warm,dataset/medium_1.jpg,medium,88,2.2722,1.7872,1694858,3089x2048,ok,
2026-04-13T13:52:34.628529,gcp,warm,dataset/medium_1.jpg,medium,89,2.4676,1.812,1694858,3089x2048,ok,
2026-04-13T13:52:36.891427,gcp,warm,dataset/medium_1.jpg,medium,90,2.2611,1.7081,1694858,3089x2048,ok,
2026-04-13T13:52:39.297841,gcp,warm,dataset/medium_1.jpg,medium,91,2.4047,1.8165,1694858,3089x2048,ok,
2026-04-13T13:52:41.602535,gcp,warm,dataset/medium_1.jpg,medium,92,2.303,1.7109,1694858,3089x2048,ok,
2026-04-13T13:52:43.990440,gcp,warm,dataset/medium_1.jpg,medium,93,2.3861,1.8115,1694858,3089x2048,ok,
2026-04-13T13:52:46.283240,gcp,warm,dataset/medium_1.jpg,medium,94,2.291,1.7099,1694858,3089x2048,ok,
2026-04-13T13:52:48.672134,gcp,warm,dataset/medium_1.jpg,medium,95,2.3865,1.8845,1694858,3089x2048,ok,
2026-04-13T13:52:50.971008,gcp,warm,dataset/medium_1.jpg,medium,96,2.2972,1.7309,1694858,3089x2048,ok,
2026-04-13T13:52:53.296195,gcp,warm,dataset/medium_1.jpg,medium,97,2.3227,1.7973,1694858,3089x2048,ok,
2026-04-13T13:52:55.463124,gcp,warm,dataset/medium_1.jpg,medium,98,2.1654,1.6748,1694858,3089x2048,ok,
2026-04-13T13:52:57.875146,gcp,warm,dataset/medium_1.jpg,medium,99,2.41,1.7917,1694858,3089x2048,ok,
2026-04-13T13:53:00.064210,gcp,warm,dataset/medium_1.jpg,medium,100,2.1865,1.591,1694858,3089x2048,ok,
2026-04-13T13:53:07.463770,gcp,warm,dataset/large_1.jpg,large,1,7.3957,6.5897,6594243,5616x3744,ok,
2026-04-13T13:53:11.689583,gcp,warm,dataset/large_1.jpg,large,2,4.2233,2.5011,6594243,5616x3744,ok,
2026-04-13T13:53:14.882175,gcp,warm,dataset/large_1.jpg,large,3,3.1898,2.5862,6594243,5616x3744,ok,
2026-04-13T13:53:18.013541,gcp,warm,dataset/large_1.jpg,large,4,3.1294,2.5276,6594243,5616x3744,ok,
2026-04-13T13:53:22.820772,gcp,warm,dataset/large_1.jpg,large,5,4.8052,2.68,6594243,5616x3744,ok,
2026-04-13T13:53:25.948181,gcp,warm,dataset/large_1.jpg,large,6,3.1251,2.5066,6594243,5616x3744,ok,
2026-04-13T13:53:29.602964,gcp,warm,dataset/large_1.jpg,large,7,3.6516,3.0407,6594243,5616x3744,ok,
2026-04-13T13:53:34.886197,gcp,warm,dataset/large_1.jpg,large,8,5.2817,2.8352,6594243,5616x3744,ok,
2026-04-13T13:53:38.098049,gcp,warm,dataset/large_1.jpg,large,9,3.2101,2.6255,6594243,5616x3744,ok,
2026-04-13T13:53:41.232540,gcp,warm,dataset/large_1.jpg,large,10,3.1324,2.5623,6594243,5616x3744,ok,
2026-04-13T13:53:45.966315,gcp,warm,dataset/large_1.jpg,large,11,4.7319,2.6492,6594243,5616x3744,ok,
2026-04-13T13:53:49.107310,gcp,warm,dataset/large_1.jpg,large,12,3.1394,2.5399,6594243,5616x3744,ok,
2026-04-13T13:53:52.403794,gcp,warm,dataset/large_1.jpg,large,13,3.2945,2.7107,6594243,5616x3744,ok,
2026-04-13T13:53:56.820859,gcp,warm,dataset/large_1.jpg,large,14,4.4153,2.6998,6594243,5616x3744,ok,
2026-04-13T13:54:00.006911,gcp,warm,dataset/large_1.jpg,large,15,3.1835,2.6093,6594243,5616x3744,ok,
2026-04-13T13:54:02.959048,gcp,warm,dataset/large_1.jpg,large,16,2.9507,2.4146,6594243,5616x3744,ok,
2026-04-13T13:54:07.541326,gcp,warm,dataset/large_1.jpg,large,17,4.5803,2.4095,6594243,5616x3744,ok,
2026-04-13T13:54:10.421847,gcp,warm,dataset/large_1.jpg,large,18,2.8788,2.2976,6594243,5616x3744,ok,
2026-04-13T13:54:13.293167,gcp,warm,dataset/large_1.jpg,large,19,2.9499,2.3937,6594243,5616x3744,ok,
2026-04-13T13:54:17.199576,gcp,warm,dataset/large_1.jpg,large,20,3.9045,2.3433,6594243,5616x3744,ok,
2026-04-13T13:54:20.043994,gcp,warm,dataset/large_1.jpg,large,21,2.8427,2.2633,6594243,5616x3744,ok,
2026-04-13T13:54:22.889701,gcp,warm,dataset/large_1.jpg,large,22,2.8443,2.2987,6594243,5616x3744,ok,
2026-04-13T13:54:27.049880,gcp,warm,dataset/large_1.jpg,large,23,4.1574,2.2996,6594243,5616x3744,ok,
2026-04-13T13:54:29.866308,gcp,warm,dataset/large_1.jpg,large,24,2.8145,2.2526,6594243,5616x3744,ok,
2026-04-13T13:54:32.744227,gcp,warm,dataset/large_1.jpg,large,25,2.8763,2.2957,6594243,5616x3744,ok,
2026-04-13T13:54:37.239216,gcp,warm,dataset/large_1.jpg,large,26,4.4933,2.3664,6594243,5616x3744,ok,
2026-04-13T13:54:40.069950,gcp,warm,dataset/large_1.jpg,large,27,2.8282,2.2903,6594243,5616x3744,ok,
2026-04-13T13:54:42.889841,gcp,warm,dataset/large_1.jpg,large,28,2.8175,2.27,6594243,5616x3744,ok,
2026-04-13T13:54:47.229400,gcp,warm,dataset/large_1.jpg,large,29,4.3365,2.3504,6594243,5616x3744,ok,
2026-04-13T13:54:50.073435,gcp,warm,dataset/large_1.jpg,large,30,2.8422,2.2808,6594243,5616x3744,ok,
2026-04-13T13:54:52.993644,gcp,warm,dataset/large_1.jpg,large,31,2.9178,2.33,6594243,5616x3744,ok,
2026-04-13T13:54:58.015472,gcp,warm,dataset/large_1.jpg,large,32,5.0194,4.4577,6594243,5616x3744,ok,
2026-04-13T13:55:04.977552,gcp,warm,dataset/large_1.jpg,large,33,6.96,6.2075,6594243,5616x3744,ok,
2026-04-13T13:55:11.910293,gcp,warm,dataset/large_1.jpg,large,34,6.9309,6.2163,6594243,5616x3744,ok,
2026-04-13T13:55:18.909981,gcp,warm,dataset/large_1.jpg,large,35,6.998,6.2334,6594243,5616x3744,ok,
2026-04-13T13:55:25.890916,gcp,warm,dataset/large_1.jpg,large,36,6.9793,6.3019,6594243,5616x3744,ok,
2026-04-13T13:55:29.044373,gcp,warm,dataset/large_1.jpg,large,37,3.1508,2.4122,6594243,5616x3744,ok,
2026-04-13T13:55:36.010244,gcp,warm,dataset/large_1.jpg,large,38,6.9643,6.2192,6594243,5616x3744,ok,
2026-04-13T13:55:43.414294,gcp,warm,dataset/large_1.jpg,large,39,7.4025,6.5971,6594243,5616x3744,ok,
2026-04-13T13:55:50.496906,gcp,warm,dataset/large_1.jpg,large,40,7.0809,6.2957,6594243,5616x3744,ok,
2026-04-13T13:55:57.882217,gcp,warm,dataset/large_1.jpg,large,41,7.3834,6.5964,6594243,5616x3744,ok,
2026-04-13T13:56:04.892028,gcp,warm,dataset/large_1.jpg,large,42,7.0082,6.2018,6594243,5616x3744,ok,
2026-04-13T13:56:08.012721,gcp,warm,dataset/large_1.jpg,large,43,3.1189,2.3939,6594243,5616x3744,ok,
2026-04-13T13:56:15.097148,gcp,warm,dataset/large_1.jpg,large,44,7.0819,6.2987,6594243,5616x3744,ok,
2026-04-13T13:56:22.514151,gcp,warm,dataset/large_1.jpg,large,45,7.4143,6.5963,6594243,5616x3744,ok,
2026-04-13T13:56:29.600357,gcp,warm,dataset/large_1.jpg,large,46,7.0846,6.3003,6594243,5616x3744,ok,
2026-04-13T13:56:37.027104,gcp,warm,dataset/large_1.jpg,large,47,7.4254,6.5942,6594243,5616x3744,ok,
2026-04-13T13:56:44.009912,gcp,warm,dataset/large_1.jpg,large,48,6.9811,6.2204,6594243,5616x3744,ok,
2026-04-13T13:56:47.110504,gcp,warm,dataset/large_1.jpg,large,49,3.0988,2.3724,6594243,5616x3744,ok,
2026-04-13T13:56:54.095180,gcp,warm,dataset/large_1.jpg,large,50,6.983,6.2026,6594243,5616x3744,ok,
2026-04-13T13:57:01.475430,gcp,warm,dataset/large_1.jpg,large,51,7.3781,6.6016,6594243,5616x3744,ok,
2026-04-13T13:57:08.595462,gcp,warm,dataset/large_1.jpg,large,52,7.1183,6.3254,6594243,5616x3744,ok,
2026-04-13T13:57:15.848975,gcp,warm,dataset/large_1.jpg,large,53,7.2512,6.4948,6594243,5616x3744,ok,
2026-04-13T13:57:22.810685,gcp,warm,dataset/large_1.jpg,large,54,6.9599,6.2132,6594243,5616x3744,ok,
2026-04-13T13:57:25.863633,gcp,warm,dataset/large_1.jpg,large,55,3.0507,2.3289,6594243,5616x3744,ok,
2026-04-13T13:57:32.778149,gcp,warm,dataset/large_1.jpg,large,56,6.9128,6.209,6594243,5616x3744,ok,
2026-04-13T13:57:40.121937,gcp,warm,dataset/large_1.jpg,large,57,7.3422,6.516,6594243,5616x3744,ok,
2026-04-13T13:57:47.192774,gcp,warm,dataset/large_1.jpg,large,58,7.0691,6.2968,6594243,5616x3744,ok,
2026-04-13T13:57:54.652463,gcp,warm,dataset/large_1.jpg,large,59,7.4566,6.7105,6594243,5616x3744,ok,
2026-04-13T13:58:01.810983,gcp,warm,dataset/large_1.jpg,large,60,7.1566,6.3106,6594243,5616x3744,ok,
2026-04-13T13:58:04.942849,gcp,warm,dataset/large_1.jpg,large,61,3.1302,2.4152,6594243,5616x3744,ok,
2026-04-13T13:58:11.978997,gcp,warm,dataset/large_1.jpg,large,62,7.0347,6.3014,6594243,5616x3744,ok,
2026-04-13T13:58:19.417184,gcp,warm,dataset/large_1.jpg,large,63,7.4359,6.5885,6594243,5616x3744,ok,
2026-04-13T13:58:26.386013,gcp,warm,dataset/large_1.jpg,large,64,6.9657,6.287,6594243,5616x3744,ok,
2026-04-13T13:58:33.836145,gcp,warm,dataset/large_1.jpg,large,65,7.4455,6.7106,6594243,5616x3744,ok,
2026-04-13T13:58:40.990989,gcp,warm,dataset/large_1.jpg,large,66,7.1534,6.3983,6594243,5616x3744,ok,
2026-04-13T13:58:44.246392,gcp,warm,dataset/large_1.jpg,large,67,3.2537,2.5565,6594243,5616x3744,ok,
2026-04-13T13:58:52.281326,gcp,warm,dataset/large_1.jpg,large,68,8.0333,6.302,6594243,5616x3744,ok,
2026-04-13T13:58:59.574464,gcp,warm,dataset/large_1.jpg,large,69,7.2914,6.5065,6594243,5616x3744,ok,
2026-04-13T13:59:06.688016,gcp,warm,dataset/large_1.jpg,large,70,7.1113,6.3749,6594243,5616x3744,ok,
2026-04-13T13:59:13.991842,gcp,warm,dataset/large_1.jpg,large,71,7.3023,6.5212,6594243,5616x3744,ok,
2026-04-13T13:59:21.011855,gcp,warm,dataset/large_1.jpg,large,72,7.0164,6.2052,6594243,5616x3744,ok,
2026-04-13T13:59:24.196595,gcp,warm,dataset/large_1.jpg,large,73,3.1824,2.4622,6594243,5616x3744,ok,
2026-04-13T13:59:31.196922,gcp,warm,dataset/large_1.jpg,large,74,6.998,6.2095,6594243,5616x3744,ok,
2026-04-13T13:59:38.605201,gcp,warm,dataset/large_1.jpg,large,75,7.4061,6.5984,6594243,5616x3744,ok,
2026-04-13T13:59:45.544665,gcp,warm,dataset/large_1.jpg,large,76,6.9376,6.2015,6594243,5616x3744,ok,
2026-04-13T13:59:52.867707,gcp,warm,dataset/large_1.jpg,large,77,7.3188,6.5063,6594243,5616x3744,ok,
2026-04-13T13:59:59.890532,gcp,warm,dataset/large_1.jpg,large,78,7.0212,6.2051,6594243,5616x3744,ok,
2026-04-13T14:00:03.296824,gcp,warm,dataset/large_1.jpg,large,79,3.404,2.439,6594243,5616x3744,ok,
2026-04-13T14:00:10.219643,gcp,warm,dataset/large_1.jpg,large,80,6.9212,6.2037,6594243,5616x3744,ok,
2026-04-13T14:00:17.561876,gcp,warm,dataset/large_1.jpg,large,81,7.3397,6.5069,6594243,5616x3744,ok,
2026-04-13T14:00:24.595423,gcp,warm,dataset/large_1.jpg,large,82,7.0319,6.1965,6594243,5616x3744,ok,
2026-04-13T14:00:31.945948,gcp,warm,dataset/large_1.jpg,large,83,7.3489,6.5231,6594243,5616x3744,ok,
2026-04-13T14:00:39.023626,gcp,warm,dataset/large_1.jpg,large,84,7.0748,6.3143,6594243,5616x3744,ok,
2026-04-13T14:00:42.155621,gcp,warm,dataset/large_1.jpg,large,85,3.1303,2.3706,6594243,5616x3744,ok,
2026-04-13T14:00:49.185893,gcp,warm,dataset/large_1.jpg,large,86,7.0274,6.2165,6594243,5616x3744,ok,
2026-04-13T14:00:56.554058,gcp,warm,dataset/large_1.jpg,large,87,7.3659,6.4943,6594243,5616x3744,ok,
2026-04-13T14:01:03.519315,gcp,warm,dataset/large_1.jpg,large,88,6.9634,6.1329,6594243,5616x3744,ok,
2026-04-13T14:01:11.260002,gcp,warm,dataset/large_1.jpg,large,89,7.7382,6.6888,6594243,5616x3744,ok,
2026-04-13T14:01:18.295199,gcp,warm,dataset/large_1.jpg,large,90,7.0327,6.2036,6594243,5616x3744,ok,
2026-04-13T14:01:21.622770,gcp,warm,dataset/large_1.jpg,large,91,3.3253,2.4592,6594243,5616x3744,ok,
2026-04-13T14:01:28.587745,gcp,warm,dataset/large_1.jpg,large,92,6.9631,6.1917,6594243,5616x3744,ok,
2026-04-13T14:01:35.835862,gcp,warm,dataset/large_1.jpg,large,93,7.245,6.4035,6594243,5616x3744,ok,
2026-04-13T14:01:42.899306,gcp,warm,dataset/large_1.jpg,large,94,7.0613,6.3008,6594243,5616x3744,ok,
2026-04-13T14:01:50.140294,gcp,warm,dataset/large_1.jpg,large,95,7.2389,6.5057,6594243,5616x3744,ok,
2026-04-13T14:01:57.205693,gcp,warm,dataset/large_1.jpg,large,96,7.0623,6.3073,6594243,5616x3744,ok,
2026-04-13T14:02:00.373258,gcp,warm,dataset/large_1.jpg,large,97,3.1657,2.4523,6594243,5616x3744,ok,
2026-04-13T14:02:07.289173,gcp,warm,dataset/large_1.jpg,large,98,6.9142,6.2188,6594243,5616x3744,ok,
2026-04-13T14:02:14.532721,gcp,warm,dataset/large_1.jpg,large,99,7.241,6.4972,6594243,5616x3744,ok,
2026-04-13T14:02:21.584766,gcp,warm,dataset/large_1.jpg,large,100,7.0489,6.2827,6594243,5616x3744,ok,
2026-04-13T14:02:25.906703,gcp,concurrency_50,dataset/small_1.jpg,small,1,4.1093,0.1426,63116,640x960,ok,
2026-04-13T14:02:25.906761,gcp,concurrency_50,dataset/small_1.jpg,small,2,4.192,0.1049,63116,640x960,ok,
2026-04-13T14:02:25.906772,gcp,concurrency_50,dataset/small_1.jpg,small,3,2.1919,0.0577,63116,640x960,ok,
2026-04-13T14:02:25.906781,gcp,concurrency_50,dataset/small_1.jpg,small,4,0.6061,0.1035,63116,640x960,ok,
2026-04-13T14:02:25.906790,gcp,concurrency_50,dataset/small_1.jpg,small,5,3.9238,0.1082,63116,640x960,ok,
2026-04-13T14:02:25.906799,gcp,concurrency_50,dataset/small_1.jpg,small,6,2.6349,0.0592,63116,640x960,ok,
2026-04-13T14:02:25.906808,gcp,concurrency_50,dataset/small_1.jpg,small,7,0.7699,0.0749,63116,640x960,ok,
2026-04-13T14:02:25.906816,gcp,concurrency_50,dataset/small_1.jpg,small,8,2.5037,0.0591,63116,640x960,ok,
2026-04-13T14:02:25.906825,gcp,concurrency_50,dataset/small_1.jpg,small,9,3.7852,0.0712,63116,640x960,ok,
2026-04-13T14:02:25.906833,gcp,concurrency_50,dataset/small_1.jpg,small,10,1.3942,0.0803,63116,640x960,ok,
2026-04-13T14:02:25.906842,gcp,concurrency_50,dataset/small_1.jpg,small,11,4.2999,0.0912,63116,640x960,ok,
2026-04-13T14:02:25.906850,gcp,concurrency_50,dataset/small_1.jpg,small,12,1.1159,0.1406,63116,640x960,ok,
2026-04-13T14:02:25.906859,gcp,concurrency_50,dataset/small_1.jpg,small,13,2.4195,0.0569,63116,640x960,ok,
2026-04-13T14:02:25.906866,gcp,concurrency_50,dataset/small_1.jpg,small,14,2.2815,0.0753,63116,640x960,ok,
2026-04-13T14:02:25.906875,gcp,concurrency_50,dataset/small_1.jpg,small,15,2.376,0.0613,63116,640x960,ok,
2026-04-13T14:02:25.906883,gcp,concurrency_50,dataset/small_1.jpg,small,16,1.2271,0.0833,63116,640x960,ok,
2026-04-13T14:02:25.906892,gcp,concurrency_50,dataset/small_1.jpg,small,17,0.9499,0.0763,63116,640x960,ok,
2026-04-13T14:02:25.906901,gcp,concurrency_50,dataset/small_1.jpg,small,18,0.6309,0.1422,63116,640x960,ok,
2026-04-13T14:02:25.906910,gcp,concurrency_50,dataset/small_1.jpg,small,19,3.4427,0.1319,63116,640x960,ok,
2026-04-13T14:02:25.906919,gcp,concurrency_50,dataset/small_1.jpg,small,20,2.078,0.0921,63116,640x960,ok,
2026-04-13T14:02:25.906927,gcp,concurrency_50,dataset/small_1.jpg,small,21,2.2861,0.057,63116,640x960,ok,
2026-04-13T14:02:25.906935,gcp,concurrency_50,dataset/small_1.jpg,small,22,2.0592,0.1349,63116,640x960,ok,
2026-04-13T14:02:25.906943,gcp,concurrency_50,dataset/small_1.jpg,small,23,2.5117,0.0774,63116,640x960,ok,
2026-04-13T14:02:25.906951,gcp,concurrency_50,dataset/small_1.jpg,small,24,2.4038,0.0583,63116,640x960,ok,
2026-04-13T14:02:25.906958,gcp,concurrency_50,dataset/small_1.jpg,small,25,2.0683,0.0996,63116,640x960,ok,
2026-04-13T14:02:25.906966,gcp,concurrency_50,dataset/small_1.jpg,small,26,3.7918,0.0679,63116,640x960,ok,
2026-04-13T14:02:25.906974,gcp,concurrency_50,dataset/small_1.jpg,small,27,2.5947,0.0571,63116,640x960,ok,
2026-04-13T14:02:25.906983,gcp,concurrency_50,dataset/small_1.jpg,small,28,3.6209,0.0775,63116,640x960,ok,
2026-04-13T14:02:25.906990,gcp,concurrency_50,dataset/small_1.jpg,small,29,1.0965,0.1385,63116,640x960,ok,
2026-04-13T14:02:25.906999,gcp,concurrency_50,dataset/small_1.jpg,small,30,2.1834,0.0587,63116,640x960,ok,
2026-04-13T14:02:25.907007,gcp,concurrency_50,dataset/small_1.jpg,small,31,0.7715,0.1435,63116,640x960,ok,
2026-04-13T14:02:25.907015,gcp,concurrency_50,dataset/small_1.jpg,small,32,3.6785,0.1579,63116,640x960,ok,
2026-04-13T14:02:25.907023,gcp,concurrency_50,dataset/small_1.jpg,small,33,2.4961,0.0761,63116,640x960,ok,
2026-04-13T14:02:25.907030,gcp,concurrency_50,dataset/small_1.jpg,small,34,3.365,0.159,63116,640x960,ok,
2026-04-13T14:02:25.907038,gcp,concurrency_50,dataset/small_1.jpg,small,35,4.0396,0.0742,63116,640x960,ok,
2026-04-13T14:02:25.907046,gcp,concurrency_50,dataset/small_1.jpg,small,36,4.2661,0.0948,63116,640x960,ok,
2026-04-13T14:02:25.907054,gcp,concurrency_50,dataset/small_1.jpg,small,37,2.3096,0.0743,63116,640x960,ok,
2026-04-13T14:02:25.907062,gcp,concurrency_50,dataset/small_1.jpg,small,38,1.2641,0.0826,63116,640x960,ok,
2026-04-13T14:02:25.907070,gcp,concurrency_50,dataset/small_1.jpg,small,39,4.1497,0.1867,63116,640x960,ok,
2026-04-13T14:02:25.907077,gcp,concurrency_50,dataset/small_1.jpg,small,40,2.1676,0.0655,63116,640x960,ok,
2026-04-13T14:02:25.907085,gcp,concurrency_50,dataset/small_1.jpg,small,41,3.9059,0.079,63116,640x960,ok,
2026-04-13T14:02:25.907094,gcp,concurrency_50,dataset/small_1.jpg,small,42,1.4483,0.145,63116,640x960,ok,
2026-04-13T14:02:25.907102,gcp,concurrency_50,dataset/small_1.jpg,small,43,0.9089,0.0753,63116,640x960,ok,
2026-04-13T14:02:25.907110,gcp,concurrency_50,dataset/small_1.jpg,small,44,2.6123,0.0578,63116,640x960,ok,
2026-04-13T14:02:25.907117,gcp,concurrency_50,dataset/small_1.jpg,small,45,3.4511,0.1299,63116,640x960,ok,
2026-04-13T14:02:25.907125,gcp,concurrency_50,dataset/small_1.jpg,small,46,3.6591,0.1596,63116,640x960,ok,
2026-04-13T14:02:25.907133,gcp,concurrency_50,dataset/small_1.jpg,small,47,4.1374,0.0723,63116,640x960,ok,
2026-04-13T14:02:25.907140,gcp,concurrency_50,dataset/small_1.jpg,small,48,4.2827,0.081,63116,640x960,ok,
2026-04-13T14:02:25.907148,gcp,concurrency_50,dataset/small_1.jpg,small,49,3.5117,0.0863,63116,640x960,ok,
2026-04-13T14:02:25.907155,gcp,concurrency_50,dataset/small_1.jpg,small,50,3.7605,0.081,63116,640x960,ok,
2026-04-13T14:02:29.810848,gcp,concurrency_100,dataset/small_1.jpg,small,1,0.6499,0.0943,63116,640x960,ok,
2026-04-13T14:02:29.810881,gcp,concurrency_100,dataset/small_1.jpg,small,2,3.6745,0.0775,63116,640x960,ok,
2026-04-13T14:02:29.810893,gcp,concurrency_100,dataset/small_1.jpg,small,3,2.1854,0.0616,63116,640x960,ok,
2026-04-13T14:02:29.811279,gcp,concurrency_100,dataset/small_1.jpg,small,4,2.0882,0.1555,63116,640x960,ok,
2026-04-13T14:02:29.811294,gcp,concurrency_100,dataset/small_1.jpg,small,5,3.503,0.0999,63116,640x960,ok,
2026-04-13T14:02:29.811303,gcp,concurrency_100,dataset/small_1.jpg,small,6,1.4279,0.0795,63116,640x960,ok,
2026-04-13T14:02:29.811311,gcp,concurrency_100,dataset/small_1.jpg,small,7,1.441,0.0989,63116,640x960,ok,
2026-04-13T14:02:29.811318,gcp,concurrency_100,dataset/small_1.jpg,small,8,1.2815,0.1414,63116,640x960,ok,
2026-04-13T14:02:29.811326,gcp,concurrency_100,dataset/small_1.jpg,small,9,0.9817,0.0635,63116,640x960,ok,
2026-04-13T14:02:29.811333,gcp,concurrency_100,dataset/small_1.jpg,small,10,3.747,0.0781,63116,640x960,ok,
2026-04-13T14:02:29.811339,gcp,concurrency_100,dataset/small_1.jpg,small,11,3.6376,0.0927,63116,640x960,ok,
2026-04-13T14:02:29.811346,gcp,concurrency_100,dataset/small_1.jpg,small,12,1.4129,0.111,63116,640x960,ok,
2026-04-13T14:02:29.811352,gcp,concurrency_100,dataset/small_1.jpg,small,13,1.1727,0.1584,63116,640x960,ok,
2026-04-13T14:02:29.811359,gcp,concurrency_100,dataset/small_1.jpg,small,14,0.6497,0.0622,63116,640x960,ok,
2026-04-13T14:02:29.811365,gcp,concurrency_100,dataset/small_1.jpg,small,15,1.1049,0.0785,63116,640x960,ok,
2026-04-13T14:02:29.811371,gcp,concurrency_100,dataset/small_1.jpg,small,16,0.7,0.1766,63116,640x960,ok,
2026-04-13T14:02:29.811378,gcp,concurrency_100,dataset/small_1.jpg,small,17,1.9503,0.1437,63116,640x960,ok,
2026-04-13T14:02:29.811384,gcp,concurrency_100,dataset/small_1.jpg,small,18,0.7874,0.0675,63116,640x960,ok,
2026-04-13T14:02:29.811390,gcp,concurrency_100,dataset/small_1.jpg,small,19,3.327,0.0891,63116,640x960,ok,
2026-04-13T14:02:29.811397,gcp,concurrency_100,dataset/small_1.jpg,small,20,1.137,0.1564,63116,640x960,ok,
2026-04-13T14:02:29.811403,gcp,concurrency_100,dataset/small_1.jpg,small,21,1.3513,0.0821,63116,640x960,ok,
2026-04-13T14:02:29.811409,gcp,concurrency_100,dataset/small_1.jpg,small,22,1.2895,0.1142,63116,640x960,ok,
2026-04-13T14:02:29.811416,gcp,concurrency_100,dataset/small_1.jpg,small,23,2.3219,0.0787,63116,640x960,ok,
2026-04-13T14:02:29.811422,gcp,concurrency_100,dataset/small_1.jpg,small,24,2.4363,0.0629,63116,640x960,ok,
2026-04-13T14:02:29.811428,gcp,concurrency_100,dataset/small_1.jpg,small,25,0.6474,0.094,63116,640x960,ok,
2026-04-13T14:02:29.811434,gcp,concurrency_100,dataset/small_1.jpg,small,26,3.869,0.0823,63116,640x960,ok,
2026-04-13T14:02:29.811440,gcp,concurrency_100,dataset/small_1.jpg,small,27,0.9141,0.1672,63116,640x960,ok,
2026-04-13T14:02:29.811446,gcp,concurrency_100,dataset/small_1.jpg,small,28,0.9458,0.0631,63116,640x960,ok,
2026-04-13T14:02:29.811452,gcp,concurrency_100,dataset/small_1.jpg,small,29,0.6324,0.0999,63116,640x960,ok,
2026-04-13T14:02:29.811459,gcp,concurrency_100,dataset/small_1.jpg,small,30,2.5119,0.06,63116,640x960,ok,
2026-04-13T14:02:29.811465,gcp,concurrency_100,dataset/small_1.jpg,small,31,3.174,0.1547,63116,640x960,ok,
2026-04-13T14:02:29.811471,gcp,concurrency_100,dataset/small_1.jpg,small,32,1.4708,0.0822,63116,640x960,ok,
2026-04-13T14:02:29.811477,gcp,concurrency_100,dataset/small_1.jpg,small,33,1.5118,0.0627,63116,640x960,ok,
2026-04-13T14:02:29.811483,gcp,concurrency_100,dataset/small_1.jpg,small,34,3.7531,0.0815,63116,640x960,ok,
2026-04-13T14:02:29.811489,gcp,concurrency_100,dataset/small_1.jpg,small,35,1.4453,0.1407,63116,640x960,ok,
2026-04-13T14:02:29.811496,gcp,concurrency_100,dataset/small_1.jpg,small,36,0.7318,0.059,63116,640x960,ok,
2026-04-13T14:02:29.811502,gcp,concurrency_100,dataset/small_1.jpg,small,37,2.0825,0.1597,63116,640x960,ok,
2026-04-13T14:02:29.811508,gcp,concurrency_100,dataset/small_1.jpg,small,38,0.7158,0.1801,63116,640x960,ok,
2026-04-13T14:02:29.811514,gcp,concurrency_100,dataset/small_1.jpg,small,39,1.338,0.1164,63116,640x960,ok,
2026-04-13T14:02:29.811520,gcp,concurrency_100,dataset/small_1.jpg,small,40,1.5938,0.0611,63116,640x960,ok,
2026-04-13T14:02:29.811526,gcp,concurrency_100,dataset/small_1.jpg,small,41,2.2099,0.0631,63116,640x960,ok,
2026-04-13T14:02:29.811532,gcp,concurrency_100,dataset/small_1.jpg,small,42,2.6012,0.0581,63116,640x960,ok,
2026-04-13T14:02:29.811538,gcp,concurrency_100,dataset/small_1.jpg,small,43,3.3649,0.0994,63116,640x960,ok,
2026-04-13T14:02:29.811545,gcp,concurrency_100,dataset/small_1.jpg,small,44,2.3107,0.0745,63116,640x960,ok,
2026-04-13T14:02:29.811551,gcp,concurrency_100,dataset/small_1.jpg,small,45,2.0821,0.1416,63116,640x960,ok,
2026-04-13T14:02:29.811557,gcp,concurrency_100,dataset/small_1.jpg,small,46,3.7967,0.0818,63116,640x960,ok,
2026-04-13T14:02:29.811562,gcp,concurrency_100,dataset/small_1.jpg,small,47,2.2833,0.0581,63116,640x960,ok,
2026-04-13T14:02:29.811568,gcp,concurrency_100,dataset/small_1.jpg,small,48,1.0815,0.0694,63116,640x960,ok,
2026-04-13T14:02:29.811574,gcp,concurrency_100,dataset/small_1.jpg,small,49,0.9512,0.1443,63116,640x960,ok,
2026-04-13T14:02:29.811580,gcp,concurrency_100,dataset/small_1.jpg,small,50,1.6536,0.098,63116,640x960,ok,
2026-04-13T14:02:29.811587,gcp,concurrency_100,dataset/small_1.jpg,small,51,1.3633,0.0989,63116,640x960,ok,
2026-04-13T14:02:29.811593,gcp,concurrency_100,dataset/small_1.jpg,small,52,1.2461,0.1099,63116,640x960,ok,
2026-04-13T14:02:29.811599,gcp,concurrency_100,dataset/small_1.jpg,small,53,1.1866,0.0897,63116,640x960,ok,
2026-04-13T14:02:29.811605,gcp,concurrency_100,dataset/small_1.jpg,small,54,1.2082,0.0881,63116,640x960,ok,
2026-04-13T14:02:29.811611,gcp,concurrency_100,dataset/small_1.jpg,small,55,3.1765,0.1595,63116,640x960,ok,
2026-04-13T14:02:29.811617,gcp,concurrency_100,dataset/small_1.jpg,small,56,1.49,0.109,63116,640x960,ok,
2026-04-13T14:02:29.811623,gcp,concurrency_100,dataset/small_1.jpg,small,57,1.708,0.1198,63116,640x960,ok,
2026-04-13T14:02:29.811629,gcp,concurrency_100,dataset/small_1.jpg,small,58,1.5845,0.081,63116,640x960,ok,
2026-04-13T14:02:29.811635,gcp,concurrency_100,dataset/small_1.jpg,small,59,1.3522,0.0915,63116,640x960,ok,
2026-04-13T14:02:29.811641,gcp,concurrency_100,dataset/small_1.jpg,small,60,1.3302,0.1069,63116,640x960,ok,
2026-04-13T14:02:29.811647,gcp,concurrency_100,dataset/small_1.jpg,small,61,2.5362,0.0713,63116,640x960,ok,
2026-04-13T14:02:29.811653,gcp,concurrency_100,dataset/small_1.jpg,small,62,1.7536,0.1402,63116,640x960,ok,
2026-04-13T14:02:29.811659,gcp,concurrency_100,dataset/small_1.jpg,small,63,0.6857,0.1373,63116,640x960,ok,
2026-04-13T14:02:29.811666,gcp,concurrency_100,dataset/small_1.jpg,small,64,0.9834,0.0648,63116,640x960,ok,
2026-04-13T14:02:29.811672,gcp,concurrency_100,dataset/small_1.jpg,small,65,1.1332,0.0815,63116,640x960,ok,
2026-04-13T14:02:29.811678,gcp,concurrency_100,dataset/small_1.jpg,small,66,1.399,0.107,63116,640x960,ok,
2026-04-13T14:02:29.811684,gcp,concurrency_100,dataset/small_1.jpg,small,67,2.5077,0.0663,63116,640x960,ok,
2026-04-13T14:02:29.811690,gcp,concurrency_100,dataset/small_1.jpg,small,68,1.4942,0.0897,63116,640x960,ok,
2026-04-13T14:02:29.811697,gcp,concurrency_100,dataset/small_1.jpg,small,69,0.6223,0.0923,63116,640x960,ok,
2026-04-13T14:02:29.811703,gcp,concurrency_100,dataset/small_1.jpg,small,70,1.5969,0.0656,63116,640x960,ok,
2026-04-13T14:02:29.811709,gcp,concurrency_100,dataset/small_1.jpg,small,71,3.433,0.0708,63116,640x960,ok,
2026-04-13T14:02:29.811715,gcp,concurrency_100,dataset/small_1.jpg,small,72,3.3217,0.0829,63116,640x960,ok,
2026-04-13T14:02:29.811721,gcp,concurrency_100,dataset/small_1.jpg,small,73,1.5372,0.1023,63116,640x960,ok,
2026-04-13T14:02:29.811727,gcp,concurrency_100,dataset/small_1.jpg,small,74,2.4239,0.0621,63116,640x960,ok,
2026-04-13T14:02:29.811733,gcp,concurrency_100,dataset/small_1.jpg,small,75,3.4982,0.1155,63116,640x960,ok,
2026-04-13T14:02:29.811739,gcp,concurrency_100,dataset/small_1.jpg,small,76,0.7904,0.0825,63116,640x960,ok,
2026-04-13T14:02:29.811746,gcp,concurrency_100,dataset/small_1.jpg,small,77,3.5503,0.079,63116,640x960,ok,
2026-04-13T14:02:29.811752,gcp,concurrency_100,dataset/small_1.jpg,small,78,3.1997,0.1723,63116,640x960,ok,
2026-04-13T14:02:29.811773,gcp,concurrency_100,dataset/small_1.jpg,small,79,0.9243,0.0501,63116,640x960,ok,
2026-04-13T14:02:29.811781,gcp,concurrency_100,dataset/small_1.jpg,small,80,2.6009,0.0571,63116,640x960,ok,
2026-04-13T14:02:29.811787,gcp,concurrency_100,dataset/small_1.jpg,small,81,0.9256,0.1724,63116,640x960,ok,
2026-04-13T14:02:29.811793,gcp,concurrency_100,dataset/small_1.jpg,small,82,0.8321,0.0571,63116,640x960,ok,
2026-04-13T14:02:29.811800,gcp,concurrency_100,dataset/small_1.jpg,small,83,0.8582,0.0702,63116,640x960,ok,
2026-04-13T14:02:29.811806,gcp,concurrency_100,dataset/small_1.jpg,small,84,0.7294,0.0712,63116,640x960,ok,
2026-04-13T14:02:29.811812,gcp,concurrency_100,dataset/small_1.jpg,small,85,2.0002,0.158,63116,640x960,ok,
2026-04-13T14:02:29.811818,gcp,concurrency_100,dataset/small_1.jpg,small,86,1.7829,0.1386,63116,640x960,ok,
2026-04-13T14:02:29.811824,gcp,concurrency_100,dataset/small_1.jpg,small,87,1.2167,0.0918,63116,640x960,ok,
2026-04-13T14:02:29.811830,gcp,concurrency_100,dataset/small_1.jpg,small,88,0.8649,0.0741,63116,640x960,ok,
2026-04-13T14:02:29.811836,gcp,concurrency_100,dataset/small_1.jpg,small,89,1.2132,0.1,63116,640x960,ok,
2026-04-13T14:02:29.811842,gcp,concurrency_100,dataset/small_1.jpg,small,90,1.5718,0.1033,63116,640x960,ok,
2026-04-13T14:02:29.811848,gcp,concurrency_100,dataset/small_1.jpg,small,91,2.3837,0.059,63116,640x960,ok,
2026-04-13T14:02:29.811855,gcp,concurrency_100,dataset/small_1.jpg,small,92,1.7155,0.0951,63116,640x960,ok,
2026-04-13T14:02:29.811861,gcp,concurrency_100,dataset/small_1.jpg,small,93,3.589,0.0763,63116,640x960,ok,
2026-04-13T14:02:29.811867,gcp,concurrency_100,dataset/small_1.jpg,small,94,2.1955,0.0651,63116,640x960,ok,
2026-04-13T14:02:29.811873,gcp,concurrency_100,dataset/small_1.jpg,small,95,1.0665,0.0722,63116,640x960,ok,
2026-04-13T14:02:29.811880,gcp,concurrency_100,dataset/small_1.jpg,small,96,1.5989,0.1216,63116,640x960,ok,
2026-04-13T14:02:29.811886,gcp,concurrency_100,dataset/small_1.jpg,small,97,0.7863,0.1441,63116,640x960,ok,
2026-04-13T14:02:29.811892,gcp,concurrency_100,dataset/small_1.jpg,small,98,1.3043,0.1514,63116,640x960,ok,
2026-04-13T14:02:29.811898,gcp,concurrency_100,dataset/small_1.jpg,small,99,1.8905,0.0968,63116,640x960,ok,
2026-04-13T14:02:29.811903,gcp,concurrency_100,dataset/small_1.jpg,small,100,0.7228,0.0713,63116,640x960,ok,
2026-04-13T14:02:34.532895,gcp,concurrency_500,dataset/small_1.jpg,small,1,3.2316,0.0758,63116,640x960,ok,
2026-04-13T14:02:34.532948,gcp,concurrency_500,dataset/small_1.jpg,small,2,2.3864,0.1406,63116,640x960,ok,
2026-04-13T14:02:34.532954,gcp,concurrency_500,dataset/small_1.jpg,small,3,0.9248,0.14,63116,640x960,ok,
2026-04-13T14:02:34.532958,gcp,concurrency_500,dataset/small_1.jpg,small,4,0.885,0.0906,63116,640x960,ok,
2026-04-13T14:02:34.532962,gcp,concurrency_500,dataset/small_1.jpg,small,5,0.7659,0.1602,63116,640x960,ok,
2026-04-13T14:02:34.532965,gcp,concurrency_500,dataset/small_1.jpg,small,6,1.0957,0.2652,63116,640x960,ok,
2026-04-13T14:02:34.532969,gcp,concurrency_500,dataset/small_1.jpg,small,7,1.6817,0.0663,63116,640x960,ok,
2026-04-13T14:02:34.532972,gcp,concurrency_500,dataset/small_1.jpg,small,8,3.0024,0.0785,63116,640x960,ok,
2026-04-13T14:02:34.532975,gcp,concurrency_500,dataset/small_1.jpg,small,9,1.2832,0.1656,63116,640x960,ok,
2026-04-13T14:02:34.532979,gcp,concurrency_500,dataset/small_1.jpg,small,10,4.29,0.1044,63116,640x960,ok,
2026-04-13T14:02:34.532982,gcp,concurrency_500,dataset/small_1.jpg,small,11,3.3734,0.0873,63116,640x960,ok,
2026-04-13T14:02:34.532986,gcp,concurrency_500,dataset/small_1.jpg,small,12,1.6725,0.2021,63116,640x960,ok,
2026-04-13T14:02:34.532989,gcp,concurrency_500,dataset/small_1.jpg,small,13,1.2019,0.0878,63116,640x960,ok,
2026-04-13T14:02:34.532992,gcp,concurrency_500,dataset/small_1.jpg,small,14,1.0266,0.0952,63116,640x960,ok,
2026-04-13T14:02:34.532996,gcp,concurrency_500,dataset/small_1.jpg,small,15,2.9241,0.085,63116,640x960,ok,
2026-04-13T14:02:34.532999,gcp,concurrency_500,dataset/small_1.jpg,small,16,1.5131,0.0852,63116,640x960,ok,
2026-04-13T14:02:34.533002,gcp,concurrency_500,dataset/small_1.jpg,small,17,1.8753,0.0716,63116,640x960,ok,
2026-04-13T14:02:34.533005,gcp,concurrency_500,dataset/small_1.jpg,small,18,2.133,0.1771,63116,640x960,ok,
2026-04-13T14:02:34.533009,gcp,concurrency_500,dataset/small_1.jpg,small,19,0.9899,0.1597,63116,640x960,ok,
2026-04-13T14:02:34.533012,gcp,concurrency_500,dataset/small_1.jpg,small,20,2.5038,0.0764,63116,640x960,ok,
2026-04-13T14:02:34.533015,gcp,concurrency_500,dataset/small_1.jpg,small,21,1.1551,0.2915,63116,640x960,ok,
2026-04-13T14:02:34.533018,gcp,concurrency_500,dataset/small_1.jpg,small,22,0.9349,0.1283,63116,640x960,ok,
2026-04-13T14:02:34.533021,gcp,concurrency_500,dataset/small_1.jpg,small,23,1.0824,0.0598,63116,640x960,ok,
2026-04-13T14:02:34.533025,gcp,concurrency_500,dataset/small_1.jpg,small,24,1.0428,0.1734,63116,640x960,ok,
2026-04-13T14:02:34.533028,gcp,concurrency_500,dataset/small_1.jpg,small,25,2.5121,0.0608,63116,640x960,ok,
2026-04-13T14:02:34.533031,gcp,concurrency_500,dataset/small_1.jpg,small,26,1.8821,0.1202,63116,640x960,ok,
2026-04-13T14:02:34.533034,gcp,concurrency_500,dataset/small_1.jpg,small,27,1.1961,0.0892,63116,640x960,ok,
2026-04-13T14:02:34.533037,gcp,concurrency_500,dataset/small_1.jpg,small,28,2.5274,0.0849,63116,640x960,ok,
2026-04-13T14:02:34.533041,gcp,concurrency_500,dataset/small_1.jpg,small,29,2.8949,0.1174,63116,640x960,ok,
2026-04-13T14:02:34.533044,gcp,concurrency_500,dataset/small_1.jpg,small,30,1.4682,0.1125,63116,640x960,ok,
2026-04-13T14:02:34.533047,gcp,concurrency_500,dataset/small_1.jpg,small,31,1.6784,0.1232,63116,640x960,ok,
2026-04-13T14:02:34.533050,gcp,concurrency_500,dataset/small_1.jpg,small,32,2.0629,0.0734,63116,640x960,ok,
2026-04-13T14:02:34.533053,gcp,concurrency_500,dataset/small_1.jpg,small,33,2.4875,0.1754,63116,640x960,ok,
2026-04-13T14:02:34.533057,gcp,concurrency_500,dataset/small_1.jpg,small,34,3.9968,0.0788,63116,640x960,ok,
2026-04-13T14:02:34.533060,gcp,concurrency_500,dataset/small_1.jpg,small,35,3.5858,0.1201,63116,640x960,ok,
2026-04-13T14:02:34.533063,gcp,concurrency_500,dataset/small_1.jpg,small,36,2.7698,0.0702,63116,640x960,ok,
2026-04-13T14:02:34.533066,gcp,concurrency_500,dataset/small_1.jpg,small,37,1.3715,0.0931,63116,640x960,ok,
2026-04-13T14:02:34.533070,gcp,concurrency_500,dataset/small_1.jpg,small,38,2.2963,0.0934,63116,640x960,ok,
2026-04-13T14:02:34.533073,gcp,concurrency_500,dataset/small_1.jpg,small,39,1.5102,0.0984,63116,640x960,ok,
2026-04-13T14:02:34.533076,gcp,concurrency_500,dataset/small_1.jpg,small,40,1.5927,0.1246,63116,640x960,ok,
2026-04-13T14:02:34.533079,gcp,concurrency_500,dataset/small_1.jpg,small,41,1.7206,0.0884,63116,640x960,ok,
2026-04-13T14:02:34.533082,gcp,concurrency_500,dataset/small_1.jpg,small,42,3.8445,0.098,63116,640x960,ok,
2026-04-13T14:02:34.533086,gcp,concurrency_500,dataset/small_1.jpg,small,43,1.7405,0.0661,63116,640x960,ok,
2026-04-13T14:02:34.533089,gcp,concurrency_500,dataset/small_1.jpg,small,44,3.9555,0.1032,63116,640x960,ok,
2026-04-13T14:02:34.533092,gcp,concurrency_500,dataset/small_1.jpg,small,45,4.6185,0.0939,63116,640x960,ok,
2026-04-13T14:02:34.533095,gcp,concurrency_500,dataset/small_1.jpg,small,46,2.601,0.0915,63116,640x960,ok,
2026-04-13T14:02:34.533098,gcp,concurrency_500,dataset/small_1.jpg,small,47,1.5719,0.0955,63116,640x960,ok,
2026-04-13T14:02:34.533101,gcp,concurrency_500,dataset/small_1.jpg,small,48,1.2721,0.088,63116,640x960,ok,
2026-04-13T14:02:34.533105,gcp,concurrency_500,dataset/small_1.jpg,small,49,1.5913,0.2006,63116,640x960,ok,
2026-04-13T14:02:34.533108,gcp,concurrency_500,dataset/small_1.jpg,small,50,2.9377,0.0892,63116,640x960,ok,
2026-04-13T14:02:34.533111,gcp,concurrency_500,dataset/small_1.jpg,small,51,1.6281,0.067,63116,640x960,ok,
2026-04-13T14:02:34.533114,gcp,concurrency_500,dataset/small_1.jpg,small,52,1.8369,0.0631,63116,640x960,ok,
2026-04-13T14:02:34.533117,gcp,concurrency_500,dataset/small_1.jpg,small,53,2.5603,0.1012,63116,640x960,ok,
2026-04-13T14:02:34.533155,gcp,concurrency_500,dataset/small_1.jpg,small,54,1.3727,0.112,63116,640x960,ok,
2026-04-13T14:02:34.533161,gcp,concurrency_500,dataset/small_1.jpg,small,55,3.4455,0.1316,63116,640x960,ok,
2026-04-13T14:02:34.533164,gcp,concurrency_500,dataset/small_1.jpg,small,56,4.4489,0.1167,63116,640x960,ok,
2026-04-13T14:02:34.533168,gcp,concurrency_500,dataset/small_1.jpg,small,57,3.7619,0.083,63116,640x960,ok,
2026-04-13T14:02:34.533171,gcp,concurrency_500,dataset/small_1.jpg,small,58,1.25,0.0874,63116,640x960,ok,
2026-04-13T14:02:34.533174,gcp,concurrency_500,dataset/small_1.jpg,small,59,3.4106,0.0584,63116,640x960,ok,
2026-04-13T14:02:34.533177,gcp,concurrency_500,dataset/small_1.jpg,small,60,3.3218,0.0767,63116,640x960,ok,
2026-04-13T14:02:34.533181,gcp,concurrency_500,dataset/small_1.jpg,small,61,1.0038,0.0648,63116,640x960,ok,
2026-04-13T14:02:34.533184,gcp,concurrency_500,dataset/small_1.jpg,small,62,1.6065,0.0699,63116,640x960,ok,
2026-04-13T14:02:34.533187,gcp,concurrency_500,dataset/small_1.jpg,small,63,1.0205,0.15,63116,640x960,ok,
2026-04-13T14:02:34.533191,gcp,concurrency_500,dataset/small_1.jpg,small,64,3.1773,0.0887,63116,640x960,ok,
2026-04-13T14:02:34.533194,gcp,concurrency_500,dataset/small_1.jpg,small,65,3.2496,0.1166,63116,640x960,ok,
2026-04-13T14:02:34.533197,gcp,concurrency_500,dataset/small_1.jpg,small,66,2.0073,0.1358,63116,640x960,ok,
2026-04-13T14:02:34.533201,gcp,concurrency_500,dataset/small_1.jpg,small,67,1.3651,0.0943,63116,640x960,ok,
2026-04-13T14:02:34.533204,gcp,concurrency_500,dataset/small_1.jpg,small,68,1.6302,0.1689,63116,640x960,ok,
2026-04-13T14:02:34.533207,gcp,concurrency_500,dataset/small_1.jpg,small,69,3.6941,0.087,63116,640x960,ok,
2026-04-13T14:02:34.533210,gcp,concurrency_500,dataset/small_1.jpg,small,70,2.0518,0.0625,63116,640x960,ok,
2026-04-13T14:02:34.533213,gcp,concurrency_500,dataset/small_1.jpg,small,71,3.1846,0.0781,63116,640x960,ok,
2026-04-13T14:02:34.533216,gcp,concurrency_500,dataset/small_1.jpg,small,72,2.6298,0.0599,63116,640x960,ok,
2026-04-13T14:02:34.533220,gcp,concurrency_500,dataset/small_1.jpg,small,73,2.8732,0.097,63116,640x960,ok,
2026-04-13T14:02:34.533223,gcp,concurrency_500,dataset/small_1.jpg,small,74,1.769,0.0826,63116,640x960,ok,
2026-04-13T14:02:34.533226,gcp,concurrency_500,dataset/small_1.jpg,small,75,1.8151,0.2012,63116,640x960,ok,
2026-04-13T14:02:34.533229,gcp,concurrency_500,dataset/small_1.jpg,small,76,3.0429,0.1214,63116,640x960,ok,
2026-04-13T14:02:34.533233,gcp,concurrency_500,dataset/small_1.jpg,small,77,1.986,0.0768,63116,640x960,ok,
2026-04-13T14:02:34.533236,gcp,concurrency_500,dataset/small_1.jpg,small,78,2.6089,0.0739,63116,640x960,ok,
2026-04-13T14:02:34.533239,gcp,concurrency_500,dataset/small_1.jpg,small,79,2.6295,0.0791,63116,640x960,ok,
2026-04-13T14:02:34.533242,gcp,concurrency_500,dataset/small_1.jpg,small,80,1.6014,0.0973,63116,640x960,ok,
2026-04-13T14:02:34.533245,gcp,concurrency_500,dataset/small_1.jpg,small,81,1.0905,0.0657,63116,640x960,ok,
2026-04-13T14:02:34.533249,gcp,concurrency_500,dataset/small_1.jpg,small,82,2.3203,0.0868,63116,640x960,ok,
2026-04-13T14:02:34.533252,gcp,concurrency_500,dataset/small_1.jpg,small,83,1.194,0.1075,63116,640x960,ok,
2026-04-13T14:02:34.533255,gcp,concurrency_500,dataset/small_1.jpg,small,84,3.1942,0.1107,63116,640x960,ok,
2026-04-13T14:02:34.533258,gcp,concurrency_500,dataset/small_1.jpg,small,85,2.4707,0.1439,63116,640x960,ok,
2026-04-13T14:02:34.533262,gcp,concurrency_500,dataset/small_1.jpg,small,86,2.1372,0.0979,63116,640x960,ok,
2026-04-13T14:02:34.533265,gcp,concurrency_500,dataset/small_1.jpg,small,87,3.0765,0.0844,63116,640x960,ok,
2026-04-13T14:02:34.533268,gcp,concurrency_500,dataset/small_1.jpg,small,88,1.323,0.0934,63116,640x960,ok,
2026-04-13T14:02:34.533271,gcp,concurrency_500,dataset/small_1.jpg,small,89,3.0013,0.072,63116,640x960,ok,
2026-04-13T14:02:34.533274,gcp,concurrency_500,dataset/small_1.jpg,small,90,3.1244,0.075,63116,640x960,ok,
2026-04-13T14:02:34.533277,gcp,concurrency_500,dataset/small_1.jpg,small,91,1.5968,0.1148,63116,640x960,ok,
2026-04-13T14:02:34.533280,gcp,concurrency_500,dataset/small_1.jpg,small,92,1.2109,0.0666,63116,640x960,ok,
2026-04-13T14:02:34.533284,gcp,concurrency_500,dataset/small_1.jpg,small,93,1.3969,0.0881,63116,640x960,ok,
2026-04-13T14:02:34.533287,gcp,concurrency_500,dataset/small_1.jpg,small,94,2.2637,0.0892,63116,640x960,ok,
2026-04-13T14:02:34.533290,gcp,concurrency_500,dataset/small_1.jpg,small,95,1.8331,0.0605,63116,640x960,ok,
2026-04-13T14:02:34.533293,gcp,concurrency_500,dataset/small_1.jpg,small,96,3.1722,0.0687,63116,640x960,ok,
2026-04-13T14:02:34.533296,gcp,concurrency_500,dataset/small_1.jpg,small,97,1.2272,0.0887,63116,640x960,ok,
2026-04-13T14:02:34.533299,gcp,concurrency_500,dataset/small_1.jpg,small,98,3.8956,0.1026,63116,640x960,ok,
2026-04-13T14:02:34.533302,gcp,concurrency_500,dataset/small_1.jpg,small,99,2.0854,0.1612,63116,640x960,ok,
2026-04-13T14:02:34.533305,gcp,concurrency_500,dataset/small_1.jpg,small,100,1.816,0.1667,63116,640x960,ok,
2026-04-13T14:02:34.533308,gcp,concurrency_500,dataset/small_1.jpg,small,101,1.4986,0.164,63116,640x960,ok,
2026-04-13T14:02:34.533311,gcp,concurrency_500,dataset/small_1.jpg,small,102,0.868,0.087,63116,640x960,ok,
2026-04-13T14:02:34.533315,gcp,concurrency_500,dataset/small_1.jpg,small,103,2.1432,0.1115,63116,640x960,ok,
2026-04-13T14:02:34.533318,gcp,concurrency_500,dataset/small_1.jpg,small,104,1.2938,0.1063,63116,640x960,ok,
2026-04-13T14:02:34.533321,gcp,concurrency_500,dataset/small_1.jpg,small,105,0.9362,0.1403,63116,640x960,ok,
2026-04-13T14:02:34.533324,gcp,concurrency_500,dataset/small_1.jpg,small,106,0.9662,0.1106,63116,640x960,ok,
2026-04-13T14:02:34.533327,gcp,concurrency_500,dataset/small_1.jpg,small,107,2.5528,0.0999,63116,640x960,ok,
2026-04-13T14:02:34.533330,gcp,concurrency_500,dataset/small_1.jpg,small,108,2.0883,0.0675,63116,640x960,ok,
2026-04-13T14:02:34.533333,gcp,concurrency_500,dataset/small_1.jpg,small,109,1.7179,0.0701,63116,640x960,ok,
2026-04-13T14:02:34.533337,gcp,concurrency_500,dataset/small_1.jpg,small,110,1.31,0.0651,63116,640x960,ok,
2026-04-13T14:02:34.533340,gcp,concurrency_500,dataset/small_1.jpg,small,111,3.2405,0.0875,63116,640x960,ok,
2026-04-13T14:02:34.533343,gcp,concurrency_500,dataset/small_1.jpg,small,112,1.4413,0.1041,63116,640x960,ok,
2026-04-13T14:02:34.533346,gcp,concurrency_500,dataset/small_1.jpg,small,113,3.9425,0.13,63116,640x960,ok,
2026-04-13T14:02:34.533349,gcp,concurrency_500,dataset/small_1.jpg,small,114,1.6326,0.0832,63116,640x960,ok,
2026-04-13T14:02:34.533352,gcp,concurrency_500,dataset/small_1.jpg,small,115,2.587,0.0812,63116,640x960,ok,
2026-04-13T14:02:34.533355,gcp,concurrency_500,dataset/small_1.jpg,small,116,2.4837,0.1715,63116,640x960,ok,
2026-04-13T14:02:34.533358,gcp,concurrency_500,dataset/small_1.jpg,small,117,1.793,0.0861,63116,640x960,ok,
2026-04-13T14:02:34.533362,gcp,concurrency_500,dataset/small_1.jpg,small,118,1.527,0.1171,63116,640x960,ok,
2026-04-13T14:02:34.533365,gcp,concurrency_500,dataset/small_1.jpg,small,119,2.3825,0.2236,63116,640x960,ok,
2026-04-13T14:02:34.533368,gcp,concurrency_500,dataset/small_1.jpg,small,120,2.7639,0.0575,63116,640x960,ok,
2026-04-13T14:02:34.533371,gcp,concurrency_500,dataset/small_1.jpg,small,121,1.8303,0.0697,63116,640x960,ok,
2026-04-13T14:02:34.533374,gcp,concurrency_500,dataset/small_1.jpg,small,122,2.1008,0.1002,63116,640x960,ok,
2026-04-13T14:02:34.533378,gcp,concurrency_500,dataset/small_1.jpg,small,123,2.3248,0.0789,63116,640x960,ok,
2026-04-13T14:02:34.533381,gcp,concurrency_500,dataset/small_1.jpg,small,124,1.0011,0.079,63116,640x960,ok,
2026-04-13T14:02:34.533384,gcp,concurrency_500,dataset/small_1.jpg,small,125,1.7995,0.0682,63116,640x960,ok,
2026-04-13T14:02:34.533387,gcp,concurrency_500,dataset/small_1.jpg,small,126,1.5614,0.1032,63116,640x960,ok,
2026-04-13T14:02:34.533390,gcp,concurrency_500,dataset/small_1.jpg,small,127,1.9536,0.0825,63116,640x960,ok,
2026-04-13T14:02:34.533393,gcp,concurrency_500,dataset/small_1.jpg,small,128,3.369,0.1165,63116,640x960,ok,
2026-04-13T14:02:34.533404,gcp,concurrency_500,dataset/small_1.jpg,small,129,2.8043,0.0935,63116,640x960,ok,
2026-04-13T14:02:34.533408,gcp,concurrency_500,dataset/small_1.jpg,small,130,1.7245,0.0798,63116,640x960,ok,
2026-04-13T14:02:34.533411,gcp,concurrency_500,dataset/small_1.jpg,small,131,2.6632,0.0895,63116,640x960,ok,
2026-04-13T14:02:34.533414,gcp,concurrency_500,dataset/small_1.jpg,small,132,3.4445,0.0884,63116,640x960,ok,
2026-04-13T14:02:34.533417,gcp,concurrency_500,dataset/small_1.jpg,small,133,1.9692,0.0698,63116,640x960,ok,
2026-04-13T14:02:34.533420,gcp,concurrency_500,dataset/small_1.jpg,small,134,1.7758,0.1572,63116,640x960,ok,
2026-04-13T14:02:34.533423,gcp,concurrency_500,dataset/small_1.jpg,small,135,0.9526,0.1405,63116,640x960,ok,
2026-04-13T14:02:34.533426,gcp,concurrency_500,dataset/small_1.jpg,small,136,4.0426,0.1399,63116,640x960,ok,
2026-04-13T14:02:34.533430,gcp,concurrency_500,dataset/small_1.jpg,small,137,3.8775,0.1169,63116,640x960,ok,
2026-04-13T14:02:34.533432,gcp,concurrency_500,dataset/small_1.jpg,small,138,1.1167,0.0627,63116,640x960,ok,
2026-04-13T14:02:34.533436,gcp,concurrency_500,dataset/small_1.jpg,small,139,0.8959,0.0909,63116,640x960,ok,
2026-04-13T14:02:34.533439,gcp,concurrency_500,dataset/small_1.jpg,small,140,1.3345,0.1358,63116,640x960,ok,
2026-04-13T14:02:34.533442,gcp,concurrency_500,dataset/small_1.jpg,small,141,2.5995,0.0844,63116,640x960,ok,
2026-04-13T14:02:34.533445,gcp,concurrency_500,dataset/small_1.jpg,small,142,3.1839,0.0725,63116,640x960,ok,
2026-04-13T14:02:34.533448,gcp,concurrency_500,dataset/small_1.jpg,small,143,1.7168,0.124,63116,640x960,ok,
2026-04-13T14:02:34.533451,gcp,concurrency_500,dataset/small_1.jpg,small,144,1.1795,0.0885,63116,640x960,ok,
2026-04-13T14:02:34.533454,gcp,concurrency_500,dataset/small_1.jpg,small,145,2.5858,0.0861,63116,640x960,ok,
2026-04-13T14:02:34.533457,gcp,concurrency_500,dataset/small_1.jpg,small,146,3.1511,0.0725,63116,640x960,ok,
2026-04-13T14:02:34.533461,gcp,concurrency_500,dataset/small_1.jpg,small,147,2.4417,0.0688,63116,640x960,ok,
2026-04-13T14:02:34.533464,gcp,concurrency_500,dataset/small_1.jpg,small,148,2.4272,0.0793,63116,640x960,ok,
2026-04-13T14:02:34.533467,gcp,concurrency_500,dataset/small_1.jpg,small,149,2.8576,0.0908,63116,640x960,ok,
2026-04-13T14:02:34.533470,gcp,concurrency_500,dataset/small_1.jpg,small,150,3.3663,0.136,63116,640x960,ok,
2026-04-13T14:02:34.533473,gcp,concurrency_500,dataset/small_1.jpg,small,151,1.8855,0.1246,63116,640x960,ok,
2026-04-13T14:02:34.533476,gcp,concurrency_500,dataset/small_1.jpg,small,152,2.4097,0.1153,63116,640x960,ok,
2026-04-13T14:02:34.533479,gcp,concurrency_500,dataset/small_1.jpg,small,153,2.7077,0.0959,63116,640x960,ok,
2026-04-13T14:02:34.533483,gcp,concurrency_500,dataset/small_1.jpg,small,154,2.3467,0.0974,63116,640x960,ok,
2026-04-13T14:02:34.533486,gcp,concurrency_500,dataset/small_1.jpg,small,155,3.7761,0.1637,63116,640x960,ok,
2026-04-13T14:02:34.533489,gcp,concurrency_500,dataset/small_1.jpg,small,156,2.6182,0.1641,63116,640x960,ok,
2026-04-13T14:02:34.533492,gcp,concurrency_500,dataset/small_1.jpg,small,157,3.1893,0.1095,63116,640x960,ok,
2026-04-13T14:02:34.533495,gcp,concurrency_500,dataset/small_1.jpg,small,158,4.4333,0.158,63116,640x960,ok,
2026-04-13T14:02:34.533498,gcp,concurrency_500,dataset/small_1.jpg,small,159,3.7431,0.1552,63116,640x960,ok,
2026-04-13T14:02:34.533501,gcp,concurrency_500,dataset/small_1.jpg,small,160,3.1051,0.0823,63116,640x960,ok,
2026-04-13T14:02:34.533504,gcp,concurrency_500,dataset/small_1.jpg,small,161,1.95,0.0798,63116,640x960,ok,
2026-04-13T14:02:34.533507,gcp,concurrency_500,dataset/small_1.jpg,small,162,4.0158,0.1081,63116,640x960,ok,
2026-04-13T14:02:34.533510,gcp,concurrency_500,dataset/small_1.jpg,small,163,2.1768,0.0876,63116,640x960,ok,
2026-04-13T14:02:34.533513,gcp,concurrency_500,dataset/small_1.jpg,small,164,2.7785,0.1029,63116,640x960,ok,
2026-04-13T14:02:34.533516,gcp,concurrency_500,dataset/small_1.jpg,small,165,1.9478,0.0715,63116,640x960,ok,
2026-04-13T14:02:34.533519,gcp,concurrency_500,dataset/small_1.jpg,small,166,2.5223,0.0617,63116,640x960,ok,
2026-04-13T14:02:34.533523,gcp,concurrency_500,dataset/small_1.jpg,small,167,3.1478,0.1618,63116,640x960,ok,
2026-04-13T14:02:34.533526,gcp,concurrency_500,dataset/small_1.jpg,small,168,2.7242,0.1034,63116,640x960,ok,
2026-04-13T14:02:34.533529,gcp,concurrency_500,dataset/small_1.jpg,small,169,2.9512,0.0768,63116,640x960,ok,
2026-04-13T14:02:34.533532,gcp,concurrency_500,dataset/small_1.jpg,small,170,1.9496,0.1331,63116,640x960,ok,
2026-04-13T14:02:34.533535,gcp,concurrency_500,dataset/small_1.jpg,small,171,2.1341,0.0953,63116,640x960,ok,
2026-04-13T14:02:34.533538,gcp,concurrency_500,dataset/small_1.jpg,small,172,4.0926,0.1515,63116,640x960,ok,
2026-04-13T14:02:34.533542,gcp,concurrency_500,dataset/small_1.jpg,small,173,3.2952,0.0789,63116,640x960,ok,
2026-04-13T14:02:34.533545,gcp,concurrency_500,dataset/small_1.jpg,small,174,2.1583,0.0751,63116,640x960,ok,
2026-04-13T14:02:34.533548,gcp,concurrency_500,dataset/small_1.jpg,small,175,2.3449,0.0851,63116,640x960,ok,
2026-04-13T14:02:34.533551,gcp,concurrency_500,dataset/small_1.jpg,small,176,2.4511,0.0866,63116,640x960,ok,
2026-04-13T14:02:34.533554,gcp,concurrency_500,dataset/small_1.jpg,small,177,2.4697,0.0875,63116,640x960,ok,
2026-04-13T14:02:34.533557,gcp,concurrency_500,dataset/small_1.jpg,small,178,2.6456,0.0669,63116,640x960,ok,
2026-04-13T14:02:34.533560,gcp,concurrency_500,dataset/small_1.jpg,small,179,3.3661,0.1724,63116,640x960,ok,
2026-04-13T14:02:34.533563,gcp,concurrency_500,dataset/small_1.jpg,small,180,2.7682,0.1144,63116,640x960,ok,
2026-04-13T14:02:34.533566,gcp,concurrency_500,dataset/small_1.jpg,small,181,2.8697,0.1828,63116,640x960,ok,
2026-04-13T14:02:34.533569,gcp,concurrency_500,dataset/small_1.jpg,small,182,2.1945,0.1536,63116,640x960,ok,
2026-04-13T14:02:34.533572,gcp,concurrency_500,dataset/small_1.jpg,small,183,3.7364,0.1654,63116,640x960,ok,
2026-04-13T14:02:34.533575,gcp,concurrency_500,dataset/small_1.jpg,small,184,3.3218,0.0848,63116,640x960,ok,
2026-04-13T14:02:34.533579,gcp,concurrency_500,dataset/small_1.jpg,small,185,2.2847,0.0658,63116,640x960,ok,
2026-04-13T14:02:34.533582,gcp,concurrency_500,dataset/small_1.jpg,small,186,2.9467,0.072,63116,640x960,ok,
2026-04-13T14:02:34.533586,gcp,concurrency_500,dataset/small_1.jpg,small,187,2.5118,0.0805,63116,640x960,ok,
2026-04-13T14:02:34.533589,gcp,concurrency_500,dataset/small_1.jpg,small,188,2.3449,0.0773,63116,640x960,ok,
2026-04-13T14:02:34.533592,gcp,concurrency_500,dataset/small_1.jpg,small,189,3.9034,0.1118,63116,640x960,ok,
2026-04-13T14:02:34.533595,gcp,concurrency_500,dataset/small_1.jpg,small,190,3.1177,0.0662,63116,640x960,ok,
2026-04-13T14:02:34.533598,gcp,concurrency_500,dataset/small_1.jpg,small,191,2.858,0.0831,63116,640x960,ok,
2026-04-13T14:02:34.533601,gcp,concurrency_500,dataset/small_1.jpg,small,192,1.2314,0.0643,63116,640x960,ok,
2026-04-13T14:02:34.533604,gcp,concurrency_500,dataset/small_1.jpg,small,193,1.3681,0.0903,63116,640x960,ok,
2026-04-13T14:02:34.533607,gcp,concurrency_500,dataset/small_1.jpg,small,194,3.8138,0.0777,63116,640x960,ok,
2026-04-13T14:02:34.533610,gcp,concurrency_500,dataset/small_1.jpg,small,195,3.4437,0.0877,63116,640x960,ok,
2026-04-13T14:02:34.533613,gcp,concurrency_500,dataset/small_1.jpg,small,196,2.2603,0.1283,63116,640x960,ok,
2026-04-13T14:02:34.533616,gcp,concurrency_500,dataset/small_1.jpg,small,197,1.3088,0.0993,63116,640x960,ok,
2026-04-13T14:02:34.533619,gcp,concurrency_500,dataset/small_1.jpg,small,198,1.7958,0.0936,63116,640x960,ok,
2026-04-13T14:02:34.533622,gcp,concurrency_500,dataset/small_1.jpg,small,199,2.4357,0.0638,63116,640x960,ok,
2026-04-13T14:02:34.533625,gcp,concurrency_500,dataset/small_1.jpg,small,200,1.2888,0.0924,63116,640x960,ok,
2026-04-13T14:02:34.533628,gcp,concurrency_500,dataset/small_1.jpg,small,201,2.7441,0.0589,63116,640x960,ok,
2026-04-13T14:02:34.533632,gcp,concurrency_500,dataset/small_1.jpg,small,202,3.2313,0.0867,63116,640x960,ok,
2026-04-13T14:02:34.533646,gcp,concurrency_500,dataset/small_1.jpg,small,203,1.9253,0.0792,63116,640x960,ok,
2026-04-13T14:02:34.533650,gcp,concurrency_500,dataset/small_1.jpg,small,204,4.1615,0.1081,63116,640x960,ok,
2026-04-13T14:02:34.533653,gcp,concurrency_500,dataset/small_1.jpg,small,205,3.8905,0.114,63116,640x960,ok,
2026-04-13T14:02:34.533656,gcp,concurrency_500,dataset/small_1.jpg,small,206,1.3993,0.1026,63116,640x960,ok,
2026-04-13T14:02:34.533660,gcp,concurrency_500,dataset/small_1.jpg,small,207,1.8764,0.1767,63116,640x960,ok,
2026-04-13T14:02:34.533663,gcp,concurrency_500,dataset/small_1.jpg,small,208,3.5455,0.0777,63116,640x960,ok,
2026-04-13T14:02:34.533666,gcp,concurrency_500,dataset/small_1.jpg,small,209,1.5221,0.0881,63116,640x960,ok,
2026-04-13T14:02:34.533669,gcp,concurrency_500,dataset/small_1.jpg,small,210,3.132,0.0811,63116,640x960,ok,
2026-04-13T14:02:34.533672,gcp,concurrency_500,dataset/small_1.jpg,small,211,1.6972,0.1168,63116,640x960,ok,
2026-04-13T14:02:34.533675,gcp,concurrency_500,dataset/small_1.jpg,small,212,1.7502,0.0666,63116,640x960,ok,
2026-04-13T14:02:34.533678,gcp,concurrency_500,dataset/small_1.jpg,small,213,3.8524,0.2161,63116,640x960,ok,
2026-04-13T14:02:34.533681,gcp,concurrency_500,dataset/small_1.jpg,small,214,1.3516,0.1068,63116,640x960,ok,
2026-04-13T14:02:34.533684,gcp,concurrency_500,dataset/small_1.jpg,small,215,1.0514,0.0789,63116,640x960,ok,
2026-04-13T14:02:34.533687,gcp,concurrency_500,dataset/small_1.jpg,small,216,2.1051,0.0703,63116,640x960,ok,
2026-04-13T14:02:34.533691,gcp,concurrency_500,dataset/small_1.jpg,small,217,3.1043,0.1108,63116,640x960,ok,
2026-04-13T14:02:34.533694,gcp,concurrency_500,dataset/small_1.jpg,small,218,2.448,0.0706,63116,640x960,ok,
2026-04-13T14:02:34.533697,gcp,concurrency_500,dataset/small_1.jpg,small,219,2.228,0.0682,63116,640x960,ok,
2026-04-13T14:02:34.533700,gcp,concurrency_500,dataset/small_1.jpg,small,220,1.18,0.2655,63116,640x960,ok,
2026-04-13T14:02:34.533703,gcp,concurrency_500,dataset/small_1.jpg,small,221,1.6529,0.0892,63116,640x960,ok,
2026-04-13T14:02:34.533706,gcp,concurrency_500,dataset/small_1.jpg,small,222,2.5092,0.0861,63116,640x960,ok,
2026-04-13T14:02:34.533709,gcp,concurrency_500,dataset/small_1.jpg,small,223,1.8572,0.1677,63116,640x960,ok,
2026-04-13T14:02:34.533712,gcp,concurrency_500,dataset/small_1.jpg,small,224,2.2595,0.0893,63116,640x960,ok,
2026-04-13T14:02:34.533715,gcp,concurrency_500,dataset/small_1.jpg,small,225,2.4811,0.0588,63116,640x960,ok,
2026-04-13T14:02:34.533718,gcp,concurrency_500,dataset/small_1.jpg,small,226,1.9153,0.0782,63116,640x960,ok,
2026-04-13T14:02:34.533721,gcp,concurrency_500,dataset/small_1.jpg,small,227,1.9663,0.0709,63116,640x960,ok,
2026-04-13T14:02:34.533724,gcp,concurrency_500,dataset/small_1.jpg,small,228,2.4533,0.0719,63116,640x960,ok,
2026-04-13T14:02:34.533727,gcp,concurrency_500,dataset/small_1.jpg,small,229,1.6353,0.0792,63116,640x960,ok,
2026-04-13T14:02:34.533730,gcp,concurrency_500,dataset/small_1.jpg,small,230,1.7007,0.063,63116,640x960,ok,
2026-04-13T14:02:34.533733,gcp,concurrency_500,dataset/small_1.jpg,small,231,1.8277,0.0814,63116,640x960,ok,
2026-04-13T14:02:34.533736,gcp,concurrency_500,dataset/small_1.jpg,small,232,1.647,0.0912,63116,640x960,ok,
2026-04-13T14:02:34.533739,gcp,concurrency_500,dataset/small_1.jpg,small,233,1.1139,0.0661,63116,640x960,ok,
2026-04-13T14:02:34.533742,gcp,concurrency_500,dataset/small_1.jpg,small,234,4.2437,0.192,63116,640x960,ok,
2026-04-13T14:02:34.533745,gcp,concurrency_500,dataset/small_1.jpg,small,235,2.4727,0.0649,63116,640x960,ok,
2026-04-13T14:02:34.533748,gcp,concurrency_500,dataset/small_1.jpg,small,236,2.6034,0.0781,63116,640x960,ok,
2026-04-13T14:02:34.533751,gcp,concurrency_500,dataset/small_1.jpg,small,237,3.0192,0.0773,63116,640x960,ok,
2026-04-13T14:02:34.533754,gcp,concurrency_500,dataset/small_1.jpg,small,238,2.9347,0.0848,63116,640x960,ok,
2026-04-13T14:02:34.533757,gcp,concurrency_500,dataset/small_1.jpg,small,239,1.0203,0.1608,63116,640x960,ok,
2026-04-13T14:02:34.533760,gcp,concurrency_500,dataset/small_1.jpg,small,240,1.0031,0.061,63116,640x960,ok,
2026-04-13T14:02:34.533764,gcp,concurrency_500,dataset/small_1.jpg,small,241,0.674,0.0691,63116,640x960,ok,
2026-04-13T14:02:34.533767,gcp,concurrency_500,dataset/small_1.jpg,small,242,1.3803,0.0913,63116,640x960,ok,
2026-04-13T14:02:34.533770,gcp,concurrency_500,dataset/small_1.jpg,small,243,3.3644,0.085,63116,640x960,ok,
2026-04-13T14:02:34.533773,gcp,concurrency_500,dataset/small_1.jpg,small,244,1.0935,0.072,63116,640x960,ok,
2026-04-13T14:02:34.533776,gcp,concurrency_500,dataset/small_1.jpg,small,245,1.4799,0.0908,63116,640x960,ok,
2026-04-13T14:02:34.533779,gcp,concurrency_500,dataset/small_1.jpg,small,246,1.2753,0.1116,63116,640x960,ok,
2026-04-13T14:02:34.533782,gcp,concurrency_500,dataset/small_1.jpg,small,247,1.5017,0.1251,63116,640x960,ok,
2026-04-13T14:02:34.533785,gcp,concurrency_500,dataset/small_1.jpg,small,248,1.0291,0.0706,63116,640x960,ok,
2026-04-13T14:02:34.533788,gcp,concurrency_500,dataset/small_1.jpg,small,249,0.9953,0.0656,63116,640x960,ok,
2026-04-13T14:02:34.533791,gcp,concurrency_500,dataset/small_1.jpg,small,250,0.7814,0.1083,63116,640x960,ok,
2026-04-13T14:02:34.533794,gcp,concurrency_500,dataset/small_1.jpg,small,251,0.8441,0.0781,63116,640x960,ok,
2026-04-13T14:02:34.533797,gcp,concurrency_500,dataset/small_1.jpg,small,252,1.1025,0.062,63116,640x960,ok,
2026-04-13T14:02:34.533800,gcp,concurrency_500,dataset/small_1.jpg,small,253,1.0391,0.091,63116,640x960,ok,
2026-04-13T14:02:34.533803,gcp,concurrency_500,dataset/small_1.jpg,small,254,1.5499,0.1535,63116,640x960,ok,
2026-04-13T14:02:34.533806,gcp,concurrency_500,dataset/small_1.jpg,small,255,1.5216,0.1487,63116,640x960,ok,
2026-04-13T14:02:34.533809,gcp,concurrency_500,dataset/small_1.jpg,small,256,1.3081,0.1531,63116,640x960,ok,
2026-04-13T14:02:34.533812,gcp,concurrency_500,dataset/small_1.jpg,small,257,1.2497,0.0903,63116,640x960,ok,
2026-04-13T14:02:34.533815,gcp,concurrency_500,dataset/small_1.jpg,small,258,2.6858,0.0844,63116,640x960,ok,
2026-04-13T14:02:34.533818,gcp,concurrency_500,dataset/small_1.jpg,small,259,2.53,0.0596,63116,640x960,ok,
2026-04-13T14:02:34.533821,gcp,concurrency_500,dataset/small_1.jpg,small,260,1.1552,0.0918,63116,640x960,ok,
2026-04-13T14:02:34.533825,gcp,concurrency_500,dataset/small_1.jpg,small,261,0.7026,0.1225,63116,640x960,ok,
2026-04-13T14:02:34.533828,gcp,concurrency_500,dataset/small_1.jpg,small,262,2.7313,0.1063,63116,640x960,ok,
2026-04-13T14:02:34.533831,gcp,concurrency_500,dataset/small_1.jpg,small,263,1.2375,0.0882,63116,640x960,ok,
2026-04-13T14:02:34.533834,gcp,concurrency_500,dataset/small_1.jpg,small,264,2.2948,0.0898,63116,640x960,ok,
2026-04-13T14:02:34.533837,gcp,concurrency_500,dataset/small_1.jpg,small,265,1.6389,0.0871,63116,640x960,ok,
2026-04-13T14:02:34.533840,gcp,concurrency_500,dataset/small_1.jpg,small,266,2.7786,0.1465,63116,640x960,ok,
2026-04-13T14:02:34.533843,gcp,concurrency_500,dataset/small_1.jpg,small,267,2.7897,0.0587,63116,640x960,ok,
2026-04-13T14:02:34.533846,gcp,concurrency_500,dataset/small_1.jpg,small,268,3.8095,0.0736,63116,640x960,ok,
2026-04-13T14:02:34.533849,gcp,concurrency_500,dataset/small_1.jpg,small,269,1.5305,0.0866,63116,640x960,ok,
2026-04-13T14:02:34.533852,gcp,concurrency_500,dataset/small_1.jpg,small,270,1.5028,0.0929,63116,640x960,ok,
2026-04-13T14:02:34.533855,gcp,concurrency_500,dataset/small_1.jpg,small,271,2.0202,0.0621,63116,640x960,ok,
2026-04-13T14:02:34.533858,gcp,concurrency_500,dataset/small_1.jpg,small,272,1.7999,0.0804,63116,640x960,ok,
2026-04-13T14:02:34.533861,gcp,concurrency_500,dataset/small_1.jpg,small,273,1.1682,0.1507,63116,640x960,ok,
2026-04-13T14:02:34.533865,gcp,concurrency_500,dataset/small_1.jpg,small,274,2.7261,0.065,63116,640x960,ok,
2026-04-13T14:02:34.533868,gcp,concurrency_500,dataset/small_1.jpg,small,275,3.5415,0.1313,63116,640x960,ok,
2026-04-13T14:02:34.533871,gcp,concurrency_500,dataset/small_1.jpg,small,276,1.0953,0.0894,63116,640x960,ok,
2026-04-13T14:02:34.533878,gcp,concurrency_500,dataset/small_1.jpg,small,277,1.4087,0.0858,63116,640x960,ok,
2026-04-13T14:02:34.533882,gcp,concurrency_500,dataset/small_1.jpg,small,278,2.0892,0.0792,63116,640x960,ok,
2026-04-13T14:02:34.533885,gcp,concurrency_500,dataset/small_1.jpg,small,279,1.3587,0.0857,63116,640x960,ok,
2026-04-13T14:02:34.533888,gcp,concurrency_500,dataset/small_1.jpg,small,280,1.5975,0.099,63116,640x960,ok,
2026-04-13T14:02:34.533891,gcp,concurrency_500,dataset/small_1.jpg,small,281,2.1751,0.1247,63116,640x960,ok,
2026-04-13T14:02:34.533894,gcp,concurrency_500,dataset/small_1.jpg,small,282,1.7127,0.0842,63116,640x960,ok,
2026-04-13T14:02:34.533897,gcp,concurrency_500,dataset/small_1.jpg,small,283,1.5871,0.0915,63116,640x960,ok,
2026-04-13T14:02:34.533900,gcp,concurrency_500,dataset/small_1.jpg,small,284,1.8617,0.0761,63116,640x960,ok,
2026-04-13T14:02:34.533903,gcp,concurrency_500,dataset/small_1.jpg,small,285,0.9582,0.1118,63116,640x960,ok,
2026-04-13T14:02:34.533906,gcp,concurrency_500,dataset/small_1.jpg,small,286,2.5016,0.0668,63116,640x960,ok,
2026-04-13T14:02:34.533909,gcp,concurrency_500,dataset/small_1.jpg,small,287,2.0266,0.0667,63116,640x960,ok,
2026-04-13T14:02:34.533912,gcp,concurrency_500,dataset/small_1.jpg,small,288,1.101,0.152,63116,640x960,ok,
2026-04-13T14:02:34.533915,gcp,concurrency_500,dataset/small_1.jpg,small,289,4.4933,0.1404,63116,640x960,ok,
2026-04-13T14:02:34.533918,gcp,concurrency_500,dataset/small_1.jpg,small,290,1.1118,0.0632,63116,640x960,ok,
2026-04-13T14:02:34.533922,gcp,concurrency_500,dataset/small_1.jpg,small,291,2.3872,0.1006,63116,640x960,ok,
2026-04-13T14:02:34.533925,gcp,concurrency_500,dataset/small_1.jpg,small,292,1.4293,0.0859,63116,640x960,ok,
2026-04-13T14:02:34.533928,gcp,concurrency_500,dataset/small_1.jpg,small,293,2.8351,0.0794,63116,640x960,ok,
2026-04-13T14:02:34.533931,gcp,concurrency_500,dataset/small_1.jpg,small,294,1.4414,0.102,63116,640x960,ok,
2026-04-13T14:02:34.533934,gcp,concurrency_500,dataset/small_1.jpg,small,295,2.4809,0.0834,63116,640x960,ok,
2026-04-13T14:02:34.533937,gcp,concurrency_500,dataset/small_1.jpg,small,296,2.0086,0.0918,63116,640x960,ok,
2026-04-13T14:02:34.533940,gcp,concurrency_500,dataset/small_1.jpg,small,297,1.2032,0.0744,63116,640x960,ok,
2026-04-13T14:02:34.533943,gcp,concurrency_500,dataset/small_1.jpg,small,298,1.2328,0.1218,63116,640x960,ok,
2026-04-13T14:02:34.533946,gcp,concurrency_500,dataset/small_1.jpg,small,299,2.2405,0.0678,63116,640x960,ok,
2026-04-13T14:02:34.533949,gcp,concurrency_500,dataset/small_1.jpg,small,300,1.8002,0.0855,63116,640x960,ok,
2026-04-13T14:02:34.533952,gcp,concurrency_500,dataset/small_1.jpg,small,301,2.1724,0.0766,63116,640x960,ok,
2026-04-13T14:02:34.533955,gcp,concurrency_500,dataset/small_1.jpg,small,302,2.3955,0.0727,63116,640x960,ok,
2026-04-13T14:02:34.533958,gcp,concurrency_500,dataset/small_1.jpg,small,303,1.8743,0.1426,63116,640x960,ok,
2026-04-13T14:02:34.533961,gcp,concurrency_500,dataset/small_1.jpg,small,304,1.2922,0.0869,63116,640x960,ok,
2026-04-13T14:02:34.533964,gcp,concurrency_500,dataset/small_1.jpg,small,305,2.7177,0.0812,63116,640x960,ok,
2026-04-13T14:02:34.533967,gcp,concurrency_500,dataset/small_1.jpg,small,306,1.3446,0.1484,63116,640x960,ok,
2026-04-13T14:02:34.533970,gcp,concurrency_500,dataset/small_1.jpg,small,307,1.2475,0.0899,63116,640x960,ok,
2026-04-13T14:02:34.533973,gcp,concurrency_500,dataset/small_1.jpg,small,308,2.7541,0.0754,63116,640x960,ok,
2026-04-13T14:02:34.533976,gcp,concurrency_500,dataset/small_1.jpg,small,309,2.4793,0.161,63116,640x960,ok,
2026-04-13T14:02:34.533980,gcp,concurrency_500,dataset/small_1.jpg,small,310,3.9738,0.0973,63116,640x960,ok,
2026-04-13T14:02:34.533983,gcp,concurrency_500,dataset/small_1.jpg,small,311,3.5294,0.1168,63116,640x960,ok,
2026-04-13T14:02:34.533986,gcp,concurrency_500,dataset/small_1.jpg,small,312,2.3982,0.0676,63116,640x960,ok,
2026-04-13T14:02:34.533989,gcp,concurrency_500,dataset/small_1.jpg,small,313,2.6007,0.0828,63116,640x960,ok,
2026-04-13T14:02:34.533992,gcp,concurrency_500,dataset/small_1.jpg,small,314,2.3546,0.0802,63116,640x960,ok,
2026-04-13T14:02:34.533995,gcp,concurrency_500,dataset/small_1.jpg,small,315,1.957,0.1361,63116,640x960,ok,
2026-04-13T14:02:34.533998,gcp,concurrency_500,dataset/small_1.jpg,small,316,3.1601,0.206,63116,640x960,ok,
2026-04-13T14:02:34.534001,gcp,concurrency_500,dataset/small_1.jpg,small,317,2.7197,0.0936,63116,640x960,ok,
2026-04-13T14:02:34.534004,gcp,concurrency_500,dataset/small_1.jpg,small,318,2.5655,0.0573,63116,640x960,ok,
2026-04-13T14:02:34.534007,gcp,concurrency_500,dataset/small_1.jpg,small,319,3.2276,0.146,63116,640x960,ok,
2026-04-13T14:02:34.534010,gcp,concurrency_500,dataset/small_1.jpg,small,320,4.1052,0.1679,63116,640x960,ok,
2026-04-13T14:02:34.534013,gcp,concurrency_500,dataset/small_1.jpg,small,321,3.6442,0.1081,63116,640x960,ok,
2026-04-13T14:02:34.534016,gcp,concurrency_500,dataset/small_1.jpg,small,322,2.1716,0.0612,63116,640x960,ok,
2026-04-13T14:02:34.534019,gcp,concurrency_500,dataset/small_1.jpg,small,323,3.7447,0.1367,63116,640x960,ok,
2026-04-13T14:02:34.534022,gcp,concurrency_500,dataset/small_1.jpg,small,324,2.9544,0.0573,63116,640x960,ok,
2026-04-13T14:02:34.534025,gcp,concurrency_500,dataset/small_1.jpg,small,325,3.5818,0.1086,63116,640x960,ok,
2026-04-13T14:02:34.534028,gcp,concurrency_500,dataset/small_1.jpg,small,326,3.5788,0.0804,63116,640x960,ok,
2026-04-13T14:02:34.534031,gcp,concurrency_500,dataset/small_1.jpg,small,327,1.9567,0.0703,63116,640x960,ok,
2026-04-13T14:02:34.534034,gcp,concurrency_500,dataset/small_1.jpg,small,328,4.3772,0.0861,63116,640x960,ok,
2026-04-13T14:02:34.534037,gcp,concurrency_500,dataset/small_1.jpg,small,329,2.7518,0.0747,63116,640x960,ok,
2026-04-13T14:02:34.534040,gcp,concurrency_500,dataset/small_1.jpg,small,330,4.5457,0.1174,63116,640x960,ok,
2026-04-13T14:02:34.534043,gcp,concurrency_500,dataset/small_1.jpg,small,331,2.5345,0.0792,63116,640x960,ok,
2026-04-13T14:02:34.534046,gcp,concurrency_500,dataset/small_1.jpg,small,332,3.6434,0.0835,63116,640x960,ok,
2026-04-13T14:02:34.534049,gcp,concurrency_500,dataset/small_1.jpg,small,333,2.9178,0.0801,63116,640x960,ok,
2026-04-13T14:02:34.534052,gcp,concurrency_500,dataset/small_1.jpg,small,334,2.9678,0.0641,63116,640x960,ok,
2026-04-13T14:02:34.534055,gcp,concurrency_500,dataset/small_1.jpg,small,335,1.9192,0.074,63116,640x960,ok,
2026-04-13T14:02:34.534058,gcp,concurrency_500,dataset/small_1.jpg,small,336,3.7224,0.0976,63116,640x960,ok,
2026-04-13T14:02:34.534061,gcp,concurrency_500,dataset/small_1.jpg,small,337,4.5529,0.1192,63116,640x960,ok,
2026-04-13T14:02:34.534064,gcp,concurrency_500,dataset/small_1.jpg,small,338,2.7239,0.0795,63116,640x960,ok,
2026-04-13T14:02:34.534067,gcp,concurrency_500,dataset/small_1.jpg,small,339,2.5659,0.0778,63116,640x960,ok,
2026-04-13T14:02:34.534070,gcp,concurrency_500,dataset/small_1.jpg,small,340,2.7535,0.0711,63116,640x960,ok,
2026-04-13T14:02:34.534073,gcp,concurrency_500,dataset/small_1.jpg,small,341,2.0351,0.0873,63116,640x960,ok,
2026-04-13T14:02:34.534076,gcp,concurrency_500,dataset/small_1.jpg,small,342,3.1025,0.0899,63116,640x960,ok,
2026-04-13T14:02:34.534079,gcp,concurrency_500,dataset/small_1.jpg,small,343,2.2558,0.0755,63116,640x960,ok,
2026-04-13T14:02:34.534082,gcp,concurrency_500,dataset/small_1.jpg,small,344,2.7158,0.0694,63116,640x960,ok,
2026-04-13T14:02:34.534085,gcp,concurrency_500,dataset/small_1.jpg,small,345,2.849,0.0711,63116,640x960,ok,
2026-04-13T14:02:34.534088,gcp,concurrency_500,dataset/small_1.jpg,small,346,3.9046,0.1127,63116,640x960,ok,
2026-04-13T14:02:34.534091,gcp,concurrency_500,dataset/small_1.jpg,small,347,1.1356,0.0617,63116,640x960,ok,
2026-04-13T14:02:34.534094,gcp,concurrency_500,dataset/small_1.jpg,small,348,2.0606,0.088,63116,640x960,ok,
2026-04-13T14:02:34.534097,gcp,concurrency_500,dataset/small_1.jpg,small,349,3.8854,0.0764,63116,640x960,ok,
2026-04-13T14:02:34.534100,gcp,concurrency_500,dataset/small_1.jpg,small,350,2.8844,0.0759,63116,640x960,ok,
2026-04-13T14:02:34.534107,gcp,concurrency_500,dataset/small_1.jpg,small,351,2.4078,0.0675,63116,640x960,ok,
2026-04-13T14:02:34.534110,gcp,concurrency_500,dataset/small_1.jpg,small,352,2.8854,0.08,63116,640x960,ok,
2026-04-13T14:02:34.534113,gcp,concurrency_500,dataset/small_1.jpg,small,353,3.0916,0.0611,63116,640x960,ok,
2026-04-13T14:02:34.534116,gcp,concurrency_500,dataset/small_1.jpg,small,354,3.0689,0.0881,63116,640x960,ok,
2026-04-13T14:02:34.534119,gcp,concurrency_500,dataset/small_1.jpg,small,355,1.8536,0.064,63116,640x960,ok,
2026-04-13T14:02:34.534123,gcp,concurrency_500,dataset/small_1.jpg,small,356,4.5617,0.0825,63116,640x960,ok,
2026-04-13T14:02:34.534126,gcp,concurrency_500,dataset/small_1.jpg,small,357,2.7274,0.0707,63116,640x960,ok,
2026-04-13T14:02:34.534129,gcp,concurrency_500,dataset/small_1.jpg,small,358,1.9839,0.0788,63116,640x960,ok,
2026-04-13T14:02:34.534132,gcp,concurrency_500,dataset/small_1.jpg,small,359,2.4924,0.0958,63116,640x960,ok,
2026-04-13T14:02:34.534135,gcp,concurrency_500,dataset/small_1.jpg,small,360,4.3229,0.1326,63116,640x960,ok,
2026-04-13T14:02:34.534138,gcp,concurrency_500,dataset/small_1.jpg,small,361,2.0243,0.1611,63116,640x960,ok,
2026-04-13T14:02:34.534141,gcp,concurrency_500,dataset/small_1.jpg,small,362,0.7208,0.0763,63116,640x960,ok,
2026-04-13T14:02:34.534144,gcp,concurrency_500,dataset/small_1.jpg,small,363,1.0169,0.0877,63116,640x960,ok,
2026-04-13T14:02:34.534147,gcp,concurrency_500,dataset/small_1.jpg,small,364,4.0136,0.0737,63116,640x960,ok,
2026-04-13T14:02:34.534150,gcp,concurrency_500,dataset/small_1.jpg,small,365,1.3774,0.1851,63116,640x960,ok,
2026-04-13T14:02:34.534153,gcp,concurrency_500,dataset/small_1.jpg,small,366,1.3853,0.112,63116,640x960,ok,
2026-04-13T14:02:34.534156,gcp,concurrency_500,dataset/small_1.jpg,small,367,1.3563,0.0922,63116,640x960,ok,
2026-04-13T14:02:34.534159,gcp,concurrency_500,dataset/small_1.jpg,small,368,1.9416,0.0718,63116,640x960,ok,
2026-04-13T14:02:34.534162,gcp,concurrency_500,dataset/small_1.jpg,small,369,1.1529,0.0893,63116,640x960,ok,
2026-04-13T14:02:34.534165,gcp,concurrency_500,dataset/small_1.jpg,small,370,3.043,0.0818,63116,640x960,ok,
2026-04-13T14:02:34.534168,gcp,concurrency_500,dataset/small_1.jpg,small,371,1.9943,0.084,63116,640x960,ok,
2026-04-13T14:02:34.534171,gcp,concurrency_500,dataset/small_1.jpg,small,372,2.8616,0.0791,63116,640x960,ok,
2026-04-13T14:02:34.534174,gcp,concurrency_500,dataset/small_1.jpg,small,373,4.2545,0.1049,63116,640x960,ok,
2026-04-13T14:02:34.534177,gcp,concurrency_500,dataset/small_1.jpg,small,374,2.661,0.0909,63116,640x960,ok,
2026-04-13T14:02:34.534180,gcp,concurrency_500,dataset/small_1.jpg,small,375,0.9546,0.1726,63116,640x960,ok,
2026-04-13T14:02:34.534183,gcp,concurrency_500,dataset/small_1.jpg,small,376,2.2851,0.1358,63116,640x960,ok,
2026-04-13T14:02:34.534186,gcp,concurrency_500,dataset/small_1.jpg,small,377,2.1104,0.0822,63116,640x960,ok,
2026-04-13T14:02:34.534189,gcp,concurrency_500,dataset/small_1.jpg,small,378,0.7716,0.1244,63116,640x960,ok,
2026-04-13T14:02:34.534192,gcp,concurrency_500,dataset/small_1.jpg,small,379,1.4791,0.091,63116,640x960,ok,
2026-04-13T14:02:34.534196,gcp,concurrency_500,dataset/small_1.jpg,small,380,1.1507,0.1102,63116,640x960,ok,
2026-04-13T14:02:34.534199,gcp,concurrency_500,dataset/small_1.jpg,small,381,0.8783,0.0892,63116,640x960,ok,
2026-04-13T14:02:34.534202,gcp,concurrency_500,dataset/small_1.jpg,small,382,1.1168,0.1121,63116,640x960,ok,
2026-04-13T14:02:34.534205,gcp,concurrency_500,dataset/small_1.jpg,small,383,2.1903,0.0804,63116,640x960,ok,
2026-04-13T14:02:34.534208,gcp,concurrency_500,dataset/small_1.jpg,small,384,1.8208,0.1401,63116,640x960,ok,
2026-04-13T14:02:34.534211,gcp,concurrency_500,dataset/small_1.jpg,small,385,2.1979,0.0709,63116,640x960,ok,
2026-04-13T14:02:34.534214,gcp,concurrency_500,dataset/small_1.jpg,small,386,3.0681,0.0702,63116,640x960,ok,
2026-04-13T14:02:34.534217,gcp,concurrency_500,dataset/small_1.jpg,small,387,3.0724,0.0907,63116,640x960,ok,
2026-04-13T14:02:34.534220,gcp,concurrency_500,dataset/small_1.jpg,small,388,2.6658,0.0663,63116,640x960,ok,
2026-04-13T14:02:34.534223,gcp,concurrency_500,dataset/small_1.jpg,small,389,3.8839,0.1065,63116,640x960,ok,
2026-04-13T14:02:34.534226,gcp,concurrency_500,dataset/small_1.jpg,small,390,2.61,0.0686,63116,640x960,ok,
2026-04-13T14:02:34.534229,gcp,concurrency_500,dataset/small_1.jpg,small,391,2.7266,0.0901,63116,640x960,ok,
2026-04-13T14:02:34.534232,gcp,concurrency_500,dataset/small_1.jpg,small,392,2.5699,0.0905,63116,640x960,ok,
2026-04-13T14:02:34.534235,gcp,concurrency_500,dataset/small_1.jpg,small,393,2.681,0.0768,63116,640x960,ok,
2026-04-13T14:02:34.534238,gcp,concurrency_500,dataset/small_1.jpg,small,394,2.1978,0.0869,63116,640x960,ok,
2026-04-13T14:02:34.534241,gcp,concurrency_500,dataset/small_1.jpg,small,395,2.9643,0.0841,63116,640x960,ok,
2026-04-13T14:02:34.534244,gcp,concurrency_500,dataset/small_1.jpg,small,396,3.9843,0.0754,63116,640x960,ok,
2026-04-13T14:02:34.534247,gcp,concurrency_500,dataset/small_1.jpg,small,397,3.167,0.1042,63116,640x960,ok,
2026-04-13T14:02:34.534250,gcp,concurrency_500,dataset/small_1.jpg,small,398,2.6334,0.0591,63116,640x960,ok,
2026-04-13T14:02:34.534253,gcp,concurrency_500,dataset/small_1.jpg,small,399,3.5607,0.1368,63116,640x960,ok,
2026-04-13T14:02:34.534256,gcp,concurrency_500,dataset/small_1.jpg,small,400,2.7818,0.1428,63116,640x960,ok,
2026-04-13T14:02:34.534259,gcp,concurrency_500,dataset/small_1.jpg,small,401,2.0162,0.0668,63116,640x960,ok,
2026-04-13T14:02:34.534262,gcp,concurrency_500,dataset/small_1.jpg,small,402,3.7751,0.0739,63116,640x960,ok,
2026-04-13T14:02:34.534265,gcp,concurrency_500,dataset/small_1.jpg,small,403,2.7494,0.0777,63116,640x960,ok,
2026-04-13T14:02:34.534268,gcp,concurrency_500,dataset/small_1.jpg,small,404,3.0623,0.142,63116,640x960,ok,
2026-04-13T14:02:34.534271,gcp,concurrency_500,dataset/small_1.jpg,small,405,2.9728,0.093,63116,640x960,ok,
2026-04-13T14:02:34.534274,gcp,concurrency_500,dataset/small_1.jpg,small,406,2.6755,0.0976,63116,640x960,ok,
2026-04-13T14:02:34.534277,gcp,concurrency_500,dataset/small_1.jpg,small,407,2.6182,0.083,63116,640x960,ok,
2026-04-13T14:02:34.534280,gcp,concurrency_500,dataset/small_1.jpg,small,408,4.1297,0.2445,63116,640x960,ok,
2026-04-13T14:02:34.534284,gcp,concurrency_500,dataset/small_1.jpg,small,409,3.6992,0.0818,63116,640x960,ok,
2026-04-13T14:02:34.534287,gcp,concurrency_500,dataset/small_1.jpg,small,410,2.761,0.0744,63116,640x960,ok,
2026-04-13T14:02:34.534290,gcp,concurrency_500,dataset/small_1.jpg,small,411,2.9204,0.0652,63116,640x960,ok,
2026-04-13T14:02:34.534293,gcp,concurrency_500,dataset/small_1.jpg,small,412,2.0059,0.09,63116,640x960,ok,
2026-04-13T14:02:34.534296,gcp,concurrency_500,dataset/small_1.jpg,small,413,2.3596,0.0759,63116,640x960,ok,
2026-04-13T14:02:34.534299,gcp,concurrency_500,dataset/small_1.jpg,small,414,1.7577,0.124,63116,640x960,ok,
2026-04-13T14:02:34.534302,gcp,concurrency_500,dataset/small_1.jpg,small,415,2.2979,0.0827,63116,640x960,ok,
2026-04-13T14:02:34.534305,gcp,concurrency_500,dataset/small_1.jpg,small,416,1.5108,0.0786,63116,640x960,ok,
2026-04-13T14:02:34.534308,gcp,concurrency_500,dataset/small_1.jpg,small,417,2.8025,0.1022,63116,640x960,ok,
2026-04-13T14:02:34.534311,gcp,concurrency_500,dataset/small_1.jpg,small,418,2.8074,0.1583,63116,640x960,ok,
2026-04-13T14:02:34.534314,gcp,concurrency_500,dataset/small_1.jpg,small,419,2.8162,0.0871,63116,640x960,ok,
2026-04-13T14:02:34.534317,gcp,concurrency_500,dataset/small_1.jpg,small,420,1.508,0.1522,63116,640x960,ok,
2026-04-13T14:02:34.534320,gcp,concurrency_500,dataset/small_1.jpg,small,421,2.7185,0.0751,63116,640x960,ok,
2026-04-13T14:02:34.534323,gcp,concurrency_500,dataset/small_1.jpg,small,422,3.3582,0.0884,63116,640x960,ok,
2026-04-13T14:02:34.534326,gcp,concurrency_500,dataset/small_1.jpg,small,423,2.1971,0.0588,63116,640x960,ok,
2026-04-13T14:02:34.534329,gcp,concurrency_500,dataset/small_1.jpg,small,424,3.2034,0.2026,63116,640x960,ok,
2026-04-13T14:02:34.534336,gcp,concurrency_500,dataset/small_1.jpg,small,425,3.28,0.0949,63116,640x960,ok,
2026-04-13T14:02:34.534339,gcp,concurrency_500,dataset/small_1.jpg,small,426,1.6904,0.1132,63116,640x960,ok,
2026-04-13T14:02:34.534342,gcp,concurrency_500,dataset/small_1.jpg,small,427,2.6918,0.1533,63116,640x960,ok,
2026-04-13T14:02:34.534345,gcp,concurrency_500,dataset/small_1.jpg,small,428,2.821,0.0868,63116,640x960,ok,
2026-04-13T14:02:34.534348,gcp,concurrency_500,dataset/small_1.jpg,small,429,2.9903,0.0834,63116,640x960,ok,
2026-04-13T14:02:34.534351,gcp,concurrency_500,dataset/small_1.jpg,small,430,2.0748,0.06,63116,640x960,ok,
2026-04-13T14:02:34.534354,gcp,concurrency_500,dataset/small_1.jpg,small,431,2.94,0.0891,63116,640x960,ok,
2026-04-13T14:02:34.534357,gcp,concurrency_500,dataset/small_1.jpg,small,432,3.9051,0.077,63116,640x960,ok,
2026-04-13T14:02:34.534360,gcp,concurrency_500,dataset/small_1.jpg,small,433,4.4633,0.0904,63116,640x960,ok,
2026-04-13T14:02:34.534363,gcp,concurrency_500,dataset/small_1.jpg,small,434,2.1763,0.0874,63116,640x960,ok,
2026-04-13T14:02:34.534366,gcp,concurrency_500,dataset/small_1.jpg,small,435,4.3929,0.1083,63116,640x960,ok,
2026-04-13T14:02:34.534370,gcp,concurrency_500,dataset/small_1.jpg,small,436,2.6211,0.0732,63116,640x960,ok,
2026-04-13T14:02:34.534373,gcp,concurrency_500,dataset/small_1.jpg,small,437,2.6991,0.0923,63116,640x960,ok,
2026-04-13T14:02:34.534376,gcp,concurrency_500,dataset/small_1.jpg,small,438,3.4148,0.1009,63116,640x960,ok,
2026-04-13T14:02:34.534379,gcp,concurrency_500,dataset/small_1.jpg,small,439,2.5551,0.0573,63116,640x960,ok,
2026-04-13T14:02:34.534382,gcp,concurrency_500,dataset/small_1.jpg,small,440,2.395,0.0774,63116,640x960,ok,
2026-04-13T14:02:34.534385,gcp,concurrency_500,dataset/small_1.jpg,small,441,2.692,0.0982,63116,640x960,ok,
2026-04-13T14:02:34.534388,gcp,concurrency_500,dataset/small_1.jpg,small,442,2.9663,0.0799,63116,640x960,ok,
2026-04-13T14:02:34.534391,gcp,concurrency_500,dataset/small_1.jpg,small,443,2.1263,0.0577,63116,640x960,ok,
2026-04-13T14:02:34.534394,gcp,concurrency_500,dataset/small_1.jpg,small,444,4.2086,0.0892,63116,640x960,ok,
2026-04-13T14:02:34.534397,gcp,concurrency_500,dataset/small_1.jpg,small,445,2.6338,0.0623,63116,640x960,ok,
2026-04-13T14:02:34.534400,gcp,concurrency_500,dataset/small_1.jpg,small,446,3.3363,0.1313,63116,640x960,ok,
2026-04-13T14:02:34.534403,gcp,concurrency_500,dataset/small_1.jpg,small,447,2.9468,0.1682,63116,640x960,ok,
2026-04-13T14:02:34.534406,gcp,concurrency_500,dataset/small_1.jpg,small,448,2.3667,0.0847,63116,640x960,ok,
2026-04-13T14:02:34.534409,gcp,concurrency_500,dataset/small_1.jpg,small,449,2.3979,0.0742,63116,640x960,ok,
2026-04-13T14:02:34.534412,gcp,concurrency_500,dataset/small_1.jpg,small,450,4.2185,0.1529,63116,640x960,ok,
2026-04-13T14:02:34.534415,gcp,concurrency_500,dataset/small_1.jpg,small,451,3.3681,0.1112,63116,640x960,ok,
2026-04-13T14:02:34.534418,gcp,concurrency_500,dataset/small_1.jpg,small,452,2.2622,0.083,63116,640x960,ok,
2026-04-13T14:02:34.534421,gcp,concurrency_500,dataset/small_1.jpg,small,453,2.0818,0.0678,63116,640x960,ok,
2026-04-13T14:02:34.534424,gcp,concurrency_500,dataset/small_1.jpg,small,454,3.2048,0.0883,63116,640x960,ok,
2026-04-13T14:02:34.534427,gcp,concurrency_500,dataset/small_1.jpg,small,455,2.8445,0.0875,63116,640x960,ok,
2026-04-13T14:02:34.534430,gcp,concurrency_500,dataset/small_1.jpg,small,456,2.8749,0.0839,63116,640x960,ok,
2026-04-13T14:02:34.534433,gcp,concurrency_500,dataset/small_1.jpg,small,457,3.7217,0.2482,63116,640x960,ok,
2026-04-13T14:02:34.534436,gcp,concurrency_500,dataset/small_1.jpg,small,458,2.2998,0.0765,63116,640x960,ok,
2026-04-13T14:02:34.534439,gcp,concurrency_500,dataset/small_1.jpg,small,459,2.4041,0.1577,63116,640x960,ok,
2026-04-13T14:02:34.534442,gcp,concurrency_500,dataset/small_1.jpg,small,460,3.0655,0.113,63116,640x960,ok,
2026-04-13T14:02:34.534445,gcp,concurrency_500,dataset/small_1.jpg,small,461,2.3005,0.1046,63116,640x960,ok,
2026-04-13T14:02:34.534448,gcp,concurrency_500,dataset/small_1.jpg,small,462,3.457,0.1807,63116,640x960,ok,
2026-04-13T14:02:34.534451,gcp,concurrency_500,dataset/small_1.jpg,small,463,2.2782,0.1249,63116,640x960,ok,
2026-04-13T14:02:34.534454,gcp,concurrency_500,dataset/small_1.jpg,small,464,3.5286,0.1271,63116,640x960,ok,
2026-04-13T14:02:34.534457,gcp,concurrency_500,dataset/small_1.jpg,small,465,3.0352,0.0761,63116,640x960,ok,
2026-04-13T14:02:34.534460,gcp,concurrency_500,dataset/small_1.jpg,small,466,3.278,0.1205,63116,640x960,ok,
2026-04-13T14:02:34.534463,gcp,concurrency_500,dataset/small_1.jpg,small,467,3.4884,0.09,63116,640x960,ok,
2026-04-13T14:02:34.534466,gcp,concurrency_500,dataset/small_1.jpg,small,468,2.8786,0.087,63116,640x960,ok,
2026-04-13T14:02:34.534469,gcp,concurrency_500,dataset/small_1.jpg,small,469,2.1449,0.0706,63116,640x960,ok,
2026-04-13T14:02:34.534472,gcp,concurrency_500,dataset/small_1.jpg,small,470,3.077,0.0799,63116,640x960,ok,
2026-04-13T14:02:34.534475,gcp,concurrency_500,dataset/small_1.jpg,small,471,3.57,0.0978,63116,640x960,ok,
2026-04-13T14:02:34.534478,gcp,concurrency_500,dataset/small_1.jpg,small,472,3.2332,0.0851,63116,640x960,ok,
2026-04-13T14:02:34.534481,gcp,concurrency_500,dataset/small_1.jpg,small,473,2.4957,0.0597,63116,640x960,ok,
2026-04-13T14:02:34.534485,gcp,concurrency_500,dataset/small_1.jpg,small,474,3.0062,0.086,63116,640x960,ok,
2026-04-13T14:02:34.534488,gcp,concurrency_500,dataset/small_1.jpg,small,475,2.1749,0.079,63116,640x960,ok,
2026-04-13T14:02:34.534491,gcp,concurrency_500,dataset/small_1.jpg,small,476,3.399,0.1726,63116,640x960,ok,
2026-04-13T14:02:34.534494,gcp,concurrency_500,dataset/small_1.jpg,small,477,1.9906,0.0995,63116,640x960,ok,
2026-04-13T14:02:34.534496,gcp,concurrency_500,dataset/small_1.jpg,small,478,2.6652,0.1499,63116,640x960,ok,
2026-04-13T14:02:34.534499,gcp,concurrency_500,dataset/small_1.jpg,small,479,4.6055,0.107,63116,640x960,ok,
2026-04-13T14:02:34.534503,gcp,concurrency_500,dataset/small_1.jpg,small,480,2.3306,0.1529,63116,640x960,ok,
2026-04-13T14:02:34.534506,gcp,concurrency_500,dataset/small_1.jpg,small,481,3.999,0.1038,63116,640x960,ok,
2026-04-13T14:02:34.534509,gcp,concurrency_500,dataset/small_1.jpg,small,482,3.5291,0.1301,63116,640x960,ok,
2026-04-13T14:02:34.534512,gcp,concurrency_500,dataset/small_1.jpg,small,483,2.9295,0.0903,63116,640x960,ok,
2026-04-13T14:02:34.534515,gcp,concurrency_500,dataset/small_1.jpg,small,484,3.8302,0.1647,63116,640x960,ok,
2026-04-13T14:02:34.534518,gcp,concurrency_500,dataset/small_1.jpg,small,485,2.6741,0.0615,63116,640x960,ok,
2026-04-13T14:02:34.534521,gcp,concurrency_500,dataset/small_1.jpg,small,486,2.7877,0.0706,63116,640x960,ok,
2026-04-13T14:02:34.534524,gcp,concurrency_500,dataset/small_1.jpg,small,487,3.0116,0.0887,63116,640x960,ok,
2026-04-13T14:02:34.534527,gcp,concurrency_500,dataset/small_1.jpg,small,488,2.2742,0.0626,63116,640x960,ok,
2026-04-13T14:02:34.534530,gcp,concurrency_500,dataset/small_1.jpg,small,489,3.3595,0.1506,63116,640x960,ok,
2026-04-13T14:02:34.534533,gcp,concurrency_500,dataset/small_1.jpg,small,490,3.6882,0.1083,63116,640x960,ok,
2026-04-13T14:02:34.534536,gcp,concurrency_500,dataset/small_1.jpg,small,491,2.118,0.0832,63116,640x960,ok,
2026-04-13T14:02:34.534539,gcp,concurrency_500,dataset/small_1.jpg,small,492,3.0025,0.0657,63116,640x960,ok,
2026-04-13T14:02:34.534542,gcp,concurrency_500,dataset/small_1.jpg,small,493,3.1963,0.0781,63116,640x960,ok,
2026-04-13T14:02:34.534545,gcp,concurrency_500,dataset/small_1.jpg,small,494,3.3734,0.0792,63116,640x960,ok,
2026-04-13T14:02:34.534548,gcp,concurrency_500,dataset/small_1.jpg,small,495,3.1142,0.0861,63116,640x960,ok,
2026-04-13T14:02:34.534551,gcp,concurrency_500,dataset/small_1.jpg,small,496,3.7208,0.1344,63116,640x960,ok,
2026-04-13T14:02:34.534554,gcp,concurrency_500,dataset/small_1.jpg,small,497,2.8986,0.0781,63116,640x960,ok,
2026-04-13T14:02:34.534557,gcp,concurrency_500,dataset/small_1.jpg,small,498,2.4724,0.085,63116,640x960,ok,
2026-04-13T14:02:34.534570,gcp,concurrency_500,dataset/small_1.jpg,small,499,3.1347,0.0608,63116,640x960,ok,
2026-04-13T14:02:34.534573,gcp,concurrency_500,dataset/small_1.jpg,small,500,2.6575,0.067,63116,640x960,ok,
2026-04-13T14:02:38.921796,gcp,concurrency_50,dataset/medium_1.jpg,medium,1,1.4405,0.8909,1694858,3089x2048,ok,
2026-04-13T14:02:38.921822,gcp,concurrency_50,dataset/medium_1.jpg,medium,2,1.4815,0.9514,1694858,3089x2048,ok,
2026-04-13T14:02:38.921831,gcp,concurrency_50,dataset/medium_1.jpg,medium,3,1.5644,0.9038,1694858,3089x2048,ok,
2026-04-13T14:02:38.921838,gcp,concurrency_50,dataset/medium_1.jpg,medium,4,3.3092,2.6939,1694858,3089x2048,ok,
2026-04-13T14:02:38.921844,gcp,concurrency_50,dataset/medium_1.jpg,medium,5,1.4069,0.8723,1694858,3089x2048,ok,
2026-04-13T14:02:38.921850,gcp,concurrency_50,dataset/medium_1.jpg,medium,6,3.5924,1.2319,1694858,3089x2048,ok,
2026-04-13T14:02:38.921856,gcp,concurrency_50,dataset/medium_1.jpg,medium,7,4.3763,1.0811,1694858,3089x2048,ok,
2026-04-13T14:02:38.921862,gcp,concurrency_50,dataset/medium_1.jpg,medium,8,1.5371,0.9319,1694858,3089x2048,ok,
2026-04-13T14:02:38.921867,gcp,concurrency_50,dataset/medium_1.jpg,medium,9,1.523,0.9289,1694858,3089x2048,ok,
2026-04-13T14:02:38.921873,gcp,concurrency_50,dataset/medium_1.jpg,medium,10,1.8909,1.2864,1694858,3089x2048,ok,
2026-04-13T14:02:38.921878,gcp,concurrency_50,dataset/medium_1.jpg,medium,11,1.4142,0.8786,1694858,3089x2048,ok,
2026-04-13T14:02:38.921884,gcp,concurrency_50,dataset/medium_1.jpg,medium,12,2.3566,1.7952,1694858,3089x2048,ok,
2026-04-13T14:02:38.921890,gcp,concurrency_50,dataset/medium_1.jpg,medium,13,2.9014,2.2557,1694858,3089x2048,ok,
2026-04-13T14:02:38.921896,gcp,concurrency_50,dataset/medium_1.jpg,medium,14,2.2035,0.7039,1694858,3089x2048,ok,
2026-04-13T14:02:38.921901,gcp,concurrency_50,dataset/medium_1.jpg,medium,15,1.3536,0.8152,1694858,3089x2048,ok,
2026-04-13T14:02:38.921907,gcp,concurrency_50,dataset/medium_1.jpg,medium,16,1.7493,1.188,1694858,3089x2048,ok,
2026-04-13T14:02:38.921912,gcp,concurrency_50,dataset/medium_1.jpg,medium,17,1.4299,0.8403,1694858,3089x2048,ok,
2026-04-13T14:02:38.921918,gcp,concurrency_50,dataset/medium_1.jpg,medium,18,2.2471,1.619,1694858,3089x2048,ok,
2026-04-13T14:02:38.921923,gcp,concurrency_50,dataset/medium_1.jpg,medium,19,1.5045,0.9896,1694858,3089x2048,ok,
2026-04-13T14:02:38.921929,gcp,concurrency_50,dataset/medium_1.jpg,medium,20,3.9295,3.2761,1694858,3089x2048,ok,
2026-04-13T14:02:38.921935,gcp,concurrency_50,dataset/medium_1.jpg,medium,21,1.3674,0.7629,1694858,3089x2048,ok,
2026-04-13T14:02:38.921940,gcp,concurrency_50,dataset/medium_1.jpg,medium,22,1.4621,0.9381,1694858,3089x2048,ok,
2026-04-13T14:02:38.921946,gcp,concurrency_50,dataset/medium_1.jpg,medium,23,2.1811,0.6902,1694858,3089x2048,ok,
2026-04-13T14:02:38.921952,gcp,concurrency_50,dataset/medium_1.jpg,medium,24,1.8169,1.216,1694858,3089x2048,ok,
2026-04-13T14:02:38.921957,gcp,concurrency_50,dataset/medium_1.jpg,medium,25,1.9993,1.426,1694858,3089x2048,ok,
2026-04-13T14:02:38.921963,gcp,concurrency_50,dataset/medium_1.jpg,medium,26,1.4779,0.907,1694858,3089x2048,ok,
2026-04-13T14:02:38.921968,gcp,concurrency_50,dataset/medium_1.jpg,medium,27,4.0369,1.201,1694858,3089x2048,ok,
2026-04-13T14:02:38.921974,gcp,concurrency_50,dataset/medium_1.jpg,medium,28,2.1685,0.6899,1694858,3089x2048,ok,
2026-04-13T14:02:38.921980,gcp,concurrency_50,dataset/medium_1.jpg,medium,29,3.5874,1.216,1694858,3089x2048,ok,
2026-04-13T14:02:38.921985,gcp,concurrency_50,dataset/medium_1.jpg,medium,30,1.5141,0.8667,1694858,3089x2048,ok,
2026-04-13T14:02:38.921991,gcp,concurrency_50,dataset/medium_1.jpg,medium,31,3.7141,3.0105,1694858,3089x2048,ok,
2026-04-13T14:02:38.921996,gcp,concurrency_50,dataset/medium_1.jpg,medium,32,2.4908,1.9157,1694858,3089x2048,ok,
2026-04-13T14:02:38.922002,gcp,concurrency_50,dataset/medium_1.jpg,medium,33,1.4675,0.9433,1694858,3089x2048,ok,
2026-04-13T14:02:38.922007,gcp,concurrency_50,dataset/medium_1.jpg,medium,34,1.932,1.3037,1694858,3089x2048,ok,
2026-04-13T14:02:38.922013,gcp,concurrency_50,dataset/medium_1.jpg,medium,35,2.7148,2.1145,1694858,3089x2048,ok,
2026-04-13T14:02:38.922018,gcp,concurrency_50,dataset/medium_1.jpg,medium,36,1.3054,0.7546,1694858,3089x2048,ok,
2026-04-13T14:02:38.922023,gcp,concurrency_50,dataset/medium_1.jpg,medium,37,2.188,0.665,1694858,3089x2048,ok,
2026-04-13T14:02:38.922029,gcp,concurrency_50,dataset/medium_1.jpg,medium,38,3.3349,2.6945,1694858,3089x2048,ok,
2026-04-13T14:02:38.922035,gcp,concurrency_50,dataset/medium_1.jpg,medium,39,1.911,1.2903,1694858,3089x2048,ok,
2026-04-13T14:02:38.922040,gcp,concurrency_50,dataset/medium_1.jpg,medium,40,3.0049,2.357,1694858,3089x2048,ok,
2026-04-13T14:02:38.922046,gcp,concurrency_50,dataset/medium_1.jpg,medium,41,3.9349,3.2036,1694858,3089x2048,ok,
2026-04-13T14:02:38.922051,gcp,concurrency_50,dataset/medium_1.jpg,medium,42,2.7381,0.9024,1694858,3089x2048,ok,
2026-04-13T14:02:38.922057,gcp,concurrency_50,dataset/medium_1.jpg,medium,43,2.2796,1.6553,1694858,3089x2048,ok,
2026-04-13T14:02:38.922062,gcp,concurrency_50,dataset/medium_1.jpg,medium,44,1.3847,0.8031,1694858,3089x2048,ok,
2026-04-13T14:02:38.922068,gcp,concurrency_50,dataset/medium_1.jpg,medium,45,1.5704,0.9006,1694858,3089x2048,ok,
2026-04-13T14:02:38.922073,gcp,concurrency_50,dataset/medium_1.jpg,medium,46,3.5618,1.5133,1694858,3089x2048,ok,
2026-04-13T14:02:38.922079,gcp,concurrency_50,dataset/medium_1.jpg,medium,47,1.3647,0.7936,1694858,3089x2048,ok,
2026-04-13T14:02:38.922085,gcp,concurrency_50,dataset/medium_1.jpg,medium,48,1.4457,0.9262,1694858,3089x2048,ok,
2026-04-13T14:02:38.922090,gcp,concurrency_50,dataset/medium_1.jpg,medium,49,3.2933,2.6102,1694858,3089x2048,ok,
2026-04-13T14:02:38.922096,gcp,concurrency_50,dataset/medium_1.jpg,medium,50,2.0259,1.4258,1694858,3089x2048,ok,
2026-04-13T14:02:47.401769,gcp,concurrency_100,dataset/medium_1.jpg,medium,1,4.2727,3.5788,1694858,3089x2048,ok,
2026-04-13T14:02:47.401818,gcp,concurrency_100,dataset/medium_1.jpg,medium,2,6.4413,2.6052,1694858,3089x2048,ok,
2026-04-13T14:02:47.401830,gcp,concurrency_100,dataset/medium_1.jpg,medium,3,2.9217,1.0011,1694858,3089x2048,ok,
2026-04-13T14:02:47.401839,gcp,concurrency_100,dataset/medium_1.jpg,medium,4,1.4607,0.77,1694858,3089x2048,ok,
2026-04-13T14:02:47.401848,gcp,concurrency_100,dataset/medium_1.jpg,medium,5,1.2582,0.7282,1694858,3089x2048,ok,
2026-04-13T14:02:47.401856,gcp,concurrency_100,dataset/medium_1.jpg,medium,6,6.0646,2.433,1694858,3089x2048,ok,
2026-04-13T14:02:47.401864,gcp,concurrency_100,dataset/medium_1.jpg,medium,7,6.5852,2.5161,1694858,3089x2048,ok,
2026-04-13T14:02:47.401872,gcp,concurrency_100,dataset/medium_1.jpg,medium,8,1.4049,0.8453,1694858,3089x2048,ok,
2026-04-13T14:02:47.401880,gcp,concurrency_100,dataset/medium_1.jpg,medium,9,2.7947,0.723,1694858,3089x2048,ok,
2026-04-13T14:02:47.401888,gcp,concurrency_100,dataset/medium_1.jpg,medium,10,3.643,2.9825,1694858,3089x2048,ok,
2026-04-13T14:02:47.401895,gcp,concurrency_100,dataset/medium_1.jpg,medium,11,2.2058,0.6768,1694858,3089x2048,ok,
2026-04-13T14:02:47.401903,gcp,concurrency_100,dataset/medium_1.jpg,medium,12,1.3934,0.7998,1694858,3089x2048,ok,
2026-04-13T14:02:47.401910,gcp,concurrency_100,dataset/medium_1.jpg,medium,13,2.0346,0.7369,1694858,3089x2048,ok,
2026-04-13T14:02:47.401918,gcp,concurrency_100,dataset/medium_1.jpg,medium,14,1.4696,0.8065,1694858,3089x2048,ok,
2026-04-13T14:02:47.401925,gcp,concurrency_100,dataset/medium_1.jpg,medium,15,1.2707,0.7332,1694858,3089x2048,ok,
2026-04-13T14:02:47.401933,gcp,concurrency_100,dataset/medium_1.jpg,medium,16,3.6784,2.9959,1694858,3089x2048,ok,
2026-04-13T14:02:47.401941,gcp,concurrency_100,dataset/medium_1.jpg,medium,17,1.2874,0.736,1694858,3089x2048,ok,
2026-04-13T14:02:47.401948,gcp,concurrency_100,dataset/medium_1.jpg,medium,18,2.9657,0.7232,1694858,3089x2048,ok,
2026-04-13T14:02:47.401955,gcp,concurrency_100,dataset/medium_1.jpg,medium,19,2.132,0.7353,1694858,3089x2048,ok,
2026-04-13T14:02:47.401962,gcp,concurrency_100,dataset/medium_1.jpg,medium,20,2.1891,0.7923,1694858,3089x2048,ok,
2026-04-13T14:02:47.402895,gcp,concurrency_100,dataset/medium_1.jpg,medium,21,8.4548,2.4995,1694858,3089x2048,ok,
2026-04-13T14:02:47.402910,gcp,concurrency_100,dataset/medium_1.jpg,medium,22,2.0289,0.6494,1694858,3089x2048,ok,
2026-04-13T14:02:47.402919,gcp,concurrency_100,dataset/medium_1.jpg,medium,23,2.0332,1.4531,1694858,3089x2048,ok,
2026-04-13T14:02:47.402926,gcp,concurrency_100,dataset/medium_1.jpg,medium,24,5.7711,2.6099,1694858,3089x2048,ok,
2026-04-13T14:02:47.402934,gcp,concurrency_100,dataset/medium_1.jpg,medium,25,2.9289,0.6905,1694858,3089x2048,ok,
2026-04-13T14:02:47.402941,gcp,concurrency_100,dataset/medium_1.jpg,medium,26,6.3586,2.5137,1694858,3089x2048,ok,
2026-04-13T14:02:47.402950,gcp,concurrency_100,dataset/medium_1.jpg,medium,27,2.8831,0.9083,1694858,3089x2048,ok,
2026-04-13T14:02:47.402958,gcp,concurrency_100,dataset/medium_1.jpg,medium,28,6.158,2.4096,1694858,3089x2048,ok,
2026-04-13T14:02:47.402965,gcp,concurrency_100,dataset/medium_1.jpg,medium,29,6.3518,2.6014,1694858,3089x2048,ok,
2026-04-13T14:02:47.402972,gcp,concurrency_100,dataset/medium_1.jpg,medium,30,2.3422,1.7921,1694858,3089x2048,ok,
2026-04-13T14:02:47.402980,gcp,concurrency_100,dataset/medium_1.jpg,medium,31,3.3065,2.5955,1694858,3089x2048,ok,
2026-04-13T14:02:47.402988,gcp,concurrency_100,dataset/medium_1.jpg,medium,32,2.9759,0.7677,1694858,3089x2048,ok,
2026-04-13T14:02:47.402995,gcp,concurrency_100,dataset/medium_1.jpg,medium,33,3.5442,2.8018,1694858,3089x2048,ok,
2026-04-13T14:02:47.403002,gcp,concurrency_100,dataset/medium_1.jpg,medium,34,1.558,0.9944,1694858,3089x2048,ok,
2026-04-13T14:02:47.403010,gcp,concurrency_100,dataset/medium_1.jpg,medium,35,2.7113,2.0958,1694858,3089x2048,ok,
2026-04-13T14:02:47.403017,gcp,concurrency_100,dataset/medium_1.jpg,medium,36,1.2176,0.686,1694858,3089x2048,ok,
2026-04-13T14:02:47.403024,gcp,concurrency_100,dataset/medium_1.jpg,medium,37,1.2376,0.7086,1694858,3089x2048,ok,
2026-04-13T14:02:47.403032,gcp,concurrency_100,dataset/medium_1.jpg,medium,38,3.2692,2.5867,1694858,3089x2048,ok,
2026-04-13T14:02:47.403039,gcp,concurrency_100,dataset/medium_1.jpg,medium,39,1.9932,1.4169,1694858,3089x2048,ok,
2026-04-13T14:02:47.403046,gcp,concurrency_100,dataset/medium_1.jpg,medium,40,1.4648,0.7857,1694858,3089x2048,ok,
2026-04-13T14:02:47.403054,gcp,concurrency_100,dataset/medium_1.jpg,medium,41,6.6209,2.6202,1694858,3089x2048,ok,
2026-04-13T14:02:47.403061,gcp,concurrency_100,dataset/medium_1.jpg,medium,42,3.4917,2.8146,1694858,3089x2048,ok,
2026-04-13T14:02:47.403068,gcp,concurrency_100,dataset/medium_1.jpg,medium,43,2.1196,0.6606,1694858,3089x2048,ok,
2026-04-13T14:02:47.403075,gcp,concurrency_100,dataset/medium_1.jpg,medium,44,1.3587,0.7816,1694858,3089x2048,ok,
2026-04-13T14:02:47.403082,gcp,concurrency_100,dataset/medium_1.jpg,medium,45,3.5688,2.9083,1694858,3089x2048,ok,
2026-04-13T14:02:47.403089,gcp,concurrency_100,dataset/medium_1.jpg,medium,46,3.8653,0.9632,1694858,3089x2048,ok,
2026-04-13T14:02:47.403096,gcp,concurrency_100,dataset/medium_1.jpg,medium,47,3.0057,0.843,1694858,3089x2048,ok,
2026-04-13T14:02:47.403103,gcp,concurrency_100,dataset/medium_1.jpg,medium,48,2.0334,0.7206,1694858,3089x2048,ok,
2026-04-13T14:02:47.403110,gcp,concurrency_100,dataset/medium_1.jpg,medium,49,3.2919,2.6842,1694858,3089x2048,ok,
2026-04-13T14:02:47.403118,gcp,concurrency_100,dataset/medium_1.jpg,medium,50,2.5045,1.9105,1694858,3089x2048,ok,
2026-04-13T14:02:47.403125,gcp,concurrency_100,dataset/medium_1.jpg,medium,51,6.6109,2.5096,1694858,3089x2048,ok,
2026-04-13T14:02:47.403132,gcp,concurrency_100,dataset/medium_1.jpg,medium,52,2.1684,0.6984,1694858,3089x2048,ok,
2026-04-13T14:02:47.403139,gcp,concurrency_100,dataset/medium_1.jpg,medium,53,8.2085,2.4991,1694858,3089x2048,ok,
2026-04-13T14:02:47.403146,gcp,concurrency_100,dataset/medium_1.jpg,medium,54,6.0094,2.5109,1694858,3089x2048,ok,
2026-04-13T14:02:47.403153,gcp,concurrency_100,dataset/medium_1.jpg,medium,55,6.7631,2.8929,1694858,3089x2048,ok,
2026-04-13T14:02:47.403160,gcp,concurrency_100,dataset/medium_1.jpg,medium,56,2.051,0.7192,1694858,3089x2048,ok,
2026-04-13T14:02:47.403167,gcp,concurrency_100,dataset/medium_1.jpg,medium,57,2.7315,2.1043,1694858,3089x2048,ok,
2026-04-13T14:02:47.403174,gcp,concurrency_100,dataset/medium_1.jpg,medium,58,3.6916,2.8854,1694858,3089x2048,ok,
2026-04-13T14:02:47.403181,gcp,concurrency_100,dataset/medium_1.jpg,medium,59,2.0397,0.6766,1694858,3089x2048,ok,
2026-04-13T14:02:47.403188,gcp,concurrency_100,dataset/medium_1.jpg,medium,60,6.2624,2.6061,1694858,3089x2048,ok,
2026-04-13T14:02:47.403195,gcp,concurrency_100,dataset/medium_1.jpg,medium,61,1.3558,0.7953,1694858,3089x2048,ok,
2026-04-13T14:02:47.403203,gcp,concurrency_100,dataset/medium_1.jpg,medium,62,3.451,2.7878,1694858,3089x2048,ok,
2026-04-13T14:02:47.403210,gcp,concurrency_100,dataset/medium_1.jpg,medium,63,1.3038,0.7482,1694858,3089x2048,ok,
2026-04-13T14:02:47.403217,gcp,concurrency_100,dataset/medium_1.jpg,medium,64,1.8464,1.254,1694858,3089x2048,ok,
2026-04-13T14:02:47.403224,gcp,concurrency_100,dataset/medium_1.jpg,medium,65,2.7748,1.0929,1694858,3089x2048,ok,
2026-04-13T14:02:47.403231,gcp,concurrency_100,dataset/medium_1.jpg,medium,66,3.6414,2.9947,1694858,3089x2048,ok,
2026-04-13T14:02:47.403238,gcp,concurrency_100,dataset/medium_1.jpg,medium,67,1.8798,1.2993,1694858,3089x2048,ok,
2026-04-13T14:02:47.403245,gcp,concurrency_100,dataset/medium_1.jpg,medium,68,2.592,0.9864,1694858,3089x2048,ok,
2026-04-13T14:02:47.403252,gcp,concurrency_100,dataset/medium_1.jpg,medium,69,2.072,1.31,1694858,3089x2048,ok,
2026-04-13T14:02:47.403260,gcp,concurrency_100,dataset/medium_1.jpg,medium,70,2.8226,0.7096,1694858,3089x2048,ok,
2026-04-13T14:02:47.403267,gcp,concurrency_100,dataset/medium_1.jpg,medium,71,2.8494,0.644,1694858,3089x2048,ok,
2026-04-13T14:02:47.403274,gcp,concurrency_100,dataset/medium_1.jpg,medium,72,2.1262,0.7751,1694858,3089x2048,ok,
2026-04-13T14:02:47.403281,gcp,concurrency_100,dataset/medium_1.jpg,medium,73,3.6756,3.0091,1694858,3089x2048,ok,
2026-04-13T14:02:47.403288,gcp,concurrency_100,dataset/medium_1.jpg,medium,74,8.1473,2.5079,1694858,3089x2048,ok,
2026-04-13T14:02:47.403295,gcp,concurrency_100,dataset/medium_1.jpg,medium,75,1.261,0.7145,1694858,3089x2048,ok,
2026-04-13T14:02:47.403302,gcp,concurrency_100,dataset/medium_1.jpg,medium,76,2.4771,1.6843,1694858,3089x2048,ok,
2026-04-13T14:02:47.403310,gcp,concurrency_100,dataset/medium_1.jpg,medium,77,3.4535,2.8184,1694858,3089x2048,ok,
2026-04-13T14:02:47.403317,gcp,concurrency_100,dataset/medium_1.jpg,medium,78,1.6811,1.1109,1694858,3089x2048,ok,
2026-04-13T14:02:47.403324,gcp,concurrency_100,dataset/medium_1.jpg,medium,79,3.4376,2.8012,1694858,3089x2048,ok,
2026-04-13T14:02:47.403331,gcp,concurrency_100,dataset/medium_1.jpg,medium,80,3.8759,0.902,1694858,3089x2048,ok,
2026-04-13T14:02:47.403339,gcp,concurrency_100,dataset/medium_1.jpg,medium,81,6.311,2.5971,1694858,3089x2048,ok,
2026-04-13T14:02:47.403347,gcp,concurrency_100,dataset/medium_1.jpg,medium,82,2.5938,2.0211,1694858,3089x2048,ok,
2026-04-13T14:02:47.403354,gcp,concurrency_100,dataset/medium_1.jpg,medium,83,2.8222,0.6989,1694858,3089x2048,ok,
2026-04-13T14:02:47.403361,gcp,concurrency_100,dataset/medium_1.jpg,medium,84,1.3428,0.7852,1694858,3089x2048,ok,
2026-04-13T14:02:47.403369,gcp,concurrency_100,dataset/medium_1.jpg,medium,85,3.7048,3.0215,1694858,3089x2048,ok,
2026-04-13T14:02:47.403377,gcp,concurrency_100,dataset/medium_1.jpg,medium,86,3.5503,0.8717,1694858,3089x2048,ok,
2026-04-13T14:02:47.403384,gcp,concurrency_100,dataset/medium_1.jpg,medium,87,1.4909,0.8022,1694858,3089x2048,ok,
2026-04-13T14:02:47.403391,gcp,concurrency_100,dataset/medium_1.jpg,medium,88,1.5445,0.9752,1694858,3089x2048,ok,
2026-04-13T14:02:47.403398,gcp,concurrency_100,dataset/medium_1.jpg,medium,89,5.7592,2.5595,1694858,3089x2048,ok,
2026-04-13T14:02:47.403405,gcp,concurrency_100,dataset/medium_1.jpg,medium,90,2.4549,1.3426,1694858,3089x2048,ok,
2026-04-13T14:02:47.403412,gcp,concurrency_100,dataset/medium_1.jpg,medium,91,6.5886,2.7068,1694858,3089x2048,ok,
2026-04-13T14:02:47.403438,gcp,concurrency_100,dataset/medium_1.jpg,medium,92,5.4358,2.4954,1694858,3089x2048,ok,
2026-04-13T14:02:47.403448,gcp,concurrency_100,dataset/medium_1.jpg,medium,93,2.0146,0.7229,1694858,3089x2048,ok,
2026-04-13T14:02:47.403457,gcp,concurrency_100,dataset/medium_1.jpg,medium,94,3.2089,2.6046,1694858,3089x2048,ok,
2026-04-13T14:02:47.403464,gcp,concurrency_100,dataset/medium_1.jpg,medium,95,3.4593,2.8128,1694858,3089x2048,ok,
2026-04-13T14:02:47.403471,gcp,concurrency_100,dataset/medium_1.jpg,medium,96,6.1638,2.5156,1694858,3089x2048,ok,
2026-04-13T14:02:47.403479,gcp,concurrency_100,dataset/medium_1.jpg,medium,97,2.9503,0.732,1694858,3089x2048,ok,
2026-04-13T14:02:47.403486,gcp,concurrency_100,dataset/medium_1.jpg,medium,98,2.8212,0.6907,1694858,3089x2048,ok,
2026-04-13T14:02:47.403493,gcp,concurrency_100,dataset/medium_1.jpg,medium,99,2.8401,1.0476,1694858,3089x2048,ok,
2026-04-13T14:02:47.403500,gcp,concurrency_100,dataset/medium_1.jpg,medium,100,4.043,0.9827,1694858,3089x2048,ok,
2026-04-13T14:03:02.228713,gcp,concurrency_500,dataset/medium_1.jpg,medium,1,14.6309,2.4955,1694858,3089x2048,ok,
2026-04-13T14:03:02.228731,gcp,concurrency_500,dataset/medium_1.jpg,medium,2,8.9235,1.9778,1694858,3089x2048,ok,
2026-04-13T14:03:02.228737,gcp,concurrency_500,dataset/medium_1.jpg,medium,3,10.7483,1.8049,1694858,3089x2048,ok,
2026-04-13T14:03:02.228741,gcp,concurrency_500,dataset/medium_1.jpg,medium,4,11.0117,,,,error,"500, message='Internal Server Error', url='https://us-central1-cs4296-image-process.cloudfunctions.net/process_imagex'"
2026-04-13T14:03:02.228746,gcp,concurrency_500,dataset/medium_1.jpg,medium,5,11.0133,,,,error,"500, message='Internal Server Error', url='https://us-central1-cs4296-image-process.cloudfunctions.net/process_imagex'"
2026-04-13T14:03:02.228750,gcp,concurrency_500,dataset/medium_1.jpg,medium,6,6.8281,1.8932,1694858,3089x2048,ok,
2026-04-13T14:03:02.228754,gcp,concurrency_500,dataset/medium_1.jpg,medium,7,9.2255,2.7066,1694858,3089x2048,ok,
2026-04-13T14:03:02.228758,gcp,concurrency_500,dataset/medium_1.jpg,medium,8,3.7826,2.7889,1694858,3089x2048,ok,
2026-04-13T14:03:02.228762,gcp,concurrency_500,dataset/medium_1.jpg,medium,9,12.7497,2.422,1694858,3089x2048,ok,
2026-04-13T14:03:02.228765,gcp,concurrency_500,dataset/medium_1.jpg,medium,10,11.0114,,,,error,"500, message='Internal Server Error', url='https://us-central1-cs4296-image-process.cloudfunctions.net/process_imagex'"
2026-04-13T14:03:02.228770,gcp,concurrency_500,dataset/medium_1.jpg,medium,11,11.4993,,,,error,"500, message='Internal Server Error', url='https://us-central1-cs4296-image-process.cloudfunctions.net/process_imagex'"
2026-04-13T14:03:02.228774,gcp,concurrency_500,dataset/medium_1.jpg,medium,12,11.0086,,,,error,"500, message='Internal Server Error', url='https://us-central1-cs4296-image-process.cloudfunctions.net/process_imagex'"
2026-04-13T14:03:02.228779,gcp,concurrency_500,dataset/medium_1.jpg,medium,13,10.9935,,,,error,"500, message='Internal Server Error', url='https://us-central1-cs4296-image-process.cloudfunctions.net/process_imagex'"
2026-04-13T14:03:02.228783,gcp,concurrency_500,dataset/medium_1.jpg,medium,14,3.5216,2.6044,1694858,3089x2048,ok,
2026-04-13T14:03:02.228787,gcp,concurrency_500,dataset/medium_1.jpg,medium,15,4.0431,3.0073,1694858,3089x2048,ok,
2026-04-13T14:03:02.228790,gcp,concurrency_500,dataset/medium_1.jpg,medium,16,6.5646,2.7057,1694858,3089x2048,ok,
2026-04-13T14:03:02.228794,gcp,concurrency_500,dataset/medium_1.jpg,medium,17,10.9926,,,,error,"500, message='Internal Server Error', url='https://us-central1-cs4296-image-process.cloudfunctions.net/process_imagex'"
2026-04-13T14:03:02.228798,gcp,concurrency_500,dataset/medium_1.jpg,medium,18,11.4814,,,,error,"500, message='Internal Server Error', url='https://us-central1-cs4296-image-process.cloudfunctions.net/process_imagex'"
2026-04-13T14:03:02.228803,gcp,concurrency_500,dataset/medium_1.jpg,medium,19,12.0271,1.9253,1694858,3089x2048,ok,
2026-04-13T14:03:02.228806,gcp,concurrency_500,dataset/medium_1.jpg,medium,20,4.2074,0.6972,1694858,3089x2048,ok,
2026-04-13T14:03:02.228810,gcp,concurrency_500,dataset/medium_1.jpg,medium,21,8.5786,0.6314,1694858,3089x2048,ok,
2026-04-13T14:03:02.228814,gcp,concurrency_500,dataset/medium_1.jpg,medium,22,10.9894,,,,error,"500, message='Internal Server Error', url='https://us-central1-cs4296-image-process.cloudfunctions.net/process_imagex'"
2026-04-13T14:03:02.228818,gcp,concurrency_500,dataset/medium_1.jpg,medium,23,9.2987,2.4075,1694858,3089x2048,ok,
2026-04-13T14:03:02.228821,gcp,concurrency_500,dataset/medium_1.jpg,medium,24,7.0828,2.8214,1694858,3089x2048,ok,
2026-04-13T14:03:02.228825,gcp,concurrency_500,dataset/medium_1.jpg,medium,25,14.7383,2.5195,1694858,3089x2048,ok,
2026-04-13T14:03:02.228829,gcp,concurrency_500,dataset/medium_1.jpg,medium,26,11.4962,,,,error,"500, message='Internal Server Error', url='https://us-central1-cs4296-image-process.cloudfunctions.net/process_imagex'"
2026-04-13T14:03:02.228833,gcp,concurrency_500,dataset/medium_1.jpg,medium,27,11.0143,,,,error,"500, message='Internal Server Error', url='https://us-central1-cs4296-image-process.cloudfunctions.net/process_imagex'"
2026-04-13T14:03:02.228838,gcp,concurrency_500,dataset/medium_1.jpg,medium,28,5.6729,0.663,1694858,3089x2048,ok,
2026-04-13T14:03:02.228841,gcp,concurrency_500,dataset/medium_1.jpg,medium,29,10.9888,,,,error,"500, message='Internal Server Error', url='https://us-central1-cs4296-image-process.cloudfunctions.net/process_imagex'"
2026-04-13T14:03:02.228846,gcp,concurrency_500,dataset/medium_1.jpg,medium,30,10.9696,,,,error,"500, message='Internal Server Error', url='https://us-central1-cs4296-image-process.cloudfunctions.net/process_imagex'"
2026-04-13T14:03:02.228850,gcp,concurrency_500,dataset/medium_1.jpg,medium,31,10.9486,,,,error,"500, message='Internal Server Error', url='https://us-central1-cs4296-image-process.cloudfunctions.net/process_imagex'"
2026-04-13T14:03:02.228854,gcp,concurrency_500,dataset/medium_1.jpg,medium,32,12.2852,2.5039,1694858,3089x2048,ok,
2026-04-13T14:03:02.228858,gcp,concurrency_500,dataset/medium_1.jpg,medium,33,10.9881,,,,error,"500, message='Internal Server Error', url='https://us-central1-cs4296-image-process.cloudfunctions.net/process_imagex'"
2026-04-13T14:03:02.228862,gcp,concurrency_500,dataset/medium_1.jpg,medium,34,12.4048,2.4944,1694858,3089x2048,ok,
2026-04-13T14:03:02.228865,gcp,concurrency_500,dataset/medium_1.jpg,medium,35,6.6621,1.8112,1694858,3089x2048,ok,
2026-04-13T14:03:02.228869,gcp,concurrency_500,dataset/medium_1.jpg,medium,36,9.5602,2.7945,1694858,3089x2048,ok,
2026-04-13T14:03:02.228872,gcp,concurrency_500,dataset/medium_1.jpg,medium,37,7.2712,3.0018,1694858,3089x2048,ok,
2026-04-13T14:03:02.228876,gcp,concurrency_500,dataset/medium_1.jpg,medium,38,12.2863,2.5027,1694858,3089x2048,ok,
2026-04-13T14:03:02.228879,gcp,concurrency_500,dataset/medium_1.jpg,medium,39,6.8689,1.8935,1694858,3089x2048,ok,
2026-04-13T14:03:02.228883,gcp,concurrency_500,dataset/medium_1.jpg,medium,40,11.4803,,,,error,"500, message='Internal Server Error', url='https://us-central1-cs4296-image-process.cloudfunctions.net/process_imagex'"
2026-04-13T14:03:02.228887,gcp,concurrency_500,dataset/medium_1.jpg,medium,41,11.0128,,,,error,"500, message='Internal Server Error', url='https://us-central1-cs4296-image-process.cloudfunctions.net/process_imagex'"
2026-04-13T14:03:02.228891,gcp,concurrency_500,dataset/medium_1.jpg,medium,42,11.4806,,,,error,"500, message='Internal Server Error', url='https://us-central1-cs4296-image-process.cloudfunctions.net/process_imagex'"
2026-04-13T14:03:02.228895,gcp,concurrency_500,dataset/medium_1.jpg,medium,43,11.0117,,,,error,"500, message='Internal Server Error', url='https://us-central1-cs4296-image-process.cloudfunctions.net/process_imagex'"
2026-04-13T14:03:02.228899,gcp,concurrency_500,dataset/medium_1.jpg,medium,44,11.48,,,,error,"500, message='Internal Server Error', url='https://us-central1-cs4296-image-process.cloudfunctions.net/process_imagex'"
2026-04-13T14:03:02.229156,gcp,concurrency_500,dataset/medium_1.jpg,medium,45,10.9913,,,,error,"500, message='Internal Server Error', url='https://us-central1-cs4296-image-process.cloudfunctions.net/process_imagex'"
2026-04-13T14:03:02.229164,gcp,concurrency_500,dataset/medium_1.jpg,medium,46,12.1898,2.5872,1694858,3089x2048,ok,
2026-04-13T14:03:02.229168,gcp,concurrency_500,dataset/medium_1.jpg,medium,47,9.9451,0.6196,1694858,3089x2048,ok,
2026-04-13T14:03:02.229172,gcp,concurrency_500,dataset/medium_1.jpg,medium,48,11.0063,,,,error,"500, message='Internal Server Error', url='https://us-central1-cs4296-image-process.cloudfunctions.net/process_imagex'"
2026-04-13T14:03:02.229176,gcp,concurrency_500,dataset/medium_1.jpg,medium,49,10.9906,,,,error,"500, message='Internal Server Error', url='https://us-central1-cs4296-image-process.cloudfunctions.net/process_imagex'"
2026-04-13T14:03:02.229180,gcp,concurrency_500,dataset/medium_1.jpg,medium,50,11.0063,,,,error,"500, message='Internal Server Error', url='https://us-central1-cs4296-image-process.cloudfunctions.net/process_imagex'"
2026-04-13T14:03:02.229184,gcp,concurrency_500,dataset/medium_1.jpg,medium,51,11.0011,,,,error,"500, message='Internal Server Error', url='https://us-central1-cs4296-image-process.cloudfunctions.net/process_imagex'"
2026-04-13T14:03:02.229188,gcp,concurrency_500,dataset/medium_1.jpg,medium,52,10.9681,,,,error,"500, message='Internal Server Error', url='https://us-central1-cs4296-image-process.cloudfunctions.net/process_imagex'"
2026-04-13T14:03:02.229192,gcp,concurrency_500,dataset/medium_1.jpg,medium,53,11.497,,,,error,"500, message='Internal Server Error', url='https://us-central1-cs4296-image-process.cloudfunctions.net/process_imagex'"
2026-04-13T14:03:02.229196,gcp,concurrency_500,dataset/medium_1.jpg,medium,54,11.0056,,,,error,"500, message='Internal Server Error', url='https://us-central1-cs4296-image-process.cloudfunctions.net/process_imagex'"
2026-04-13T14:03:02.229200,gcp,concurrency_500,dataset/medium_1.jpg,medium,55,13.5772,2.6958,1694858,3089x2048,ok,
2026-04-13T14:03:02.229204,gcp,concurrency_500,dataset/medium_1.jpg,medium,56,11.6318,0.9435,1694858,3089x2048,ok,
2026-04-13T14:03:02.229207,gcp,concurrency_500,dataset/medium_1.jpg,medium,57,11.0007,,,,error,"500, message='Internal Server Error', url='https://us-central1-cs4296-image-process.cloudfunctions.net/process_imagex'"
2026-04-13T14:03:02.229213,gcp,concurrency_500,dataset/medium_1.jpg,medium,58,6.47,2.7083,1694858,3089x2048,ok,
2026-04-13T14:03:02.229216,gcp,concurrency_500,dataset/medium_1.jpg,medium,59,10.9871,,,,error,"500, message='Internal Server Error', url='https://us-central1-cs4296-image-process.cloudfunctions.net/process_imagex'"
2026-04-13T14:03:02.229220,gcp,concurrency_500,dataset/medium_1.jpg,medium,60,11.0008,,,,error,"500, message='Internal Server Error', url='https://us-central1-cs4296-image-process.cloudfunctions.net/process_imagex'"
2026-04-13T14:03:02.229224,gcp,concurrency_500,dataset/medium_1.jpg,medium,61,10.9461,,,,error,"500, message='Internal Server Error', url='https://us-central1-cs4296-image-process.cloudfunctions.net/process_imagex'"
2026-04-13T14:03:02.229228,gcp,concurrency_500,dataset/medium_1.jpg,medium,62,11.0061,,,,error,"500, message='Internal Server Error', url='https://us-central1-cs4296-image-process.cloudfunctions.net/process_imagex'"
2026-04-13T14:03:02.229232,gcp,concurrency_500,dataset/medium_1.jpg,medium,63,10.947,,,,error,"500, message='Internal Server Error', url='https://us-central1-cs4296-image-process.cloudfunctions.net/process_imagex'"
2026-04-13T14:03:02.229236,gcp,concurrency_500,dataset/medium_1.jpg,medium,64,3.4557,0.6574,1694858,3089x2048,ok,
2026-04-13T14:03:02.229240,gcp,concurrency_500,dataset/medium_1.jpg,medium,65,10.946,,,,error,"500, message='Internal Server Error', url='https://us-central1-cs4296-image-process.cloudfunctions.net/process_imagex'"
2026-04-13T14:03:02.229243,gcp,concurrency_500,dataset/medium_1.jpg,medium,66,6.3576,2.6152,1694858,3089x2048,ok,
2026-04-13T14:03:02.229247,gcp,concurrency_500,dataset/medium_1.jpg,medium,67,4.7447,1.9226,1694858,3089x2048,ok,
2026-04-13T14:03:02.229250,gcp,concurrency_500,dataset/medium_1.jpg,medium,68,10.9902,,,,error,"500, message='Internal Server Error', url='https://us-central1-cs4296-image-process.cloudfunctions.net/process_imagex'"
2026-04-13T14:03:02.229254,gcp,concurrency_500,dataset/medium_1.jpg,medium,69,10.9876,,,,error,"500, message='Internal Server Error', url='https://us-central1-cs4296-image-process.cloudfunctions.net/process_imagex'"
2026-04-13T14:03:02.229259,gcp,concurrency_500,dataset/medium_1.jpg,medium,70,11.001,,,,error,"500, message='Internal Server Error', url='https://us-central1-cs4296-image-process.cloudfunctions.net/process_imagex'"
2026-04-13T14:03:02.229262,gcp,concurrency_500,dataset/medium_1.jpg,medium,71,10.9867,,,,error,"500, message='Internal Server Error', url='https://us-central1-cs4296-image-process.cloudfunctions.net/process_imagex'"
2026-04-13T14:03:02.229267,gcp,concurrency_500,dataset/medium_1.jpg,medium,72,10.3329,2.8795,1694858,3089x2048,ok,
2026-04-13T14:03:02.229270,gcp,concurrency_500,dataset/medium_1.jpg,medium,73,11.0083,,,,error,"500, message='Internal Server Error', url='https://us-central1-cs4296-image-process.cloudfunctions.net/process_imagex'"
2026-04-13T14:03:02.229274,gcp,concurrency_500,dataset/medium_1.jpg,medium,74,6.5415,2.6828,1694858,3089x2048,ok,
2026-04-13T14:03:02.229277,gcp,concurrency_500,dataset/medium_1.jpg,medium,75,10.1883,2.7186,1694858,3089x2048,ok,
2026-04-13T14:03:02.229281,gcp,concurrency_500,dataset/medium_1.jpg,medium,76,14.6847,2.6827,1694858,3089x2048,ok,
2026-04-13T14:03:02.229284,gcp,concurrency_500,dataset/medium_1.jpg,medium,77,10.9669,,,,error,"500, message='Internal Server Error', url='https://us-central1-cs4296-image-process.cloudfunctions.net/process_imagex'"
2026-04-13T14:03:02.229288,gcp,concurrency_500,dataset/medium_1.jpg,medium,78,11.4957,,,,error,"500, message='Internal Server Error', url='https://us-central1-cs4296-image-process.cloudfunctions.net/process_imagex'"
2026-04-13T14:03:02.229292,gcp,concurrency_500,dataset/medium_1.jpg,medium,79,11.4957,,,,error,"500, message='Internal Server Error', url='https://us-central1-cs4296-image-process.cloudfunctions.net/process_imagex'"
2026-04-13T14:03:02.229296,gcp,concurrency_500,dataset/medium_1.jpg,medium,80,7.4298,2.9822,1694858,3089x2048,ok,
2026-04-13T14:03:02.229299,gcp,concurrency_500,dataset/medium_1.jpg,medium,81,6.7118,1.8072,1694858,3089x2048,ok,
2026-04-13T14:03:02.229303,gcp,concurrency_500,dataset/medium_1.jpg,medium,82,11.5529,,,,error,"500, message='Internal Server Error', url='https://us-central1-cs4296-image-process.cloudfunctions.net/process_imagex'"
2026-04-13T14:03:02.229307,gcp,concurrency_500,dataset/medium_1.jpg,medium,83,9.344,0.6647,1694858,3089x2048,ok,
2026-04-13T14:03:02.229310,gcp,concurrency_500,dataset/medium_1.jpg,medium,84,10.9988,,,,error,"500, message='Internal Server Error', url='https://us-central1-cs4296-image-process.cloudfunctions.net/process_imagex'"
2026-04-13T14:03:02.229314,gcp,concurrency_500,dataset/medium_1.jpg,medium,85,10.0937,2.8087,1694858,3089x2048,ok,
2026-04-13T14:03:02.229318,gcp,concurrency_500,dataset/medium_1.jpg,medium,86,11.479,,,,error,"500, message='Internal Server Error', url='https://us-central1-cs4296-image-process.cloudfunctions.net/process_imagex'"
2026-04-13T14:03:02.229322,gcp,concurrency_500,dataset/medium_1.jpg,medium,87,10.9887,,,,error,"500, message='Internal Server Error', url='https://us-central1-cs4296-image-process.cloudfunctions.net/process_imagex'"
2026-04-13T14:03:02.229325,gcp,concurrency_500,dataset/medium_1.jpg,medium,88,10.7755,1.9046,1694858,3089x2048,ok,
2026-04-13T14:03:02.229329,gcp,concurrency_500,dataset/medium_1.jpg,medium,89,10.9655,,,,error,"500, message='Internal Server Error', url='https://us-central1-cs4296-image-process.cloudfunctions.net/process_imagex'"
2026-04-13T14:03:02.229352,gcp,concurrency_500,dataset/medium_1.jpg,medium,90,10.9661,,,,error,"500, message='Internal Server Error', url='https://us-central1-cs4296-image-process.cloudfunctions.net/process_imagex'"
2026-04-13T14:03:02.229357,gcp,concurrency_500,dataset/medium_1.jpg,medium,91,8.6464,0.7004,1694858,3089x2048,ok,
2026-04-13T14:03:02.229360,gcp,concurrency_500,dataset/medium_1.jpg,medium,92,12.8452,1.8018,1694858,3089x2048,ok,
2026-04-13T14:03:02.229364,gcp,concurrency_500,dataset/medium_1.jpg,medium,93,11.4773,,,,error,"500, message='Internal Server Error', url='https://us-central1-cs4296-image-process.cloudfunctions.net/process_imagex'"
2026-04-13T14:03:02.229368,gcp,concurrency_500,dataset/medium_1.jpg,medium,94,10.9443,,,,error,"500, message='Internal Server Error', url='https://us-central1-cs4296-image-process.cloudfunctions.net/process_imagex'"
2026-04-13T14:03:02.229372,gcp,concurrency_500,dataset/medium_1.jpg,medium,95,11.4763,,,,error,"500, message='Internal Server Error', url='https://us-central1-cs4296-image-process.cloudfunctions.net/process_imagex'"
2026-04-13T14:03:02.229376,gcp,concurrency_500,dataset/medium_1.jpg,medium,96,11.0062,,,,error,"500, message='Internal Server Error', url='https://us-central1-cs4296-image-process.cloudfunctions.net/process_imagex'"
2026-04-13T14:03:02.229380,gcp,concurrency_500,dataset/medium_1.jpg,medium,97,3.344,2.5176,1694858,3089x2048,ok,
2026-04-13T14:03:02.229383,gcp,concurrency_500,dataset/medium_1.jpg,medium,98,11.4932,,,,error,"500, message='Internal Server Error', url='https://us-central1-cs4296-image-process.cloudfunctions.net/process_imagex'"
2026-04-13T14:03:02.229387,gcp,concurrency_500,dataset/medium_1.jpg,medium,99,11.0086,,,,error,"500, message='Internal Server Error', url='https://us-central1-cs4296-image-process.cloudfunctions.net/process_imagex'"
2026-04-13T14:03:02.229391,gcp,concurrency_500,dataset/medium_1.jpg,medium,100,11.0091,,,,error,"500, message='Internal Server Error', url='https://us-central1-cs4296-image-process.cloudfunctions.net/process_imagex'"
2026-04-13T14:03:02.229395,gcp,concurrency_500,dataset/medium_1.jpg,medium,101,3.6551,2.7931,1694858,3089x2048,ok,
2026-04-13T14:03:02.229399,gcp,concurrency_500,dataset/medium_1.jpg,medium,102,10.9846,,,,error,"500, message='Internal Server Error', url='https://us-central1-cs4296-image-process.cloudfunctions.net/process_imagex'"
2026-04-13T14:03:02.229403,gcp,concurrency_500,dataset/medium_1.jpg,medium,103,10.9466,,,,error,"500, message='Internal Server Error', url='https://us-central1-cs4296-image-process.cloudfunctions.net/process_imagex'"
2026-04-13T14:03:02.229407,gcp,concurrency_500,dataset/medium_1.jpg,medium,104,10.9984,,,,error,"500, message='Internal Server Error', url='https://us-central1-cs4296-image-process.cloudfunctions.net/process_imagex'"
2026-04-13T14:03:02.229411,gcp,concurrency_500,dataset/medium_1.jpg,medium,105,11.0042,,,,error,"500, message='Internal Server Error', url='https://us-central1-cs4296-image-process.cloudfunctions.net/process_imagex'"
2026-04-13T14:03:02.229415,gcp,concurrency_500,dataset/medium_1.jpg,medium,106,11.4764,,,,error,"500, message='Internal Server Error', url='https://us-central1-cs4296-image-process.cloudfunctions.net/process_imagex'"
2026-04-13T14:03:02.229419,gcp,concurrency_500,dataset/medium_1.jpg,medium,107,10.9649,,,,error,"500, message='Internal Server Error', url='https://us-central1-cs4296-image-process.cloudfunctions.net/process_imagex'"
2026-04-13T14:03:02.229423,gcp,concurrency_500,dataset/medium_1.jpg,medium,108,9.3636,2.5973,1694858,3089x2048,ok,
2026-04-13T14:03:02.229426,gcp,concurrency_500,dataset/medium_1.jpg,medium,109,10.9439,,,,error,"500, message='Internal Server Error', url='https://us-central1-cs4296-image-process.cloudfunctions.net/process_imagex'"
2026-04-13T14:03:02.229430,gcp,concurrency_500,dataset/medium_1.jpg,medium,110,3.8873,2.999,1694858,3089x2048,ok,
2026-04-13T14:03:02.229434,gcp,concurrency_500,dataset/medium_1.jpg,medium,111,11.476,,,,error,"500, message='Internal Server Error', url='https://us-central1-cs4296-image-process.cloudfunctions.net/process_imagex'"
2026-04-13T14:03:02.229438,gcp,concurrency_500,dataset/medium_1.jpg,medium,112,11.0099,,,,error,"500, message='Internal Server Error', url='https://us-central1-cs4296-image-process.cloudfunctions.net/process_imagex'"
2026-04-13T14:03:02.229441,gcp,concurrency_500,dataset/medium_1.jpg,medium,113,6.9241,1.9051,1694858,3089x2048,ok,
2026-04-13T14:03:02.229445,gcp,concurrency_500,dataset/medium_1.jpg,medium,114,11.4922,,,,error,"500, message='Internal Server Error', url='https://us-central1-cs4296-image-process.cloudfunctions.net/process_imagex'"
2026-04-13T14:03:02.229449,gcp,concurrency_500,dataset/medium_1.jpg,medium,115,4.651,1.9838,1694858,3089x2048,ok,
2026-04-13T14:03:02.229452,gcp,concurrency_500,dataset/medium_1.jpg,medium,116,6.8764,2.5873,1694858,3089x2048,ok,
2026-04-13T14:03:02.229456,gcp,concurrency_500,dataset/medium_1.jpg,medium,117,10.9413,,,,error,"500, message='Internal Server Error', url='https://us-central1-cs4296-image-process.cloudfunctions.net/process_imagex'"
2026-04-13T14:03:02.229459,gcp,concurrency_500,dataset/medium_1.jpg,medium,118,11.4777,,,,error,"500, message='Internal Server Error', url='https://us-central1-cs4296-image-process.cloudfunctions.net/process_imagex'"
2026-04-13T14:03:02.229463,gcp,concurrency_500,dataset/medium_1.jpg,medium,119,11.5127,2.4973,1694858,3089x2048,ok,
2026-04-13T14:03:02.229467,gcp,concurrency_500,dataset/medium_1.jpg,medium,120,11.2287,,,,error,"500, message='Internal Server Error', url='https://us-central1-cs4296-image-process.cloudfunctions.net/process_imagex'"
2026-04-13T14:03:02.229471,gcp,concurrency_500,dataset/medium_1.jpg,medium,121,3.4728,2.7022,1694858,3089x2048,ok,
2026-04-13T14:03:02.229474,gcp,concurrency_500,dataset/medium_1.jpg,medium,122,6.551,1.1013,1694858,3089x2048,ok,
2026-04-13T14:03:02.229478,gcp,concurrency_500,dataset/medium_1.jpg,medium,123,8.8201,2.6846,1694858,3089x2048,ok,
2026-04-13T14:03:02.229481,gcp,concurrency_500,dataset/medium_1.jpg,medium,124,9.2242,2.6869,1694858,3089x2048,ok,
2026-04-13T14:03:02.229484,gcp,concurrency_500,dataset/medium_1.jpg,medium,125,8.9612,1.9155,1694858,3089x2048,ok,
2026-04-13T14:03:02.229488,gcp,concurrency_500,dataset/medium_1.jpg,medium,126,6.2132,1.8966,1694858,3089x2048,ok,
2026-04-13T14:03:02.229491,gcp,concurrency_500,dataset/medium_1.jpg,medium,127,9.271,0.6288,1694858,3089x2048,ok,
2026-04-13T14:03:02.229495,gcp,concurrency_500,dataset/medium_1.jpg,medium,128,11.0046,,,,error,"500, message='Internal Server Error', url='https://us-central1-cs4296-image-process.cloudfunctions.net/process_imagex'"
2026-04-13T14:03:02.229499,gcp,concurrency_500,dataset/medium_1.jpg,medium,129,11.0096,,,,error,"500, message='Internal Server Error', url='https://us-central1-cs4296-image-process.cloudfunctions.net/process_imagex'"
2026-04-13T14:03:02.229503,gcp,concurrency_500,dataset/medium_1.jpg,medium,130,7.4566,0.8313,1694858,3089x2048,ok,
2026-04-13T14:03:02.229506,gcp,concurrency_500,dataset/medium_1.jpg,medium,131,6.082,2.5943,1694858,3089x2048,ok,
2026-04-13T14:03:02.229509,gcp,concurrency_500,dataset/medium_1.jpg,medium,132,10.943,,,,error,"500, message='Internal Server Error', url='https://us-central1-cs4296-image-process.cloudfunctions.net/process_imagex'"
2026-04-13T14:03:02.229513,gcp,concurrency_500,dataset/medium_1.jpg,medium,133,9.2266,2.6937,1694858,3089x2048,ok,
2026-04-13T14:03:02.229517,gcp,concurrency_500,dataset/medium_1.jpg,medium,134,4.3193,0.6767,1694858,3089x2048,ok,
2026-04-13T14:03:02.229520,gcp,concurrency_500,dataset/medium_1.jpg,medium,135,11.0074,,,,error,"500, message='Internal Server Error', url='https://us-central1-cs4296-image-process.cloudfunctions.net/process_imagex'"
2026-04-13T14:03:02.229524,gcp,concurrency_500,dataset/medium_1.jpg,medium,136,11.4911,,,,error,"500, message='Internal Server Error', url='https://us-central1-cs4296-image-process.cloudfunctions.net/process_imagex'"
2026-04-13T14:03:02.229534,gcp,concurrency_500,dataset/medium_1.jpg,medium,137,11.0069,,,,error,"500, message='Internal Server Error', url='https://us-central1-cs4296-image-process.cloudfunctions.net/process_imagex'"
2026-04-13T14:03:02.229539,gcp,concurrency_500,dataset/medium_1.jpg,medium,138,9.1261,2.7073,1694858,3089x2048,ok,
2026-04-13T14:03:02.229542,gcp,concurrency_500,dataset/medium_1.jpg,medium,139,10.6279,2.9039,1694858,3089x2048,ok,
2026-04-13T14:03:02.229546,gcp,concurrency_500,dataset/medium_1.jpg,medium,140,9.4497,2.7982,1694858,3089x2048,ok,
2026-04-13T14:03:02.229549,gcp,concurrency_500,dataset/medium_1.jpg,medium,141,10.9824,,,,error,"500, message='Internal Server Error', url='https://us-central1-cs4296-image-process.cloudfunctions.net/process_imagex'"
2026-04-13T14:03:02.229553,gcp,concurrency_500,dataset/medium_1.jpg,medium,142,12.0946,2.694,1694858,3089x2048,ok,
2026-04-13T14:03:02.229557,gcp,concurrency_500,dataset/medium_1.jpg,medium,143,10.9403,,,,error,"500, message='Internal Server Error', url='https://us-central1-cs4296-image-process.cloudfunctions.net/process_imagex'"
2026-04-13T14:03:02.229561,gcp,concurrency_500,dataset/medium_1.jpg,medium,144,10.943,,,,error,"500, message='Internal Server Error', url='https://us-central1-cs4296-image-process.cloudfunctions.net/process_imagex'"
2026-04-13T14:03:02.229565,gcp,concurrency_500,dataset/medium_1.jpg,medium,145,4.2431,1.1521,1694858,3089x2048,ok,
2026-04-13T14:03:02.229568,gcp,concurrency_500,dataset/medium_1.jpg,medium,146,10.9639,,,,error,"500, message='Internal Server Error', url='https://us-central1-cs4296-image-process.cloudfunctions.net/process_imagex'"
2026-04-13T14:03:02.229572,gcp,concurrency_500,dataset/medium_1.jpg,medium,147,3.5093,2.6004,1694858,3089x2048,ok,
2026-04-13T14:03:02.229575,gcp,concurrency_500,dataset/medium_1.jpg,medium,148,10.9755,,,,error,"500, message='Internal Server Error', url='https://us-central1-cs4296-image-process.cloudfunctions.net/process_imagex'"
2026-04-13T14:03:02.229579,gcp,concurrency_500,dataset/medium_1.jpg,medium,149,4.2433,1.7054,1694858,3089x2048,ok,
2026-04-13T14:03:02.229583,gcp,concurrency_500,dataset/medium_1.jpg,medium,150,6.7747,2.8009,1694858,3089x2048,ok,
2026-04-13T14:03:02.229586,gcp,concurrency_500,dataset/medium_1.jpg,medium,151,10.9863,,,,error,"500, message='Internal Server Error', url='https://us-central1-cs4296-image-process.cloudfunctions.net/process_imagex'"
2026-04-13T14:03:02.229590,gcp,concurrency_500,dataset/medium_1.jpg,medium,152,9.3201,1.923,1694858,3089x2048,ok,
2026-04-13T14:03:02.229594,gcp,concurrency_500,dataset/medium_1.jpg,medium,153,10.9959,,,,error,"500, message='Internal Server Error', url='https://us-central1-cs4296-image-process.cloudfunctions.net/process_imagex'"
2026-04-13T14:03:02.229597,gcp,concurrency_500,dataset/medium_1.jpg,medium,154,10.9639,3.2758,1694858,3089x2048,ok,
2026-04-13T14:03:02.229601,gcp,concurrency_500,dataset/medium_1.jpg,medium,155,9.3453,2.7013,1694858,3089x2048,ok,
2026-04-13T14:03:02.229604,gcp,concurrency_500,dataset/medium_1.jpg,medium,156,11.474,,,,error,"500, message='Internal Server Error', url='https://us-central1-cs4296-image-process.cloudfunctions.net/process_imagex'"
2026-04-13T14:03:02.229608,gcp,concurrency_500,dataset/medium_1.jpg,medium,157,11.6432,2.4093,1694858,3089x2048,ok,
2026-04-13T14:03:02.229611,gcp,concurrency_500,dataset/medium_1.jpg,medium,158,8.7332,1.9038,1694858,3089x2048,ok,
2026-04-13T14:03:02.229615,gcp,concurrency_500,dataset/medium_1.jpg,medium,159,11.0084,,,,error,"500, message='Internal Server Error', url='https://us-central1-cs4296-image-process.cloudfunctions.net/process_imagex'"
2026-04-13T14:03:02.229619,gcp,concurrency_500,dataset/medium_1.jpg,medium,160,10.912,1.9007,1694858,3089x2048,ok,
2026-04-13T14:03:02.229622,gcp,concurrency_500,dataset/medium_1.jpg,medium,161,11.4751,,,,error,"500, message='Internal Server Error', url='https://us-central1-cs4296-image-process.cloudfunctions.net/process_imagex'"
2026-04-13T14:03:02.229626,gcp,concurrency_500,dataset/medium_1.jpg,medium,162,11.0013,,,,error,"500, message='Internal Server Error', url='https://us-central1-cs4296-image-process.cloudfunctions.net/process_imagex'"
2026-04-13T14:03:02.229630,gcp,concurrency_500,dataset/medium_1.jpg,medium,163,11.4896,,,,error,"500, message='Internal Server Error', url='https://us-central1-cs4296-image-process.cloudfunctions.net/process_imagex'"
2026-04-13T14:03:02.229634,gcp,concurrency_500,dataset/medium_1.jpg,medium,164,11.4749,,,,error,"500, message='Internal Server Error', url='https://us-central1-cs4296-image-process.cloudfunctions.net/process_imagex'"
2026-04-13T14:03:02.229638,gcp,concurrency_500,dataset/medium_1.jpg,medium,165,10.9988,,,,error,"500, message='Internal Server Error', url='https://us-central1-cs4296-image-process.cloudfunctions.net/process_imagex'"
2026-04-13T14:03:02.229643,gcp,concurrency_500,dataset/medium_1.jpg,medium,166,11.4456,2.4236,1694858,3089x2048,ok,
2026-04-13T14:03:02.229646,gcp,concurrency_500,dataset/medium_1.jpg,medium,167,9.4978,2.9027,1694858,3089x2048,ok,
2026-04-13T14:03:02.229650,gcp,concurrency_500,dataset/medium_1.jpg,medium,168,3.4718,2.5222,1694858,3089x2048,ok,
2026-04-13T14:03:02.229653,gcp,concurrency_500,dataset/medium_1.jpg,medium,169,14.079,2.8145,1694858,3089x2048,ok,
2026-04-13T14:03:02.229656,gcp,concurrency_500,dataset/medium_1.jpg,medium,170,10.9626,,,,error,"500, message='Internal Server Error', url='https://us-central1-cs4296-image-process.cloudfunctions.net/process_imagex'"
2026-04-13T14:03:02.229660,gcp,concurrency_500,dataset/medium_1.jpg,medium,171,11.0037,,,,error,"500, message='Internal Server Error', url='https://us-central1-cs4296-image-process.cloudfunctions.net/process_imagex'"
2026-04-13T14:03:02.229664,gcp,concurrency_500,dataset/medium_1.jpg,medium,172,4.0836,3.0933,1694858,3089x2048,ok,
2026-04-13T14:03:02.229668,gcp,concurrency_500,dataset/medium_1.jpg,medium,173,11.4915,,,,error,"500, message='Internal Server Error', url='https://us-central1-cs4296-image-process.cloudfunctions.net/process_imagex'"
2026-04-13T14:03:02.229671,gcp,concurrency_500,dataset/medium_1.jpg,medium,174,11.0078,,,,error,"500, message='Internal Server Error', url='https://us-central1-cs4296-image-process.cloudfunctions.net/process_imagex'"
2026-04-13T14:03:02.229675,gcp,concurrency_500,dataset/medium_1.jpg,medium,175,3.596,2.7072,1694858,3089x2048,ok,
2026-04-13T14:03:02.229679,gcp,concurrency_500,dataset/medium_1.jpg,medium,176,12.288,2.4851,1694858,3089x2048,ok,
2026-04-13T14:03:02.229682,gcp,concurrency_500,dataset/medium_1.jpg,medium,177,11.0064,,,,error,"500, message='Internal Server Error', url='https://us-central1-cs4296-image-process.cloudfunctions.net/process_imagex'"
2026-04-13T14:03:02.229686,gcp,concurrency_500,dataset/medium_1.jpg,medium,178,12.9097,1.8827,1694858,3089x2048,ok,
2026-04-13T14:03:02.229689,gcp,concurrency_500,dataset/medium_1.jpg,medium,179,11.0062,,,,error,"500, message='Internal Server Error', url='https://us-central1-cs4296-image-process.cloudfunctions.net/process_imagex'"
2026-04-13T14:03:02.229693,gcp,concurrency_500,dataset/medium_1.jpg,medium,180,12.5168,2.7108,1694858,3089x2048,ok,
2026-04-13T14:03:02.229697,gcp,concurrency_500,dataset/medium_1.jpg,medium,181,3.6333,2.7047,1694858,3089x2048,ok,
2026-04-13T14:03:02.229700,gcp,concurrency_500,dataset/medium_1.jpg,medium,182,11.8227,2.4108,1694858,3089x2048,ok,
2026-04-13T14:03:02.229703,gcp,concurrency_500,dataset/medium_1.jpg,medium,183,10.9615,,,,error,"500, message='Internal Server Error', url='https://us-central1-cs4296-image-process.cloudfunctions.net/process_imagex'"
2026-04-13T14:03:02.229707,gcp,concurrency_500,dataset/medium_1.jpg,medium,184,11.4921,,,,error,"500, message='Internal Server Error', url='https://us-central1-cs4296-image-process.cloudfunctions.net/process_imagex'"
2026-04-13T14:03:02.229711,gcp,concurrency_500,dataset/medium_1.jpg,medium,185,9.3873,2.6899,1694858,3089x2048,ok,
2026-04-13T14:03:02.229719,gcp,concurrency_500,dataset/medium_1.jpg,medium,186,12.2491,2.6991,1694858,3089x2048,ok,
2026-04-13T14:03:02.229723,gcp,concurrency_500,dataset/medium_1.jpg,medium,187,11.0002,,,,error,"500, message='Internal Server Error', url='https://us-central1-cs4296-image-process.cloudfunctions.net/process_imagex'"
2026-04-13T14:03:02.229727,gcp,concurrency_500,dataset/medium_1.jpg,medium,188,14.6676,2.321,1694858,3089x2048,ok,
2026-04-13T14:03:02.229730,gcp,concurrency_500,dataset/medium_1.jpg,medium,189,12.0838,2.6016,1694858,3089x2048,ok,
2026-04-13T14:03:02.229733,gcp,concurrency_500,dataset/medium_1.jpg,medium,190,9.1408,2.4043,1694858,3089x2048,ok,
2026-04-13T14:03:02.229737,gcp,concurrency_500,dataset/medium_1.jpg,medium,191,10.9412,,,,error,"500, message='Internal Server Error', url='https://us-central1-cs4296-image-process.cloudfunctions.net/process_imagex'"
2026-04-13T14:03:02.229741,gcp,concurrency_500,dataset/medium_1.jpg,medium,192,11.8962,1.6869,1694858,3089x2048,ok,
2026-04-13T14:03:02.229744,gcp,concurrency_500,dataset/medium_1.jpg,medium,193,10.9808,,,,error,"500, message='Internal Server Error', url='https://us-central1-cs4296-image-process.cloudfunctions.net/process_imagex'"
2026-04-13T14:03:02.229748,gcp,concurrency_500,dataset/medium_1.jpg,medium,194,11.3487,1.7872,1694858,3089x2048,ok,
2026-04-13T14:03:02.229752,gcp,concurrency_500,dataset/medium_1.jpg,medium,195,10.9811,,,,error,"500, message='Internal Server Error', url='https://us-central1-cs4296-image-process.cloudfunctions.net/process_imagex'"
2026-04-13T14:03:02.229756,gcp,concurrency_500,dataset/medium_1.jpg,medium,196,11.0032,,,,error,"500, message='Internal Server Error', url='https://us-central1-cs4296-image-process.cloudfunctions.net/process_imagex'"
2026-04-13T14:03:02.229760,gcp,concurrency_500,dataset/medium_1.jpg,medium,197,11.0051,,,,error,"500, message='Internal Server Error', url='https://us-central1-cs4296-image-process.cloudfunctions.net/process_imagex'"
2026-04-13T14:03:02.229764,gcp,concurrency_500,dataset/medium_1.jpg,medium,198,7.6772,1.6902,1694858,3089x2048,ok,
2026-04-13T14:03:02.229767,gcp,concurrency_500,dataset/medium_1.jpg,medium,199,3.7934,2.9834,1694858,3089x2048,ok,
2026-04-13T14:03:02.229770,gcp,concurrency_500,dataset/medium_1.jpg,medium,200,2.6798,2.0076,1694858,3089x2048,ok,
2026-04-13T14:03:02.229774,gcp,concurrency_500,dataset/medium_1.jpg,medium,201,3.5129,2.6933,1694858,3089x2048,ok,
2026-04-13T14:03:02.229777,gcp,concurrency_500,dataset/medium_1.jpg,medium,202,3.1602,2.3905,1694858,3089x2048,ok,
2026-04-13T14:03:02.229780,gcp,concurrency_500,dataset/medium_1.jpg,medium,203,10.94,,,,error,"500, message='Internal Server Error', url='https://us-central1-cs4296-image-process.cloudfunctions.net/process_imagex'"
2026-04-13T14:03:02.229784,gcp,concurrency_500,dataset/medium_1.jpg,medium,204,10.9594,,,,error,"500, message='Internal Server Error', url='https://us-central1-cs4296-image-process.cloudfunctions.net/process_imagex'"
2026-04-13T14:03:02.229788,gcp,concurrency_500,dataset/medium_1.jpg,medium,205,3.5931,2.7047,1694858,3089x2048,ok,
2026-04-13T14:03:02.229791,gcp,concurrency_500,dataset/medium_1.jpg,medium,206,11.0061,,,,error,"500, message='Internal Server Error', url='https://us-central1-cs4296-image-process.cloudfunctions.net/process_imagex'"
2026-04-13T14:03:02.229795,gcp,concurrency_500,dataset/medium_1.jpg,medium,207,14.5405,2.4059,1694858,3089x2048,ok,
2026-04-13T14:03:02.229798,gcp,concurrency_500,dataset/medium_1.jpg,medium,208,11.0064,,,,error,"500, message='Internal Server Error', url='https://us-central1-cs4296-image-process.cloudfunctions.net/process_imagex'"
2026-04-13T14:03:02.229802,gcp,concurrency_500,dataset/medium_1.jpg,medium,209,9.5025,0.8792,1694858,3089x2048,ok,
2026-04-13T14:03:02.229805,gcp,concurrency_500,dataset/medium_1.jpg,medium,210,4.0185,3.0041,1694858,3089x2048,ok,
2026-04-13T14:03:02.229809,gcp,concurrency_500,dataset/medium_1.jpg,medium,211,2.5468,1.8896,1694858,3089x2048,ok,
2026-04-13T14:03:02.229812,gcp,concurrency_500,dataset/medium_1.jpg,medium,212,11.2586,0.5771,1694858,3089x2048,ok,
2026-04-13T14:03:02.229815,gcp,concurrency_500,dataset/medium_1.jpg,medium,213,4.169,3.2042,1694858,3089x2048,ok,
2026-04-13T14:03:02.229819,gcp,concurrency_500,dataset/medium_1.jpg,medium,214,10.9994,,,,error,"500, message='Internal Server Error', url='https://us-central1-cs4296-image-process.cloudfunctions.net/process_imagex'"
2026-04-13T14:03:02.229823,gcp,concurrency_500,dataset/medium_1.jpg,medium,215,5.3608,1.0159,1694858,3089x2048,ok,
2026-04-13T14:03:02.229826,gcp,concurrency_500,dataset/medium_1.jpg,medium,216,9.1229,2.0786,1694858,3089x2048,ok,
2026-04-13T14:03:02.229829,gcp,concurrency_500,dataset/medium_1.jpg,medium,217,4.9352,0.6917,1694858,3089x2048,ok,
2026-04-13T14:03:02.229833,gcp,concurrency_500,dataset/medium_1.jpg,medium,218,11.0064,1.9244,1694858,3089x2048,ok,
2026-04-13T14:03:02.229836,gcp,concurrency_500,dataset/medium_1.jpg,medium,219,6.7945,2.8038,1694858,3089x2048,ok,
2026-04-13T14:03:02.229839,gcp,concurrency_500,dataset/medium_1.jpg,medium,220,11.4876,,,,error,"500, message='Internal Server Error', url='https://us-central1-cs4296-image-process.cloudfunctions.net/process_imagex'"
2026-04-13T14:03:02.229843,gcp,concurrency_500,dataset/medium_1.jpg,medium,221,10.9373,,,,error,"500, message='Internal Server Error', url='https://us-central1-cs4296-image-process.cloudfunctions.net/process_imagex'"
2026-04-13T14:03:02.229847,gcp,concurrency_500,dataset/medium_1.jpg,medium,222,6.5514,2.7627,1694858,3089x2048,ok,
2026-04-13T14:03:02.229850,gcp,concurrency_500,dataset/medium_1.jpg,medium,223,11.1181,1.9973,1694858,3089x2048,ok,
2026-04-13T14:03:02.229853,gcp,concurrency_500,dataset/medium_1.jpg,medium,224,11.4719,,,,error,"500, message='Internal Server Error', url='https://us-central1-cs4296-image-process.cloudfunctions.net/process_imagex'"
2026-04-13T14:03:02.229857,gcp,concurrency_500,dataset/medium_1.jpg,medium,225,10.9828,,,,error,"500, message='Internal Server Error', url='https://us-central1-cs4296-image-process.cloudfunctions.net/process_imagex'"
2026-04-13T14:03:02.229861,gcp,concurrency_500,dataset/medium_1.jpg,medium,226,11.9265,2.5046,1694858,3089x2048,ok,
2026-04-13T14:03:02.229864,gcp,concurrency_500,dataset/medium_1.jpg,medium,227,4.8254,2.0036,1694858,3089x2048,ok,
2026-04-13T14:03:02.229867,gcp,concurrency_500,dataset/medium_1.jpg,medium,228,12.7969,1.3253,1694858,3089x2048,ok,
2026-04-13T14:03:02.229871,gcp,concurrency_500,dataset/medium_1.jpg,medium,229,6.4457,2.5902,1694858,3089x2048,ok,
2026-04-13T14:03:02.229874,gcp,concurrency_500,dataset/medium_1.jpg,medium,230,11.4894,,,,error,"500, message='Internal Server Error', url='https://us-central1-cs4296-image-process.cloudfunctions.net/process_imagex'"
2026-04-13T14:03:02.229878,gcp,concurrency_500,dataset/medium_1.jpg,medium,231,11.0029,,,,error,"500, message='Internal Server Error', url='https://us-central1-cs4296-image-process.cloudfunctions.net/process_imagex'"
2026-04-13T14:03:02.229882,gcp,concurrency_500,dataset/medium_1.jpg,medium,232,6.21,2.4994,1694858,3089x2048,ok,
2026-04-13T14:03:02.229885,gcp,concurrency_500,dataset/medium_1.jpg,medium,233,11.0009,,,,error,"500, message='Internal Server Error', url='https://us-central1-cs4296-image-process.cloudfunctions.net/process_imagex'"
2026-04-13T14:03:02.229889,gcp,concurrency_500,dataset/medium_1.jpg,medium,234,10.973,,,,error,"500, message='Internal Server Error', url='https://us-central1-cs4296-image-process.cloudfunctions.net/process_imagex'"
2026-04-13T14:03:02.229892,gcp,concurrency_500,dataset/medium_1.jpg,medium,235,10.9828,,,,error,"500, message='Internal Server Error', url='https://us-central1-cs4296-image-process.cloudfunctions.net/process_imagex'"
2026-04-13T14:03:02.229896,gcp,concurrency_500,dataset/medium_1.jpg,medium,236,2.7768,0.7415,1694858,3089x2048,ok,
2026-04-13T14:03:02.229900,gcp,concurrency_500,dataset/medium_1.jpg,medium,237,11.4866,,,,error,"500, message='Internal Server Error', url='https://us-central1-cs4296-image-process.cloudfunctions.net/process_imagex'"
2026-04-13T14:03:02.229909,gcp,concurrency_500,dataset/medium_1.jpg,medium,238,10.9787,,,,error,"500, message='Internal Server Error', url='https://us-central1-cs4296-image-process.cloudfunctions.net/process_imagex'"
2026-04-13T14:03:02.229913,gcp,concurrency_500,dataset/medium_1.jpg,medium,239,9.4819,1.7061,1694858,3089x2048,ok,
2026-04-13T14:03:02.229917,gcp,concurrency_500,dataset/medium_1.jpg,medium,240,6.441,0.6628,1694858,3089x2048,ok,
2026-04-13T14:03:02.229920,gcp,concurrency_500,dataset/medium_1.jpg,medium,241,10.997,,,,error,"500, message='Internal Server Error', url='https://us-central1-cs4296-image-process.cloudfunctions.net/process_imagex'"
2026-04-13T14:03:02.229924,gcp,concurrency_500,dataset/medium_1.jpg,medium,242,2.628,1.9112,1694858,3089x2048,ok,
2026-04-13T14:03:02.229927,gcp,concurrency_500,dataset/medium_1.jpg,medium,243,10.9815,,,,error,"500, message='Internal Server Error', url='https://us-central1-cs4296-image-process.cloudfunctions.net/process_imagex'"
2026-04-13T14:03:02.229931,gcp,concurrency_500,dataset/medium_1.jpg,medium,244,3.6431,2.8196,1694858,3089x2048,ok,
2026-04-13T14:03:02.229934,gcp,concurrency_500,dataset/medium_1.jpg,medium,245,2.5769,1.8283,1694858,3089x2048,ok,
2026-04-13T14:03:02.229938,gcp,concurrency_500,dataset/medium_1.jpg,medium,246,12.4775,1.1586,1694858,3089x2048,ok,
2026-04-13T14:03:02.229941,gcp,concurrency_500,dataset/medium_1.jpg,medium,247,3.3576,2.5816,1694858,3089x2048,ok,
2026-04-13T14:03:02.229944,gcp,concurrency_500,dataset/medium_1.jpg,medium,248,3.6852,2.8975,1694858,3089x2048,ok,
2026-04-13T14:03:02.229947,gcp,concurrency_500,dataset/medium_1.jpg,medium,249,3.3379,2.6117,1694858,3089x2048,ok,
2026-04-13T14:03:02.229951,gcp,concurrency_500,dataset/medium_1.jpg,medium,250,3.9909,3.126,1694858,3089x2048,ok,
2026-04-13T14:03:02.229954,gcp,concurrency_500,dataset/medium_1.jpg,medium,251,6.3179,2.6094,1694858,3089x2048,ok,
2026-04-13T14:03:02.229957,gcp,concurrency_500,dataset/medium_1.jpg,medium,252,3.5303,2.8032,1694858,3089x2048,ok,
2026-04-13T14:03:02.229960,gcp,concurrency_500,dataset/medium_1.jpg,medium,253,7.2106,1.9862,1694858,3089x2048,ok,
2026-04-13T14:03:02.229964,gcp,concurrency_500,dataset/medium_1.jpg,medium,254,10.9978,,,,error,"500, message='Internal Server Error', url='https://us-central1-cs4296-image-process.cloudfunctions.net/process_imagex'"
2026-04-13T14:03:02.229968,gcp,concurrency_500,dataset/medium_1.jpg,medium,255,2.6166,1.8953,1694858,3089x2048,ok,
2026-04-13T14:03:02.229971,gcp,concurrency_500,dataset/medium_1.jpg,medium,256,3.678,2.7984,1694858,3089x2048,ok,
2026-04-13T14:03:02.229974,gcp,concurrency_500,dataset/medium_1.jpg,medium,257,11.4883,,,,error,"500, message='Internal Server Error', url='https://us-central1-cs4296-image-process.cloudfunctions.net/process_imagex'"
2026-04-13T14:03:02.229978,gcp,concurrency_500,dataset/medium_1.jpg,medium,258,2.4322,1.8061,1694858,3089x2048,ok,
2026-04-13T14:03:02.229981,gcp,concurrency_500,dataset/medium_1.jpg,medium,259,3.9708,3.094,1694858,3089x2048,ok,
2026-04-13T14:03:02.229984,gcp,concurrency_500,dataset/medium_1.jpg,medium,260,11.4861,,,,error,"500, message='Internal Server Error', url='https://us-central1-cs4296-image-process.cloudfunctions.net/process_imagex'"
2026-04-13T14:03:02.229988,gcp,concurrency_500,dataset/medium_1.jpg,medium,261,13.3386,2.5141,1694858,3089x2048,ok,
2026-04-13T14:03:02.229992,gcp,concurrency_500,dataset/medium_1.jpg,medium,262,9.3834,2.3217,1694858,3089x2048,ok,
2026-04-13T14:03:02.229995,gcp,concurrency_500,dataset/medium_1.jpg,medium,263,2.7695,2.0962,1694858,3089x2048,ok,
2026-04-13T14:03:02.229998,gcp,concurrency_500,dataset/medium_1.jpg,medium,264,10.9784,,,,error,"500, message='Internal Server Error', url='https://us-central1-cs4296-image-process.cloudfunctions.net/process_imagex'"
2026-04-13T14:03:02.230002,gcp,concurrency_500,dataset/medium_1.jpg,medium,265,11.4877,,,,error,"500, message='Internal Server Error', url='https://us-central1-cs4296-image-process.cloudfunctions.net/process_imagex'"
2026-04-13T14:03:02.230006,gcp,concurrency_500,dataset/medium_1.jpg,medium,266,11.4703,,,,error,"500, message='Internal Server Error', url='https://us-central1-cs4296-image-process.cloudfunctions.net/process_imagex'"
2026-04-13T14:03:02.230010,gcp,concurrency_500,dataset/medium_1.jpg,medium,267,6.2554,2.609,1694858,3089x2048,ok,
2026-04-13T14:03:02.230013,gcp,concurrency_500,dataset/medium_1.jpg,medium,268,10.9962,,,,error,"500, message='Internal Server Error', url='https://us-central1-cs4296-image-process.cloudfunctions.net/process_imagex'"
2026-04-13T14:03:02.230017,gcp,concurrency_500,dataset/medium_1.jpg,medium,269,11.4695,,,,error,"500, message='Internal Server Error', url='https://us-central1-cs4296-image-process.cloudfunctions.net/process_imagex'"
2026-04-13T14:03:02.230021,gcp,concurrency_500,dataset/medium_1.jpg,medium,270,3.4688,2.6248,1694858,3089x2048,ok,
2026-04-13T14:03:02.230024,gcp,concurrency_500,dataset/medium_1.jpg,medium,271,2.6817,2.0133,1694858,3089x2048,ok,
2026-04-13T14:03:02.230027,gcp,concurrency_500,dataset/medium_1.jpg,medium,272,12.1677,2.6832,1694858,3089x2048,ok,
2026-04-13T14:03:02.230030,gcp,concurrency_500,dataset/medium_1.jpg,medium,273,10.9237,1.815,1694858,3089x2048,ok,
2026-04-13T14:03:02.230034,gcp,concurrency_500,dataset/medium_1.jpg,medium,274,9.1725,2.3948,1694858,3089x2048,ok,
2026-04-13T14:03:02.230037,gcp,concurrency_500,dataset/medium_1.jpg,medium,275,10.9344,,,,error,"500, message='Internal Server Error', url='https://us-central1-cs4296-image-process.cloudfunctions.net/process_imagex'"
2026-04-13T14:03:02.230041,gcp,concurrency_500,dataset/medium_1.jpg,medium,276,4.1557,1.7045,1694858,3089x2048,ok,
2026-04-13T14:03:02.230044,gcp,concurrency_500,dataset/medium_1.jpg,medium,277,10.9368,,,,error,"500, message='Internal Server Error', url='https://us-central1-cs4296-image-process.cloudfunctions.net/process_imagex'"
2026-04-13T14:03:02.230048,gcp,concurrency_500,dataset/medium_1.jpg,medium,278,6.4399,2.604,1694858,3089x2048,ok,
2026-04-13T14:03:02.230051,gcp,concurrency_500,dataset/medium_1.jpg,medium,279,6.4934,3.1058,1694858,3089x2048,ok,
2026-04-13T14:03:02.230055,gcp,concurrency_500,dataset/medium_1.jpg,medium,280,3.2049,2.409,1694858,3089x2048,ok,
2026-04-13T14:03:02.230058,gcp,concurrency_500,dataset/medium_1.jpg,medium,281,10.9369,,,,error,"500, message='Internal Server Error', url='https://us-central1-cs4296-image-process.cloudfunctions.net/process_imagex'"
2026-04-13T14:03:02.230062,gcp,concurrency_500,dataset/medium_1.jpg,medium,282,11.487,,,,error,"500, message='Internal Server Error', url='https://us-central1-cs4296-image-process.cloudfunctions.net/process_imagex'"
2026-04-13T14:03:02.230065,gcp,concurrency_500,dataset/medium_1.jpg,medium,283,11.0015,,,,error,"500, message='Internal Server Error', url='https://us-central1-cs4296-image-process.cloudfunctions.net/process_imagex'"
2026-04-13T14:03:02.230069,gcp,concurrency_500,dataset/medium_1.jpg,medium,284,2.3574,1.6279,1694858,3089x2048,ok,
2026-04-13T14:03:02.230073,gcp,concurrency_500,dataset/medium_1.jpg,medium,285,11.3798,1.9043,1694858,3089x2048,ok,
2026-04-13T14:03:02.230076,gcp,concurrency_500,dataset/medium_1.jpg,medium,286,11.4872,,,,error,"500, message='Internal Server Error', url='https://us-central1-cs4296-image-process.cloudfunctions.net/process_imagex'"
2026-04-13T14:03:02.230080,gcp,concurrency_500,dataset/medium_1.jpg,medium,287,9.2036,2.704,1694858,3089x2048,ok,
2026-04-13T14:03:02.230083,gcp,concurrency_500,dataset/medium_1.jpg,medium,288,6.9207,1.9819,1694858,3089x2048,ok,
2026-04-13T14:03:02.230086,gcp,concurrency_500,dataset/medium_1.jpg,medium,289,5.9376,2.408,1694858,3089x2048,ok,
2026-04-13T14:03:02.230090,gcp,concurrency_500,dataset/medium_1.jpg,medium,290,10.9773,,,,error,"500, message='Internal Server Error', url='https://us-central1-cs4296-image-process.cloudfunctions.net/process_imagex'"
2026-04-13T14:03:02.230098,gcp,concurrency_500,dataset/medium_1.jpg,medium,291,6.8377,1.8984,1694858,3089x2048,ok,
2026-04-13T14:03:02.230102,gcp,concurrency_500,dataset/medium_1.jpg,medium,292,7.1475,0.6451,1694858,3089x2048,ok,
2026-04-13T14:03:02.230105,gcp,concurrency_500,dataset/medium_1.jpg,medium,293,9.9855,3.0149,1694858,3089x2048,ok,
2026-04-13T14:03:02.230108,gcp,concurrency_500,dataset/medium_1.jpg,medium,294,11.0004,,,,error,"500, message='Internal Server Error', url='https://us-central1-cs4296-image-process.cloudfunctions.net/process_imagex'"
2026-04-13T14:03:02.230112,gcp,concurrency_500,dataset/medium_1.jpg,medium,295,11.4698,,,,error,"500, message='Internal Server Error', url='https://us-central1-cs4296-image-process.cloudfunctions.net/process_imagex'"
2026-04-13T14:03:02.230116,gcp,concurrency_500,dataset/medium_1.jpg,medium,296,9.2835,2.6992,1694858,3089x2048,ok,
2026-04-13T14:03:02.230119,gcp,concurrency_500,dataset/medium_1.jpg,medium,297,10.9777,,,,error,"500, message='Internal Server Error', url='https://us-central1-cs4296-image-process.cloudfunctions.net/process_imagex'"
2026-04-13T14:03:02.230123,gcp,concurrency_500,dataset/medium_1.jpg,medium,298,11.0011,,,,error,"500, message='Internal Server Error', url='https://us-central1-cs4296-image-process.cloudfunctions.net/process_imagex'"
2026-04-13T14:03:02.230127,gcp,concurrency_500,dataset/medium_1.jpg,medium,299,4.786,1.9916,1694858,3089x2048,ok,
2026-04-13T14:03:02.230131,gcp,concurrency_500,dataset/medium_1.jpg,medium,300,3.3016,2.4925,1694858,3089x2048,ok,
2026-04-13T14:03:02.230134,gcp,concurrency_500,dataset/medium_1.jpg,medium,301,9.1938,2.52,1694858,3089x2048,ok,
2026-04-13T14:03:02.230137,gcp,concurrency_500,dataset/medium_1.jpg,medium,302,10.9702,,,,error,"500, message='Internal Server Error', url='https://us-central1-cs4296-image-process.cloudfunctions.net/process_imagex'"
2026-04-13T14:03:02.230141,gcp,concurrency_500,dataset/medium_1.jpg,medium,303,6.4834,2.918,1694858,3089x2048,ok,
2026-04-13T14:03:02.230144,gcp,concurrency_500,dataset/medium_1.jpg,medium,304,10.9952,,,,error,"500, message='Internal Server Error', url='https://us-central1-cs4296-image-process.cloudfunctions.net/process_imagex'"
2026-04-13T14:03:02.230148,gcp,concurrency_500,dataset/medium_1.jpg,medium,305,5.0268,0.6756,1694858,3089x2048,ok,
2026-04-13T14:03:02.230151,gcp,concurrency_500,dataset/medium_1.jpg,medium,306,6.7218,2.8057,1694858,3089x2048,ok,
2026-04-13T14:03:02.230155,gcp,concurrency_500,dataset/medium_1.jpg,medium,307,10.9568,,,,error,"500, message='Internal Server Error', url='https://us-central1-cs4296-image-process.cloudfunctions.net/process_imagex'"
2026-04-13T14:03:02.230159,gcp,concurrency_500,dataset/medium_1.jpg,medium,308,12.5547,2.9901,1694858,3089x2048,ok,
2026-04-13T14:03:02.230162,gcp,concurrency_500,dataset/medium_1.jpg,medium,309,10.9358,,,,error,"500, message='Internal Server Error', url='https://us-central1-cs4296-image-process.cloudfunctions.net/process_imagex'"
2026-04-13T14:03:02.230166,gcp,concurrency_500,dataset/medium_1.jpg,medium,310,7.2751,2.9929,1694858,3089x2048,ok,
2026-04-13T14:03:02.230169,gcp,concurrency_500,dataset/medium_1.jpg,medium,311,6.593,2.3858,1694858,3089x2048,ok,
2026-04-13T14:03:02.230172,gcp,concurrency_500,dataset/medium_1.jpg,medium,312,7.4421,3.1885,1694858,3089x2048,ok,
2026-04-13T14:03:02.230175,gcp,concurrency_500,dataset/medium_1.jpg,medium,313,10.9799,,,,error,"500, message='Internal Server Error', url='https://us-central1-cs4296-image-process.cloudfunctions.net/process_imagex'"
2026-04-13T14:03:02.230179,gcp,concurrency_500,dataset/medium_1.jpg,medium,314,11.4841,,,,error,"500, message='Internal Server Error', url='https://us-central1-cs4296-image-process.cloudfunctions.net/process_imagex'"
2026-04-13T14:03:02.230183,gcp,concurrency_500,dataset/medium_1.jpg,medium,315,10.9756,,,,error,"500, message='Internal Server Error', url='https://us-central1-cs4296-image-process.cloudfunctions.net/process_imagex'"
2026-04-13T14:03:02.230187,gcp,concurrency_500,dataset/medium_1.jpg,medium,316,10.9562,,,,error,"500, message='Internal Server Error', url='https://us-central1-cs4296-image-process.cloudfunctions.net/process_imagex'"
2026-04-13T14:03:02.230191,gcp,concurrency_500,dataset/medium_1.jpg,medium,317,9.0233,2.6973,1694858,3089x2048,ok,
2026-04-13T14:03:02.230194,gcp,concurrency_500,dataset/medium_1.jpg,medium,318,6.8276,2.512,1694858,3089x2048,ok,
2026-04-13T14:03:02.230197,gcp,concurrency_500,dataset/medium_1.jpg,medium,319,8.7467,1.923,1694858,3089x2048,ok,
2026-04-13T14:03:02.230200,gcp,concurrency_500,dataset/medium_1.jpg,medium,320,11.4838,,,,error,"500, message='Internal Server Error', url='https://us-central1-cs4296-image-process.cloudfunctions.net/process_imagex'"
2026-04-13T14:03:02.230204,gcp,concurrency_500,dataset/medium_1.jpg,medium,321,9.9183,2.8242,1694858,3089x2048,ok,
2026-04-13T14:03:02.230208,gcp,concurrency_500,dataset/medium_1.jpg,medium,322,9.2577,2.6005,1694858,3089x2048,ok,
2026-04-13T14:03:02.230211,gcp,concurrency_500,dataset/medium_1.jpg,medium,323,10.9885,,,,error,"500, message='Internal Server Error', url='https://us-central1-cs4296-image-process.cloudfunctions.net/process_imagex'"
2026-04-13T14:03:02.230215,gcp,concurrency_500,dataset/medium_1.jpg,medium,324,10.9895,,,,error,"500, message='Internal Server Error', url='https://us-central1-cs4296-image-process.cloudfunctions.net/process_imagex'"
2026-04-13T14:03:02.230219,gcp,concurrency_500,dataset/medium_1.jpg,medium,325,10.9793,,,,error,"500, message='Internal Server Error', url='https://us-central1-cs4296-image-process.cloudfunctions.net/process_imagex'"
2026-04-13T14:03:02.230223,gcp,concurrency_500,dataset/medium_1.jpg,medium,326,12.2694,2.8212,1694858,3089x2048,ok,
2026-04-13T14:03:02.230226,gcp,concurrency_500,dataset/medium_1.jpg,medium,327,5.0892,1.9965,1694858,3089x2048,ok,
2026-04-13T14:03:02.230229,gcp,concurrency_500,dataset/medium_1.jpg,medium,328,8.7875,2.5091,1694858,3089x2048,ok,
2026-04-13T14:03:02.230233,gcp,concurrency_500,dataset/medium_1.jpg,medium,329,10.9938,,,,error,"500, message='Internal Server Error', url='https://us-central1-cs4296-image-process.cloudfunctions.net/process_imagex'"
2026-04-13T14:03:02.230237,gcp,concurrency_500,dataset/medium_1.jpg,medium,330,12.7198,1.8134,1694858,3089x2048,ok,
2026-04-13T14:03:02.230240,gcp,concurrency_500,dataset/medium_1.jpg,medium,331,10.9948,,,,error,"500, message='Internal Server Error', url='https://us-central1-cs4296-image-process.cloudfunctions.net/process_imagex'"
2026-04-13T14:03:02.230244,gcp,concurrency_500,dataset/medium_1.jpg,medium,332,10.7863,1.8849,1694858,3089x2048,ok,
2026-04-13T14:03:02.230247,gcp,concurrency_500,dataset/medium_1.jpg,medium,333,10.9762,,,,error,"500, message='Internal Server Error', url='https://us-central1-cs4296-image-process.cloudfunctions.net/process_imagex'"
2026-04-13T14:03:02.230251,gcp,concurrency_500,dataset/medium_1.jpg,medium,334,6.2584,2.5039,1694858,3089x2048,ok,
2026-04-13T14:03:02.230254,gcp,concurrency_500,dataset/medium_1.jpg,medium,335,11.4818,,,,error,"500, message='Internal Server Error', url='https://us-central1-cs4296-image-process.cloudfunctions.net/process_imagex'"
2026-04-13T14:03:02.230258,gcp,concurrency_500,dataset/medium_1.jpg,medium,336,12.6553,2.6097,1694858,3089x2048,ok,
2026-04-13T14:03:02.230261,gcp,concurrency_500,dataset/medium_1.jpg,medium,337,12.0514,2.6144,1694858,3089x2048,ok,
2026-04-13T14:03:02.230265,gcp,concurrency_500,dataset/medium_1.jpg,medium,338,12.8195,1.8958,1694858,3089x2048,ok,
2026-04-13T14:03:02.230268,gcp,concurrency_500,dataset/medium_1.jpg,medium,339,7.1218,0.6637,1694858,3089x2048,ok,
2026-04-13T14:03:02.230271,gcp,concurrency_500,dataset/medium_1.jpg,medium,340,14.1822,2.5009,1694858,3089x2048,ok,
2026-04-13T14:03:02.230274,gcp,concurrency_500,dataset/medium_1.jpg,medium,341,10.9967,,,,error,"500, message='Internal Server Error', url='https://us-central1-cs4296-image-process.cloudfunctions.net/process_imagex'"
2026-04-13T14:03:02.230283,gcp,concurrency_500,dataset/medium_1.jpg,medium,342,10.994,,,,error,"500, message='Internal Server Error', url='https://us-central1-cs4296-image-process.cloudfunctions.net/process_imagex'"
2026-04-13T14:03:02.230287,gcp,concurrency_500,dataset/medium_1.jpg,medium,343,11.4834,,,,error,"500, message='Internal Server Error', url='https://us-central1-cs4296-image-process.cloudfunctions.net/process_imagex'"
2026-04-13T14:03:02.230291,gcp,concurrency_500,dataset/medium_1.jpg,medium,344,11.4674,,,,error,"500, message='Internal Server Error', url='https://us-central1-cs4296-image-process.cloudfunctions.net/process_imagex'"
2026-04-13T14:03:02.230295,gcp,concurrency_500,dataset/medium_1.jpg,medium,345,10.956,,,,error,"500, message='Internal Server Error', url='https://us-central1-cs4296-image-process.cloudfunctions.net/process_imagex'"
2026-04-13T14:03:02.230299,gcp,concurrency_500,dataset/medium_1.jpg,medium,346,10.9934,,,,error,"500, message='Internal Server Error', url='https://us-central1-cs4296-image-process.cloudfunctions.net/process_imagex'"
2026-04-13T14:03:02.230303,gcp,concurrency_500,dataset/medium_1.jpg,medium,347,10.9758,,,,error,"500, message='Internal Server Error', url='https://us-central1-cs4296-image-process.cloudfunctions.net/process_imagex'"
2026-04-13T14:03:02.230307,gcp,concurrency_500,dataset/medium_1.jpg,medium,348,10.9935,,,,error,"500, message='Internal Server Error', url='https://us-central1-cs4296-image-process.cloudfunctions.net/process_imagex'"
2026-04-13T14:03:02.230311,gcp,concurrency_500,dataset/medium_1.jpg,medium,349,11.5419,,,,error,"500, message='Internal Server Error', url='https://us-central1-cs4296-image-process.cloudfunctions.net/process_imagex'"
2026-04-13T14:03:02.230315,gcp,concurrency_500,dataset/medium_1.jpg,medium,350,10.993,,,,error,"500, message='Internal Server Error', url='https://us-central1-cs4296-image-process.cloudfunctions.net/process_imagex'"
2026-04-13T14:03:02.230318,gcp,concurrency_500,dataset/medium_1.jpg,medium,351,9.6036,2.5044,1694858,3089x2048,ok,
2026-04-13T14:03:02.230322,gcp,concurrency_500,dataset/medium_1.jpg,medium,352,10.999,,,,error,"500, message='Internal Server Error', url='https://us-central1-cs4296-image-process.cloudfunctions.net/process_imagex'"
2026-04-13T14:03:02.230325,gcp,concurrency_500,dataset/medium_1.jpg,medium,353,12.2196,2.6897,1694858,3089x2048,ok,
2026-04-13T14:03:02.230329,gcp,concurrency_500,dataset/medium_1.jpg,medium,354,10.9766,,,,error,"500, message='Internal Server Error', url='https://us-central1-cs4296-image-process.cloudfunctions.net/process_imagex'"
2026-04-13T14:03:02.230333,gcp,concurrency_500,dataset/medium_1.jpg,medium,355,10.9313,,,,error,"500, message='Internal Server Error', url='https://us-central1-cs4296-image-process.cloudfunctions.net/process_imagex'"
2026-04-13T14:03:02.230337,gcp,concurrency_500,dataset/medium_1.jpg,medium,356,10.7626,0.632,1694858,3089x2048,ok,
2026-04-13T14:03:02.230340,gcp,concurrency_500,dataset/medium_1.jpg,medium,357,10.113,1.8889,1694858,3089x2048,ok,
2026-04-13T14:03:02.230343,gcp,concurrency_500,dataset/medium_1.jpg,medium,358,6.6504,1.9039,1694858,3089x2048,ok,
2026-04-13T14:03:02.230346,gcp,concurrency_500,dataset/medium_1.jpg,medium,359,2.7064,0.7335,1694858,3089x2048,ok,
2026-04-13T14:03:02.230350,gcp,concurrency_500,dataset/medium_1.jpg,medium,360,9.78,2.8959,1694858,3089x2048,ok,
2026-04-13T14:03:02.230353,gcp,concurrency_500,dataset/medium_1.jpg,medium,361,6.229,2.4098,1694858,3089x2048,ok,
2026-04-13T14:03:02.230356,gcp,concurrency_500,dataset/medium_1.jpg,medium,362,3.6794,2.7056,1694858,3089x2048,ok,
2026-04-13T14:03:02.230359,gcp,concurrency_500,dataset/medium_1.jpg,medium,363,4.5703,1.8143,1694858,3089x2048,ok,
2026-04-13T14:03:02.230362,gcp,concurrency_500,dataset/medium_1.jpg,medium,364,6.1265,2.5967,1694858,3089x2048,ok,
2026-04-13T14:03:02.230366,gcp,concurrency_500,dataset/medium_1.jpg,medium,365,10.9785,,,,error,"500, message='Internal Server Error', url='https://us-central1-cs4296-image-process.cloudfunctions.net/process_imagex'"
2026-04-13T14:03:02.230370,gcp,concurrency_500,dataset/medium_1.jpg,medium,366,11.4661,,,,error,"500, message='Internal Server Error', url='https://us-central1-cs4296-image-process.cloudfunctions.net/process_imagex'"
2026-04-13T14:03:02.230373,gcp,concurrency_500,dataset/medium_1.jpg,medium,367,4.7861,1.9143,1694858,3089x2048,ok,
2026-04-13T14:03:02.230377,gcp,concurrency_500,dataset/medium_1.jpg,medium,368,6.3646,2.699,1694858,3089x2048,ok,
2026-04-13T14:03:02.230380,gcp,concurrency_500,dataset/medium_1.jpg,medium,369,9.3875,2.8944,1694858,3089x2048,ok,
2026-04-13T14:03:02.230383,gcp,concurrency_500,dataset/medium_1.jpg,medium,370,10.9955,,,,error,"500, message='Internal Server Error', url='https://us-central1-cs4296-image-process.cloudfunctions.net/process_imagex'"
2026-04-13T14:03:02.230387,gcp,concurrency_500,dataset/medium_1.jpg,medium,371,10.993,,,,error,"500, message='Internal Server Error', url='https://us-central1-cs4296-image-process.cloudfunctions.net/process_imagex'"
2026-04-13T14:03:02.230391,gcp,concurrency_500,dataset/medium_1.jpg,medium,372,12.2754,2.6033,1694858,3089x2048,ok,
2026-04-13T14:03:02.230394,gcp,concurrency_500,dataset/medium_1.jpg,medium,373,4.739,1.9056,1694858,3089x2048,ok,
2026-04-13T14:03:02.230397,gcp,concurrency_500,dataset/medium_1.jpg,medium,374,12.0542,2.7024,1694858,3089x2048,ok,
2026-04-13T14:03:02.230401,gcp,concurrency_500,dataset/medium_1.jpg,medium,375,12.3851,2.7892,1694858,3089x2048,ok,
2026-04-13T14:03:02.230404,gcp,concurrency_500,dataset/medium_1.jpg,medium,376,7.898,0.6793,1694858,3089x2048,ok,
2026-04-13T14:03:02.230407,gcp,concurrency_500,dataset/medium_1.jpg,medium,377,10.9949,,,,error,"500, message='Internal Server Error', url='https://us-central1-cs4296-image-process.cloudfunctions.net/process_imagex'"
2026-04-13T14:03:02.230411,gcp,concurrency_500,dataset/medium_1.jpg,medium,378,11.0443,,,,error,"500, message='Internal Server Error', url='https://us-central1-cs4296-image-process.cloudfunctions.net/process_imagex'"
2026-04-13T14:03:02.230415,gcp,concurrency_500,dataset/medium_1.jpg,medium,379,6.3788,2.5074,1694858,3089x2048,ok,
2026-04-13T14:03:02.230418,gcp,concurrency_500,dataset/medium_1.jpg,medium,380,6.4034,0.6719,1694858,3089x2048,ok,
2026-04-13T14:03:02.230421,gcp,concurrency_500,dataset/medium_1.jpg,medium,381,9.3052,1.926,1694858,3089x2048,ok,
2026-04-13T14:03:02.230424,gcp,concurrency_500,dataset/medium_1.jpg,medium,382,10.9675,,,,error,"500, message='Internal Server Error', url='https://us-central1-cs4296-image-process.cloudfunctions.net/process_imagex'"
2026-04-13T14:03:02.230428,gcp,concurrency_500,dataset/medium_1.jpg,medium,383,11.4601,,,,error,"500, message='Internal Server Error', url='https://us-central1-cs4296-image-process.cloudfunctions.net/process_imagex'"
2026-04-13T14:03:02.230432,gcp,concurrency_500,dataset/medium_1.jpg,medium,384,11.4748,,,,error,"500, message='Internal Server Error', url='https://us-central1-cs4296-image-process.cloudfunctions.net/process_imagex'"
2026-04-13T14:03:02.230436,gcp,concurrency_500,dataset/medium_1.jpg,medium,385,10.9893,,,,error,"500, message='Internal Server Error', url='https://us-central1-cs4296-image-process.cloudfunctions.net/process_imagex'"
2026-04-13T14:03:02.230440,gcp,concurrency_500,dataset/medium_1.jpg,medium,386,10.9667,,,,error,"500, message='Internal Server Error', url='https://us-central1-cs4296-image-process.cloudfunctions.net/process_imagex'"
2026-04-13T14:03:02.230443,gcp,concurrency_500,dataset/medium_1.jpg,medium,387,10.0794,0.6849,1694858,3089x2048,ok,
2026-04-13T14:03:02.230447,gcp,concurrency_500,dataset/medium_1.jpg,medium,388,10.9918,,,,error,"500, message='Internal Server Error', url='https://us-central1-cs4296-image-process.cloudfunctions.net/process_imagex'"
2026-04-13T14:03:02.230451,gcp,concurrency_500,dataset/medium_1.jpg,medium,389,6.5593,2.6969,1694858,3089x2048,ok,
2026-04-13T14:03:02.230457,gcp,concurrency_500,dataset/medium_1.jpg,medium,390,10.9885,,,,error,"500, message='Internal Server Error', url='https://us-central1-cs4296-image-process.cloudfunctions.net/process_imagex'"
2026-04-13T14:03:02.230462,gcp,concurrency_500,dataset/medium_1.jpg,medium,391,11.4604,,,,error,"500, message='Internal Server Error', url='https://us-central1-cs4296-image-process.cloudfunctions.net/process_imagex'"
2026-04-13T14:03:02.230465,gcp,concurrency_500,dataset/medium_1.jpg,medium,392,11.4764,,,,error,"500, message='Internal Server Error', url='https://us-central1-cs4296-image-process.cloudfunctions.net/process_imagex'"
2026-04-13T14:03:02.230469,gcp,concurrency_500,dataset/medium_1.jpg,medium,393,11.8029,2.4027,1694858,3089x2048,ok,
2026-04-13T14:03:02.230473,gcp,concurrency_500,dataset/medium_1.jpg,medium,394,8.0989,1.8029,1694858,3089x2048,ok,
2026-04-13T14:03:02.230476,gcp,concurrency_500,dataset/medium_1.jpg,medium,395,10.6112,1.0145,1694858,3089x2048,ok,
2026-04-13T14:03:02.230479,gcp,concurrency_500,dataset/medium_1.jpg,medium,396,5.08,2.1829,1694858,3089x2048,ok,
2026-04-13T14:03:02.230483,gcp,concurrency_500,dataset/medium_1.jpg,medium,397,10.9857,,,,error,"500, message='Internal Server Error', url='https://us-central1-cs4296-image-process.cloudfunctions.net/process_imagex'"
2026-04-13T14:03:02.230486,gcp,concurrency_500,dataset/medium_1.jpg,medium,398,5.8793,1.6162,1694858,3089x2048,ok,
2026-04-13T14:03:02.230490,gcp,concurrency_500,dataset/medium_1.jpg,medium,399,10.9922,,,,error,"500, message='Internal Server Error', url='https://us-central1-cs4296-image-process.cloudfunctions.net/process_imagex'"
2026-04-13T14:03:02.230493,gcp,concurrency_500,dataset/medium_1.jpg,medium,400,12.0377,2.52,1694858,3089x2048,ok,
2026-04-13T14:03:02.230497,gcp,concurrency_500,dataset/medium_1.jpg,medium,401,11.4751,,,,error,"500, message='Internal Server Error', url='https://us-central1-cs4296-image-process.cloudfunctions.net/process_imagex'"
2026-04-13T14:03:02.230501,gcp,concurrency_500,dataset/medium_1.jpg,medium,402,10.9472,,,,error,"500, message='Internal Server Error', url='https://us-central1-cs4296-image-process.cloudfunctions.net/process_imagex'"
2026-04-13T14:03:02.230504,gcp,concurrency_500,dataset/medium_1.jpg,medium,403,10.9611,,,,error,"500, message='Internal Server Error', url='https://us-central1-cs4296-image-process.cloudfunctions.net/process_imagex'"
2026-04-13T14:03:02.230508,gcp,concurrency_500,dataset/medium_1.jpg,medium,404,12.738,1.8825,1694858,3089x2048,ok,
2026-04-13T14:03:02.230512,gcp,concurrency_500,dataset/medium_1.jpg,medium,405,10.9698,,,,error,"500, message='Internal Server Error', url='https://us-central1-cs4296-image-process.cloudfunctions.net/process_imagex'"
2026-04-13T14:03:02.230515,gcp,concurrency_500,dataset/medium_1.jpg,medium,406,10.9694,,,,error,"500, message='Internal Server Error', url='https://us-central1-cs4296-image-process.cloudfunctions.net/process_imagex'"
2026-04-13T14:03:02.230519,gcp,concurrency_500,dataset/medium_1.jpg,medium,407,9.6087,2.6109,1694858,3089x2048,ok,
2026-04-13T14:03:02.230523,gcp,concurrency_500,dataset/medium_1.jpg,medium,408,10.9935,,,,error,"500, message='Internal Server Error', url='https://us-central1-cs4296-image-process.cloudfunctions.net/process_imagex'"
2026-04-13T14:03:02.230526,gcp,concurrency_500,dataset/medium_1.jpg,medium,409,11.4726,,,,error,"500, message='Internal Server Error', url='https://us-central1-cs4296-image-process.cloudfunctions.net/process_imagex'"
2026-04-13T14:03:02.230530,gcp,concurrency_500,dataset/medium_1.jpg,medium,410,10.9874,,,,error,"500, message='Internal Server Error', url='https://us-central1-cs4296-image-process.cloudfunctions.net/process_imagex'"
2026-04-13T14:03:02.230534,gcp,concurrency_500,dataset/medium_1.jpg,medium,411,14.5513,2.4914,1694858,3089x2048,ok,
2026-04-13T14:03:02.230537,gcp,concurrency_500,dataset/medium_1.jpg,medium,412,10.9695,,,,error,"500, message='Internal Server Error', url='https://us-central1-cs4296-image-process.cloudfunctions.net/process_imagex'"
2026-04-13T14:03:02.230541,gcp,concurrency_500,dataset/medium_1.jpg,medium,413,10.6238,2.9899,1694858,3089x2048,ok,
2026-04-13T14:03:02.230544,gcp,concurrency_500,dataset/medium_1.jpg,medium,414,10.6208,0.6107,1694858,3089x2048,ok,
2026-04-13T14:03:02.230548,gcp,concurrency_500,dataset/medium_1.jpg,medium,415,6.4821,2.6007,1694858,3089x2048,ok,
2026-04-13T14:03:02.230551,gcp,concurrency_500,dataset/medium_1.jpg,medium,416,9.2713,2.5149,1694858,3089x2048,ok,
2026-04-13T14:03:02.230554,gcp,concurrency_500,dataset/medium_1.jpg,medium,417,10.9875,,,,error,"500, message='Internal Server Error', url='https://us-central1-cs4296-image-process.cloudfunctions.net/process_imagex'"
2026-04-13T14:03:02.230558,gcp,concurrency_500,dataset/medium_1.jpg,medium,418,6.29,2.4916,1694858,3089x2048,ok,
2026-04-13T14:03:02.230561,gcp,concurrency_500,dataset/medium_1.jpg,medium,419,3.777,2.8139,1694858,3089x2048,ok,
2026-04-13T14:03:02.230565,gcp,concurrency_500,dataset/medium_1.jpg,medium,420,10.968,,,,error,"500, message='Internal Server Error', url='https://us-central1-cs4296-image-process.cloudfunctions.net/process_imagex'"
2026-04-13T14:03:02.230568,gcp,concurrency_500,dataset/medium_1.jpg,medium,421,10.9655,,,,error,"500, message='Internal Server Error', url='https://us-central1-cs4296-image-process.cloudfunctions.net/process_imagex'"
2026-04-13T14:03:02.230572,gcp,concurrency_500,dataset/medium_1.jpg,medium,422,11.4595,,,,error,"500, message='Internal Server Error', url='https://us-central1-cs4296-image-process.cloudfunctions.net/process_imagex'"
2026-04-13T14:03:02.230576,gcp,concurrency_500,dataset/medium_1.jpg,medium,423,6.4454,2.6885,1694858,3089x2048,ok,
2026-04-13T14:03:02.230580,gcp,concurrency_500,dataset/medium_1.jpg,medium,424,8.9041,1.914,1694858,3089x2048,ok,
2026-04-13T14:03:02.230583,gcp,concurrency_500,dataset/medium_1.jpg,medium,425,7.1887,1.9103,1694858,3089x2048,ok,
2026-04-13T14:03:02.230586,gcp,concurrency_500,dataset/medium_1.jpg,medium,426,10.9422,,,,error,"500, message='Internal Server Error', url='https://us-central1-cs4296-image-process.cloudfunctions.net/process_imagex'"
2026-04-13T14:03:02.230590,gcp,concurrency_500,dataset/medium_1.jpg,medium,427,4.8113,2.1009,1694858,3089x2048,ok,
2026-04-13T14:03:02.230594,gcp,concurrency_500,dataset/medium_1.jpg,medium,428,10.9914,,,,error,"500, message='Internal Server Error', url='https://us-central1-cs4296-image-process.cloudfunctions.net/process_imagex'"
2026-04-13T14:03:02.230597,gcp,concurrency_500,dataset/medium_1.jpg,medium,429,9.047,2.6075,1694858,3089x2048,ok,
2026-04-13T14:03:02.230601,gcp,concurrency_500,dataset/medium_1.jpg,medium,430,10.9597,,,,error,"500, message='Internal Server Error', url='https://us-central1-cs4296-image-process.cloudfunctions.net/process_imagex'"
2026-04-13T14:03:02.230605,gcp,concurrency_500,dataset/medium_1.jpg,medium,431,11.8308,2.5912,1694858,3089x2048,ok,
2026-04-13T14:03:02.230608,gcp,concurrency_500,dataset/medium_1.jpg,medium,432,5.7209,0.6243,1694858,3089x2048,ok,
2026-04-13T14:03:02.230611,gcp,concurrency_500,dataset/medium_1.jpg,medium,433,11.4593,,,,error,"500, message='Internal Server Error', url='https://us-central1-cs4296-image-process.cloudfunctions.net/process_imagex'"
2026-04-13T14:03:02.230615,gcp,concurrency_500,dataset/medium_1.jpg,medium,434,10.9685,,,,error,"500, message='Internal Server Error', url='https://us-central1-cs4296-image-process.cloudfunctions.net/process_imagex'"
2026-04-13T14:03:02.230619,gcp,concurrency_500,dataset/medium_1.jpg,medium,435,10.9782,,,,error,"500, message='Internal Server Error', url='https://us-central1-cs4296-image-process.cloudfunctions.net/process_imagex'"
2026-04-13T14:03:02.230623,gcp,concurrency_500,dataset/medium_1.jpg,medium,436,4.216,3.2953,1694858,3089x2048,ok,
2026-04-13T14:03:02.230626,gcp,concurrency_500,dataset/medium_1.jpg,medium,437,9.6884,2.8937,1694858,3089x2048,ok,
2026-04-13T14:03:02.230629,gcp,concurrency_500,dataset/medium_1.jpg,medium,438,14.1056,2.4937,1694858,3089x2048,ok,
2026-04-13T14:03:02.230637,gcp,concurrency_500,dataset/medium_1.jpg,medium,439,10.9794,,,,error,"500, message='Internal Server Error', url='https://us-central1-cs4296-image-process.cloudfunctions.net/process_imagex'"
2026-04-13T14:03:02.230641,gcp,concurrency_500,dataset/medium_1.jpg,medium,440,6.459,3.0987,1694858,3089x2048,ok,
2026-04-13T14:03:02.230644,gcp,concurrency_500,dataset/medium_1.jpg,medium,441,2.6306,1.9101,1694858,3089x2048,ok,
2026-04-13T14:03:02.230648,gcp,concurrency_500,dataset/medium_1.jpg,medium,442,2.5895,1.8996,1694858,3089x2048,ok,
2026-04-13T14:03:02.230651,gcp,concurrency_500,dataset/medium_1.jpg,medium,443,10.9655,,,,error,"500, message='Internal Server Error', url='https://us-central1-cs4296-image-process.cloudfunctions.net/process_imagex'"
2026-04-13T14:03:02.230655,gcp,concurrency_500,dataset/medium_1.jpg,medium,444,10.9461,,,,error,"500, message='Internal Server Error', url='https://us-central1-cs4296-image-process.cloudfunctions.net/process_imagex'"
2026-04-13T14:03:02.230659,gcp,concurrency_500,dataset/medium_1.jpg,medium,445,10.9673,,,,error,"500, message='Internal Server Error', url='https://us-central1-cs4296-image-process.cloudfunctions.net/process_imagex'"
2026-04-13T14:03:02.230662,gcp,concurrency_500,dataset/medium_1.jpg,medium,446,10.9244,,,,error,"500, message='Internal Server Error', url='https://us-central1-cs4296-image-process.cloudfunctions.net/process_imagex'"
2026-04-13T14:03:02.230666,gcp,concurrency_500,dataset/medium_1.jpg,medium,447,7.4442,3.0683,1694858,3089x2048,ok,
2026-04-13T14:03:02.230670,gcp,concurrency_500,dataset/medium_1.jpg,medium,448,11.9024,2.4966,1694858,3089x2048,ok,
2026-04-13T14:03:02.230673,gcp,concurrency_500,dataset/medium_1.jpg,medium,449,10.9896,,,,error,"500, message='Internal Server Error', url='https://us-central1-cs4296-image-process.cloudfunctions.net/process_imagex'"
2026-04-13T14:03:02.230677,gcp,concurrency_500,dataset/medium_1.jpg,medium,450,10.9898,,,,error,"500, message='Internal Server Error', url='https://us-central1-cs4296-image-process.cloudfunctions.net/process_imagex'"
2026-04-13T14:03:02.230681,gcp,concurrency_500,dataset/medium_1.jpg,medium,451,10.9871,,,,error,"500, message='Internal Server Error', url='https://us-central1-cs4296-image-process.cloudfunctions.net/process_imagex'"
2026-04-13T14:03:02.230684,gcp,concurrency_500,dataset/medium_1.jpg,medium,452,11.4566,,,,error,"500, message='Internal Server Error', url='https://us-central1-cs4296-image-process.cloudfunctions.net/process_imagex'"
2026-04-13T14:03:02.230688,gcp,concurrency_500,dataset/medium_1.jpg,medium,453,11.4728,,,,error,"500, message='Internal Server Error', url='https://us-central1-cs4296-image-process.cloudfunctions.net/process_imagex'"
2026-04-13T14:03:02.230692,gcp,concurrency_500,dataset/medium_1.jpg,medium,454,3.5509,0.7472,1694858,3089x2048,ok,
2026-04-13T14:03:02.230696,gcp,concurrency_500,dataset/medium_1.jpg,medium,455,3.6997,2.7803,1694858,3089x2048,ok,
2026-04-13T14:03:02.230699,gcp,concurrency_500,dataset/medium_1.jpg,medium,456,10.9458,,,,error,"500, message='Internal Server Error', url='https://us-central1-cs4296-image-process.cloudfunctions.net/process_imagex'"
2026-04-13T14:03:02.230703,gcp,concurrency_500,dataset/medium_1.jpg,medium,457,10.9871,,,,error,"500, message='Internal Server Error', url='https://us-central1-cs4296-image-process.cloudfunctions.net/process_imagex'"
2026-04-13T14:03:02.230707,gcp,concurrency_500,dataset/medium_1.jpg,medium,458,3.4465,2.6009,1694858,3089x2048,ok,
2026-04-13T14:03:02.230710,gcp,concurrency_500,dataset/medium_1.jpg,medium,459,10.9909,,,,error,"500, message='Internal Server Error', url='https://us-central1-cs4296-image-process.cloudfunctions.net/process_imagex'"
2026-04-13T14:03:02.230714,gcp,concurrency_500,dataset/medium_1.jpg,medium,460,12.7506,2.6069,1694858,3089x2048,ok,
2026-04-13T14:03:02.230717,gcp,concurrency_500,dataset/medium_1.jpg,medium,461,8.7759,1.9851,1694858,3089x2048,ok,
2026-04-13T14:03:02.230720,gcp,concurrency_500,dataset/medium_1.jpg,medium,462,12.2047,2.5936,1694858,3089x2048,ok,
2026-04-13T14:03:02.230724,gcp,concurrency_500,dataset/medium_1.jpg,medium,463,11.4275,0.6149,1694858,3089x2048,ok,
2026-04-13T14:03:02.230727,gcp,concurrency_500,dataset/medium_1.jpg,medium,464,10.9229,,,,error,"500, message='Internal Server Error', url='https://us-central1-cs4296-image-process.cloudfunctions.net/process_imagex'"
2026-04-13T14:03:02.230731,gcp,concurrency_500,dataset/medium_1.jpg,medium,465,10.9657,,,,error,"500, message='Internal Server Error', url='https://us-central1-cs4296-image-process.cloudfunctions.net/process_imagex'"
2026-04-13T14:03:02.230735,gcp,concurrency_500,dataset/medium_1.jpg,medium,466,10.9414,,,,error,"500, message='Internal Server Error', url='https://us-central1-cs4296-image-process.cloudfunctions.net/process_imagex'"
2026-04-13T14:03:02.230739,gcp,concurrency_500,dataset/medium_1.jpg,medium,467,10.9456,,,,error,"500, message='Internal Server Error', url='https://us-central1-cs4296-image-process.cloudfunctions.net/process_imagex'"
2026-04-13T14:03:02.230742,gcp,concurrency_500,dataset/medium_1.jpg,medium,468,2.8864,2.2927,1694858,3089x2048,ok,
2026-04-13T14:03:02.230746,gcp,concurrency_500,dataset/medium_1.jpg,medium,469,10.9238,,,,error,"500, message='Internal Server Error', url='https://us-central1-cs4296-image-process.cloudfunctions.net/process_imagex'"
2026-04-13T14:03:02.230749,gcp,concurrency_500,dataset/medium_1.jpg,medium,470,11.4572,,,,error,"500, message='Internal Server Error', url='https://us-central1-cs4296-image-process.cloudfunctions.net/process_imagex'"
2026-04-13T14:03:02.230753,gcp,concurrency_500,dataset/medium_1.jpg,medium,471,10.9891,,,,error,"500, message='Internal Server Error', url='https://us-central1-cs4296-image-process.cloudfunctions.net/process_imagex'"
2026-04-13T14:03:02.230757,gcp,concurrency_500,dataset/medium_1.jpg,medium,472,10.965,,,,error,"500, message='Internal Server Error', url='https://us-central1-cs4296-image-process.cloudfunctions.net/process_imagex'"
2026-04-13T14:03:02.230761,gcp,concurrency_500,dataset/medium_1.jpg,medium,473,10.983,,,,error,"500, message='Internal Server Error', url='https://us-central1-cs4296-image-process.cloudfunctions.net/process_imagex'"
2026-04-13T14:03:02.230765,gcp,concurrency_500,dataset/medium_1.jpg,medium,474,10.9574,,,,error,"500, message='Internal Server Error', url='https://us-central1-cs4296-image-process.cloudfunctions.net/process_imagex'"
2026-04-13T14:03:02.230768,gcp,concurrency_500,dataset/medium_1.jpg,medium,475,10.9447,,,,error,"500, message='Internal Server Error', url='https://us-central1-cs4296-image-process.cloudfunctions.net/process_imagex'"
2026-04-13T14:03:02.230772,gcp,concurrency_500,dataset/medium_1.jpg,medium,476,3.9731,3.1019,1694858,3089x2048,ok,
2026-04-13T14:03:02.230775,gcp,concurrency_500,dataset/medium_1.jpg,medium,477,10.9784,,,,error,"500, message='Internal Server Error', url='https://us-central1-cs4296-image-process.cloudfunctions.net/process_imagex'"
2026-04-13T14:03:02.230779,gcp,concurrency_500,dataset/medium_1.jpg,medium,478,12.9711,2.5906,1694858,3089x2048,ok,
2026-04-13T14:03:02.230782,gcp,concurrency_500,dataset/medium_1.jpg,medium,479,13.0725,2.79,1694858,3089x2048,ok,
2026-04-13T14:03:02.230786,gcp,concurrency_500,dataset/medium_1.jpg,medium,480,3.5553,2.7015,1694858,3089x2048,ok,
2026-04-13T14:03:02.230789,gcp,concurrency_500,dataset/medium_1.jpg,medium,481,3.4778,2.7032,1694858,3089x2048,ok,
2026-04-13T14:03:02.230792,gcp,concurrency_500,dataset/medium_1.jpg,medium,482,11.916,2.4988,1694858,3089x2048,ok,
2026-04-13T14:03:02.230796,gcp,concurrency_500,dataset/medium_1.jpg,medium,483,8.5271,1.0108,1694858,3089x2048,ok,
2026-04-13T14:03:02.230799,gcp,concurrency_500,dataset/medium_1.jpg,medium,484,10.9858,,,,error,"500, message='Internal Server Error', url='https://us-central1-cs4296-image-process.cloudfunctions.net/process_imagex'"
2026-04-13T14:03:02.230802,gcp,concurrency_500,dataset/medium_1.jpg,medium,485,11.5318,,,,error,"500, message='Internal Server Error', url='https://us-central1-cs4296-image-process.cloudfunctions.net/process_imagex'"
2026-04-13T14:03:02.230814,gcp,concurrency_500,dataset/medium_1.jpg,medium,486,11.1082,1.9162,1694858,3089x2048,ok,
2026-04-13T14:03:02.230818,gcp,concurrency_500,dataset/medium_1.jpg,medium,487,10.9882,,,,error,"500, message='Internal Server Error', url='https://us-central1-cs4296-image-process.cloudfunctions.net/process_imagex'"
2026-04-13T14:03:02.230822,gcp,concurrency_500,dataset/medium_1.jpg,medium,488,10.9899,,,,error,"500, message='Internal Server Error', url='https://us-central1-cs4296-image-process.cloudfunctions.net/process_imagex'"
2026-04-13T14:03:02.230825,gcp,concurrency_500,dataset/medium_1.jpg,medium,489,10.988,,,,error,"500, message='Internal Server Error', url='https://us-central1-cs4296-image-process.cloudfunctions.net/process_imagex'"
2026-04-13T14:03:02.230829,gcp,concurrency_500,dataset/medium_1.jpg,medium,490,11.4561,,,,error,"500, message='Internal Server Error', url='https://us-central1-cs4296-image-process.cloudfunctions.net/process_imagex'"
2026-04-13T14:03:02.230833,gcp,concurrency_500,dataset/medium_1.jpg,medium,491,9.3097,2.6927,1694858,3089x2048,ok,
2026-04-13T14:03:02.230836,gcp,concurrency_500,dataset/medium_1.jpg,medium,492,6.6452,2.6966,1694858,3089x2048,ok,
2026-04-13T14:03:02.230840,gcp,concurrency_500,dataset/medium_1.jpg,medium,493,10.9806,,,,error,"500, message='Internal Server Error', url='https://us-central1-cs4296-image-process.cloudfunctions.net/process_imagex'"
2026-04-13T14:03:02.230843,gcp,concurrency_500,dataset/medium_1.jpg,medium,494,11.4721,,,,error,"500, message='Internal Server Error', url='https://us-central1-cs4296-image-process.cloudfunctions.net/process_imagex'"
2026-04-13T14:03:02.230847,gcp,concurrency_500,dataset/medium_1.jpg,medium,495,10.9851,,,,error,"500, message='Internal Server Error', url='https://us-central1-cs4296-image-process.cloudfunctions.net/process_imagex'"
2026-04-13T14:03:02.230851,gcp,concurrency_500,dataset/medium_1.jpg,medium,496,13.0456,2.4973,1694858,3089x2048,ok,
2026-04-13T14:03:02.230854,gcp,concurrency_500,dataset/medium_1.jpg,medium,497,10.978,,,,error,"500, message='Internal Server Error', url='https://us-central1-cs4296-image-process.cloudfunctions.net/process_imagex'"
2026-04-13T14:03:02.230858,gcp,concurrency_500,dataset/medium_1.jpg,medium,498,7.87,0.7005,1694858,3089x2048,ok,
2026-04-13T14:03:02.230861,gcp,concurrency_500,dataset/medium_1.jpg,medium,499,11.4573,,,,error,"500, message='Internal Server Error', url='https://us-central1-cs4296-image-process.cloudfunctions.net/process_imagex'"
2026-04-13T14:03:02.230865,gcp,concurrency_500,dataset/medium_1.jpg,medium,500,8.8665,1.9109,1694858,3089x2048,ok,
2026-04-13T14:03:14.322131,gcp,concurrency_50,dataset/large_1.jpg,large,1,11.6697,10.5771,6594243,5616x3744,ok,
2026-04-13T14:03:14.322175,gcp,concurrency_50,dataset/large_1.jpg,large,2,10.9102,9.7918,6594243,5616x3744,ok,
2026-04-13T14:03:14.322189,gcp,concurrency_50,dataset/large_1.jpg,large,3,10.6652,9.6181,6594243,5616x3744,ok,
2026-04-13T14:03:14.322199,gcp,concurrency_50,dataset/large_1.jpg,large,4,11.8854,10.7787,6594243,5616x3744,ok,
2026-04-13T14:03:14.322209,gcp,concurrency_50,dataset/large_1.jpg,large,5,10.1446,9.2054,6594243,5616x3744,ok,
2026-04-13T14:03:14.322219,gcp,concurrency_50,dataset/large_1.jpg,large,6,10.535,9.5005,6594243,5616x3744,ok,
2026-04-13T14:03:14.322229,gcp,concurrency_50,dataset/large_1.jpg,large,7,7.8878,7.0096,6594243,5616x3744,ok,
2026-04-13T14:03:14.322238,gcp,concurrency_50,dataset/large_1.jpg,large,8,11.0256,9.9923,6594243,5616x3744,ok,
2026-04-13T14:03:14.322248,gcp,concurrency_50,dataset/large_1.jpg,large,9,11.5493,10.4894,6594243,5616x3744,ok,
2026-04-13T14:03:14.322257,gcp,concurrency_50,dataset/large_1.jpg,large,10,9.6813,8.7954,6594243,5616x3744,ok,
2026-04-13T14:03:14.322266,gcp,concurrency_50,dataset/large_1.jpg,large,11,7.3577,6.6114,6594243,5616x3744,ok,
2026-04-13T14:03:14.322275,gcp,concurrency_50,dataset/large_1.jpg,large,12,7.6537,6.7229,6594243,5616x3744,ok,
2026-04-13T14:03:14.322285,gcp,concurrency_50,dataset/large_1.jpg,large,13,7.5167,6.6992,6594243,5616x3744,ok,
2026-04-13T14:03:14.322293,gcp,concurrency_50,dataset/large_1.jpg,large,14,10.2485,9.2965,6594243,5616x3744,ok,
2026-04-13T14:03:14.322302,gcp,concurrency_50,dataset/large_1.jpg,large,15,10.4236,9.4983,6594243,5616x3744,ok,
2026-04-13T14:03:14.322311,gcp,concurrency_50,dataset/large_1.jpg,large,16,10.851,9.9001,6594243,5616x3744,ok,
2026-04-13T14:03:14.322321,gcp,concurrency_50,dataset/large_1.jpg,large,17,11.4536,10.4983,6594243,5616x3744,ok,
2026-04-13T14:03:14.322330,gcp,concurrency_50,dataset/large_1.jpg,large,18,10.0026,9.1139,6594243,5616x3744,ok,
2026-04-13T14:03:14.322339,gcp,concurrency_50,dataset/large_1.jpg,large,19,10.4254,9.4233,6594243,5616x3744,ok,
2026-04-13T14:03:14.322347,gcp,concurrency_50,dataset/large_1.jpg,large,20,11.8483,10.8064,6594243,5616x3744,ok,
2026-04-13T14:03:14.322357,gcp,concurrency_50,dataset/large_1.jpg,large,21,12.0568,10.8982,6594243,5616x3744,ok,
2026-04-13T14:03:14.322365,gcp,concurrency_50,dataset/large_1.jpg,large,22,7.7994,6.8981,6594243,5616x3744,ok,
2026-04-13T14:03:14.322374,gcp,concurrency_50,dataset/large_1.jpg,large,23,11.1592,10.2044,6594243,5616x3744,ok,
2026-04-13T14:03:14.322383,gcp,concurrency_50,dataset/large_1.jpg,large,24,10.8024,9.801,6594243,5616x3744,ok,
2026-04-13T14:03:14.322392,gcp,concurrency_50,dataset/large_1.jpg,large,25,10.2739,9.3164,6594243,5616x3744,ok,
2026-04-13T14:03:14.322401,gcp,concurrency_50,dataset/large_1.jpg,large,26,11.2818,10.0066,6594243,5616x3744,ok,
2026-04-13T14:03:14.322410,gcp,concurrency_50,dataset/large_1.jpg,large,27,10.0785,9.1041,6594243,5616x3744,ok,
2026-04-13T14:03:14.322419,gcp,concurrency_50,dataset/large_1.jpg,large,28,10.5612,9.6153,6594243,5616x3744,ok,
2026-04-13T14:03:14.322427,gcp,concurrency_50,dataset/large_1.jpg,large,29,11.8448,10.607,6594243,5616x3744,ok,
2026-04-13T14:03:14.322436,gcp,concurrency_50,dataset/large_1.jpg,large,30,10.7095,9.7876,6594243,5616x3744,ok,
2026-04-13T14:03:14.322445,gcp,concurrency_50,dataset/large_1.jpg,large,31,11.9293,10.7203,6594243,5616x3744,ok,
2026-04-13T14:03:14.322454,gcp,concurrency_50,dataset/large_1.jpg,large,32,10.6523,9.6208,6594243,5616x3744,ok,
2026-04-13T14:03:14.322463,gcp,concurrency_50,dataset/large_1.jpg,large,33,7.4722,6.7139,6594243,5616x3744,ok,
2026-04-13T14:03:14.322472,gcp,concurrency_50,dataset/large_1.jpg,large,34,11.1514,10.1001,6594243,5616x3744,ok,
2026-04-13T14:03:14.322481,gcp,concurrency_50,dataset/large_1.jpg,large,35,10.2701,9.3072,6594243,5616x3744,ok,
2026-04-13T14:03:14.322490,gcp,concurrency_50,dataset/large_1.jpg,large,36,9.7259,8.8949,6594243,5616x3744,ok,
2026-04-13T14:03:14.322499,gcp,concurrency_50,dataset/large_1.jpg,large,37,7.5138,6.7105,6594243,5616x3744,ok,
2026-04-13T14:03:14.322508,gcp,concurrency_50,dataset/large_1.jpg,large,38,7.8972,7.1187,6594243,5616x3744,ok,
2026-04-13T14:03:14.322517,gcp,concurrency_50,dataset/large_1.jpg,large,39,7.5259,6.7243,6594243,5616x3744,ok,
2026-04-13T14:03:14.322525,gcp,concurrency_50,dataset/large_1.jpg,large,40,10.2628,9.29,6594243,5616x3744,ok,
2026-04-13T14:03:14.322535,gcp,concurrency_50,dataset/large_1.jpg,large,41,8.1648,7.2907,6594243,5616x3744,ok,
2026-04-13T14:03:14.322544,gcp,concurrency_50,dataset/large_1.jpg,large,42,10.9935,9.7855,6594243,5616x3744,ok,
2026-04-13T14:03:14.322553,gcp,concurrency_50,dataset/large_1.jpg,large,43,10.0743,9.105,6594243,5616x3744,ok,
2026-04-13T14:03:14.322562,gcp,concurrency_50,dataset/large_1.jpg,large,44,9.8479,8.9117,6594243,5616x3744,ok,
2026-04-13T14:03:14.322570,gcp,concurrency_50,dataset/large_1.jpg,large,45,7.8061,6.9202,6594243,5616x3744,ok,
2026-04-13T14:03:14.322579,gcp,concurrency_50,dataset/large_1.jpg,large,46,8.0634,7.1829,6594243,5616x3744,ok,
2026-04-13T14:03:14.322588,gcp,concurrency_50,dataset/large_1.jpg,large,47,9.6965,8.8139,6594243,5616x3744,ok,
2026-04-13T14:03:14.322597,gcp,concurrency_50,dataset/large_1.jpg,large,48,12.0713,10.8177,6594243,5616x3744,ok,
2026-04-13T14:03:14.323491,gcp,concurrency_50,dataset/large_1.jpg,large,49,10.7011,9.722,6594243,5616x3744,ok,
2026-04-13T14:03:14.323507,gcp,concurrency_50,dataset/large_1.jpg,large,50,9.6836,8.8081,6594243,5616x3744,ok,
2026-04-13T14:03:33.118710,gcp,concurrency_100,dataset/large_1.jpg,large,1,10.996,,,,error,"500, message='Internal Server Error', url='https://us-central1-cs4296-image-process.cloudfunctions.net/process_imagex'"
2026-04-13T14:03:33.118797,gcp,concurrency_100,dataset/large_1.jpg,large,2,11.2477,10.1897,6594243,5616x3744,ok,
2026-04-13T14:03:33.118811,gcp,concurrency_100,dataset/large_1.jpg,large,3,7.7322,6.8995,6594243,5616x3744,ok,
2026-04-13T14:03:33.118819,gcp,concurrency_100,dataset/large_1.jpg,large,4,11.6911,10.5887,6594243,5616x3744,ok,
2026-04-13T14:03:33.118827,gcp,concurrency_100,dataset/large_1.jpg,large,5,11.063,9.9249,6594243,5616x3744,ok,
2026-04-13T14:03:33.118835,gcp,concurrency_100,dataset/large_1.jpg,large,6,12.039,10.7776,6594243,5616x3744,ok,
2026-04-13T14:03:33.118843,gcp,concurrency_100,dataset/large_1.jpg,large,7,10.9955,,,,error,"500, message='Internal Server Error', url='https://us-central1-cs4296-image-process.cloudfunctions.net/process_imagex'"
2026-04-13T14:03:33.118852,gcp,concurrency_100,dataset/large_1.jpg,large,8,11.7768,10.7098,6594243,5616x3744,ok,
2026-04-13T14:03:33.118859,gcp,concurrency_100,dataset/large_1.jpg,large,9,10.9831,9.9133,6594243,5616x3744,ok,
2026-04-13T14:03:33.118866,gcp,concurrency_100,dataset/large_1.jpg,large,10,12.7078,2.5388,6594243,5616x3744,ok,
2026-04-13T14:03:33.118874,gcp,concurrency_100,dataset/large_1.jpg,large,11,10.5615,,,,error,"500, message='Internal Server Error', url='https://us-central1-cs4296-image-process.cloudfunctions.net/process_imagex'"
2026-04-13T14:03:33.118882,gcp,concurrency_100,dataset/large_1.jpg,large,12,9.8828,8.9975,6594243,5616x3744,ok,
2026-04-13T14:03:33.118889,gcp,concurrency_100,dataset/large_1.jpg,large,13,11.1586,10.2177,6594243,5616x3744,ok,
2026-04-13T14:03:33.118897,gcp,concurrency_100,dataset/large_1.jpg,large,14,10.3909,9.5164,6594243,5616x3744,ok,
2026-04-13T14:03:33.118904,gcp,concurrency_100,dataset/large_1.jpg,large,15,7.6538,6.7949,6594243,5616x3744,ok,
2026-04-13T14:03:33.118911,gcp,concurrency_100,dataset/large_1.jpg,large,16,11.8616,10.6954,6594243,5616x3744,ok,
2026-04-13T14:03:33.118918,gcp,concurrency_100,dataset/large_1.jpg,large,17,10.5608,,,,error,"500, message='Internal Server Error', url='https://us-central1-cs4296-image-process.cloudfunctions.net/process_imagex'"
2026-04-13T14:03:33.118926,gcp,concurrency_100,dataset/large_1.jpg,large,18,10.5611,,,,error,"500, message='Internal Server Error', url='https://us-central1-cs4296-image-process.cloudfunctions.net/process_imagex'"
2026-04-13T14:03:33.118935,gcp,concurrency_100,dataset/large_1.jpg,large,19,14.3347,6.405,6594243,5616x3744,ok,
2026-04-13T14:03:33.118942,gcp,concurrency_100,dataset/large_1.jpg,large,20,10.8362,,,,error,"500, message='Internal Server Error', url='https://us-central1-cs4296-image-process.cloudfunctions.net/process_imagex'"
2026-04-13T14:03:33.118950,gcp,concurrency_100,dataset/large_1.jpg,large,21,7.5272,6.6839,6594243,5616x3744,ok,
2026-04-13T14:03:33.118957,gcp,concurrency_100,dataset/large_1.jpg,large,22,10.3152,9.3025,6594243,5616x3744,ok,
2026-04-13T14:03:33.118964,gcp,concurrency_100,dataset/large_1.jpg,large,23,10.8273,9.8015,6594243,5616x3744,ok,
2026-04-13T14:03:33.118971,gcp,concurrency_100,dataset/large_1.jpg,large,24,10.9942,,,,error,"500, message='Internal Server Error', url='https://us-central1-cs4296-image-process.cloudfunctions.net/process_imagex'"
2026-04-13T14:03:33.118979,gcp,concurrency_100,dataset/large_1.jpg,large,25,10.836,,,,error,"500, message='Internal Server Error', url='https://us-central1-cs4296-image-process.cloudfunctions.net/process_imagex'"
2026-04-13T14:03:33.118992,gcp,concurrency_100,dataset/large_1.jpg,large,26,10.3934,9.5101,6594243,5616x3744,ok,
2026-04-13T14:03:33.119000,gcp,concurrency_100,dataset/large_1.jpg,large,27,10.8166,,,,error,"500, message='Internal Server Error', url='https://us-central1-cs4296-image-process.cloudfunctions.net/process_imagex'"
2026-04-13T14:03:33.119009,gcp,concurrency_100,dataset/large_1.jpg,large,28,10.4948,,,,error,"500, message='Internal Server Error', url='https://us-central1-cs4296-image-process.cloudfunctions.net/process_imagex'"
2026-04-13T14:03:33.119017,gcp,concurrency_100,dataset/large_1.jpg,large,29,12.717,2.6109,6594243,5616x3744,ok,
2026-04-13T14:03:33.119024,gcp,concurrency_100,dataset/large_1.jpg,large,30,10.5109,,,,error,"500, message='Internal Server Error', url='https://us-central1-cs4296-image-process.cloudfunctions.net/process_imagex'"
2026-04-13T14:03:33.119033,gcp,concurrency_100,dataset/large_1.jpg,large,31,9.9047,8.9074,6594243,5616x3744,ok,
2026-04-13T14:03:33.119040,gcp,concurrency_100,dataset/large_1.jpg,large,32,10.991,,,,error,"500, message='Internal Server Error', url='https://us-central1-cs4296-image-process.cloudfunctions.net/process_imagex'"
2026-04-13T14:03:33.119048,gcp,concurrency_100,dataset/large_1.jpg,large,33,8.0273,7.2059,6594243,5616x3744,ok,
2026-04-13T14:03:33.119055,gcp,concurrency_100,dataset/large_1.jpg,large,34,10.9936,,,,error,"500, message='Internal Server Error', url='https://us-central1-cs4296-image-process.cloudfunctions.net/process_imagex'"
2026-04-13T14:03:33.119064,gcp,concurrency_100,dataset/large_1.jpg,large,35,10.7225,9.7004,6594243,5616x3744,ok,
2026-04-13T14:03:33.119071,gcp,concurrency_100,dataset/large_1.jpg,large,36,10.5598,,,,error,"500, message='Internal Server Error', url='https://us-central1-cs4296-image-process.cloudfunctions.net/process_imagex'"
2026-04-13T14:03:33.119079,gcp,concurrency_100,dataset/large_1.jpg,large,37,12.7478,2.5809,6594243,5616x3744,ok,
2026-04-13T14:03:33.119086,gcp,concurrency_100,dataset/large_1.jpg,large,38,10.9937,,,,error,"500, message='Internal Server Error', url='https://us-central1-cs4296-image-process.cloudfunctions.net/process_imagex'"
2026-04-13T14:03:33.119095,gcp,concurrency_100,dataset/large_1.jpg,large,39,8.3952,7.5943,6594243,5616x3744,ok,
2026-04-13T14:03:33.119102,gcp,concurrency_100,dataset/large_1.jpg,large,40,10.494,,,,error,"500, message='Internal Server Error', url='https://us-central1-cs4296-image-process.cloudfunctions.net/process_imagex'"
2026-04-13T14:03:33.119110,gcp,concurrency_100,dataset/large_1.jpg,large,41,10.4933,,,,error,"500, message='Internal Server Error', url='https://us-central1-cs4296-image-process.cloudfunctions.net/process_imagex'"
2026-04-13T14:03:33.119118,gcp,concurrency_100,dataset/large_1.jpg,large,42,10.5099,,,,error,"500, message='Internal Server Error', url='https://us-central1-cs4296-image-process.cloudfunctions.net/process_imagex'"
2026-04-13T14:03:33.119127,gcp,concurrency_100,dataset/large_1.jpg,large,43,10.5598,,,,error,"500, message='Internal Server Error', url='https://us-central1-cs4296-image-process.cloudfunctions.net/process_imagex'"
2026-04-13T14:03:33.119135,gcp,concurrency_100,dataset/large_1.jpg,large,44,10.8341,,,,error,"500, message='Internal Server Error', url='https://us-central1-cs4296-image-process.cloudfunctions.net/process_imagex'"
2026-04-13T14:03:33.119143,gcp,concurrency_100,dataset/large_1.jpg,large,45,10.9733,,,,error,"500, message='Internal Server Error', url='https://us-central1-cs4296-image-process.cloudfunctions.net/process_imagex'"
2026-04-13T14:03:33.119151,gcp,concurrency_100,dataset/large_1.jpg,large,46,10.9934,,,,error,"500, message='Internal Server Error', url='https://us-central1-cs4296-image-process.cloudfunctions.net/process_imagex'"
2026-04-13T14:03:33.119156,gcp,concurrency_100,dataset/large_1.jpg,large,47,10.4938,,,,error,"500, message='Internal Server Error', url='https://us-central1-cs4296-image-process.cloudfunctions.net/process_imagex'"
2026-04-13T14:03:33.119160,gcp,concurrency_100,dataset/large_1.jpg,large,48,9.9902,9.0981,6594243,5616x3744,ok,
2026-04-13T14:03:33.119164,gcp,concurrency_100,dataset/large_1.jpg,large,49,10.8344,,,,error,"500, message='Internal Server Error', url='https://us-central1-cs4296-image-process.cloudfunctions.net/process_imagex'"
2026-04-13T14:03:33.119363,gcp,concurrency_100,dataset/large_1.jpg,large,50,10.9186,9.8986,6594243,5616x3744,ok,
2026-04-13T14:03:33.119370,gcp,concurrency_100,dataset/large_1.jpg,large,51,10.7436,9.9044,6594243,5616x3744,ok,
2026-04-13T14:03:33.119374,gcp,concurrency_100,dataset/large_1.jpg,large,52,10.9728,,,,error,"500, message='Internal Server Error', url='https://us-central1-cs4296-image-process.cloudfunctions.net/process_imagex'"
2026-04-13T14:03:33.119379,gcp,concurrency_100,dataset/large_1.jpg,large,53,10.835,,,,error,"500, message='Internal Server Error', url='https://us-central1-cs4296-image-process.cloudfunctions.net/process_imagex'"
2026-04-13T14:03:33.119383,gcp,concurrency_100,dataset/large_1.jpg,large,54,18.7642,8.3021,6594243,5616x3744,ok,
2026-04-13T14:03:33.119388,gcp,concurrency_100,dataset/large_1.jpg,large,55,11.028,10.1102,6594243,5616x3744,ok,
2026-04-13T14:03:33.119391,gcp,concurrency_100,dataset/large_1.jpg,large,56,14.9529,6.906,6594243,5616x3744,ok,
2026-04-13T14:03:33.119395,gcp,concurrency_100,dataset/large_1.jpg,large,57,9.8484,8.9011,6594243,5616x3744,ok,
2026-04-13T14:03:33.119399,gcp,concurrency_100,dataset/large_1.jpg,large,58,10.8155,,,,error,"500, message='Internal Server Error', url='https://us-central1-cs4296-image-process.cloudfunctions.net/process_imagex'"
2026-04-13T14:03:33.119403,gcp,concurrency_100,dataset/large_1.jpg,large,59,10.5587,,,,error,"500, message='Internal Server Error', url='https://us-central1-cs4296-image-process.cloudfunctions.net/process_imagex'"
2026-04-13T14:03:33.119408,gcp,concurrency_100,dataset/large_1.jpg,large,60,10.209,9.3929,6594243,5616x3744,ok,
2026-04-13T14:03:33.119412,gcp,concurrency_100,dataset/large_1.jpg,large,61,10.9923,,,,error,"500, message='Internal Server Error', url='https://us-central1-cs4296-image-process.cloudfunctions.net/process_imagex'"
2026-04-13T14:03:33.119416,gcp,concurrency_100,dataset/large_1.jpg,large,62,10.5587,,,,error,"500, message='Internal Server Error', url='https://us-central1-cs4296-image-process.cloudfunctions.net/process_imagex'"
2026-04-13T14:03:33.119421,gcp,concurrency_100,dataset/large_1.jpg,large,63,11.3785,10.2844,6594243,5616x3744,ok,
2026-04-13T14:03:33.119425,gcp,concurrency_100,dataset/large_1.jpg,large,64,11.9574,10.7953,6594243,5616x3744,ok,
2026-04-13T14:03:33.119429,gcp,concurrency_100,dataset/large_1.jpg,large,65,10.205,9.2094,6594243,5616x3744,ok,
2026-04-13T14:03:33.119432,gcp,concurrency_100,dataset/large_1.jpg,large,66,8.2889,7.4836,6594243,5616x3744,ok,
2026-04-13T14:03:33.119436,gcp,concurrency_100,dataset/large_1.jpg,large,67,10.3394,9.4006,6594243,5616x3744,ok,
2026-04-13T14:03:33.119440,gcp,concurrency_100,dataset/large_1.jpg,large,68,11.7852,10.7888,6594243,5616x3744,ok,
2026-04-13T14:03:33.119443,gcp,concurrency_100,dataset/large_1.jpg,large,69,10.5585,,,,error,"500, message='Internal Server Error', url='https://us-central1-cs4296-image-process.cloudfunctions.net/process_imagex'"
2026-04-13T14:03:33.119448,gcp,concurrency_100,dataset/large_1.jpg,large,70,10.5624,2.6582,6594243,5616x3744,ok,
2026-04-13T14:03:33.119451,gcp,concurrency_100,dataset/large_1.jpg,large,71,10.9579,10.1056,6594243,5616x3744,ok,
2026-04-13T14:03:33.119455,gcp,concurrency_100,dataset/large_1.jpg,large,72,10.9922,,,,error,"500, message='Internal Server Error', url='https://us-central1-cs4296-image-process.cloudfunctions.net/process_imagex'"
2026-04-13T14:03:33.119459,gcp,concurrency_100,dataset/large_1.jpg,large,73,10.5586,,,,error,"500, message='Internal Server Error', url='https://us-central1-cs4296-image-process.cloudfunctions.net/process_imagex'"
2026-04-13T14:03:33.119464,gcp,concurrency_100,dataset/large_1.jpg,large,74,12.2647,11.1124,6594243,5616x3744,ok,
2026-04-13T14:03:33.119468,gcp,concurrency_100,dataset/large_1.jpg,large,75,8.4741,7.6116,6594243,5616x3744,ok,
2026-04-13T14:03:33.119472,gcp,concurrency_100,dataset/large_1.jpg,large,76,10.5584,,,,error,"500, message='Internal Server Error', url='https://us-central1-cs4296-image-process.cloudfunctions.net/process_imagex'"
2026-04-13T14:03:33.119476,gcp,concurrency_100,dataset/large_1.jpg,large,77,11.8113,10.6992,6594243,5616x3744,ok,
2026-04-13T14:03:33.119480,gcp,concurrency_100,dataset/large_1.jpg,large,78,10.5579,,,,error,"500, message='Internal Server Error', url='https://us-central1-cs4296-image-process.cloudfunctions.net/process_imagex'"
2026-04-13T14:03:33.119484,gcp,concurrency_100,dataset/large_1.jpg,large,79,9.9446,9.103,6594243,5616x3744,ok,
2026-04-13T14:03:33.119488,gcp,concurrency_100,dataset/large_1.jpg,large,80,12.4795,11.3106,6594243,5616x3744,ok,
2026-04-13T14:03:33.119492,gcp,concurrency_100,dataset/large_1.jpg,large,81,10.9884,,,,error,"500, message='Internal Server Error', url='https://us-central1-cs4296-image-process.cloudfunctions.net/process_imagex'"
2026-04-13T14:03:33.119496,gcp,concurrency_100,dataset/large_1.jpg,large,82,10.765,9.8003,6594243,5616x3744,ok,
2026-04-13T14:03:33.119500,gcp,concurrency_100,dataset/large_1.jpg,large,83,7.877,7.0247,6594243,5616x3744,ok,
2026-04-13T14:03:33.119503,gcp,concurrency_100,dataset/large_1.jpg,large,84,11.1904,10.0803,6594243,5616x3744,ok,
2026-04-13T14:03:33.119507,gcp,concurrency_100,dataset/large_1.jpg,large,85,10.9918,,,,error,"500, message='Internal Server Error', url='https://us-central1-cs4296-image-process.cloudfunctions.net/process_imagex'"
2026-04-13T14:03:33.119512,gcp,concurrency_100,dataset/large_1.jpg,large,86,12.0403,10.9986,6594243,5616x3744,ok,
2026-04-13T14:03:33.119515,gcp,concurrency_100,dataset/large_1.jpg,large,87,12.7703,2.5386,6594243,5616x3744,ok,
2026-04-13T14:03:33.119519,gcp,concurrency_100,dataset/large_1.jpg,large,88,10.5579,,,,error,"500, message='Internal Server Error', url='https://us-central1-cs4296-image-process.cloudfunctions.net/process_imagex'"
2026-04-13T14:03:33.119523,gcp,concurrency_100,dataset/large_1.jpg,large,89,10.8381,9.9853,6594243,5616x3744,ok,
2026-04-13T14:03:33.119527,gcp,concurrency_100,dataset/large_1.jpg,large,90,10.9143,9.8269,6594243,5616x3744,ok,
2026-04-13T14:03:33.119531,gcp,concurrency_100,dataset/large_1.jpg,large,91,10.4917,,,,error,"500, message='Internal Server Error', url='https://us-central1-cs4296-image-process.cloudfunctions.net/process_imagex'"
2026-04-13T14:03:33.119535,gcp,concurrency_100,dataset/large_1.jpg,large,92,8.1124,7.3101,6594243,5616x3744,ok,
2026-04-13T14:03:33.119539,gcp,concurrency_100,dataset/large_1.jpg,large,93,10.1652,9.2796,6594243,5616x3744,ok,
2026-04-13T14:03:33.119543,gcp,concurrency_100,dataset/large_1.jpg,large,94,7.5418,6.8035,6594243,5616x3744,ok,
2026-04-13T14:03:33.119546,gcp,concurrency_100,dataset/large_1.jpg,large,95,8.6765,7.8014,6594243,5616x3744,ok,
2026-04-13T14:03:33.119550,gcp,concurrency_100,dataset/large_1.jpg,large,96,10.9908,,,,error,"500, message='Internal Server Error', url='https://us-central1-cs4296-image-process.cloudfunctions.net/process_imagex'"
2026-04-13T14:03:33.119554,gcp,concurrency_100,dataset/large_1.jpg,large,97,11.4816,10.5037,6594243,5616x3744,ok,
2026-04-13T14:03:33.119558,gcp,concurrency_100,dataset/large_1.jpg,large,98,10.6455,9.7185,6594243,5616x3744,ok,
2026-04-13T14:03:33.119562,gcp,concurrency_100,dataset/large_1.jpg,large,99,10.9895,,,,error,"500, message='Internal Server Error', url='https://us-central1-cs4296-image-process.cloudfunctions.net/process_imagex'"
2026-04-13T14:03:33.119566,gcp,concurrency_100,dataset/large_1.jpg,large,100,10.991,,,,error,"500, message='Internal Server Error', url='https://us-central1-cs4296-image-process.cloudfunctions.net/process_imagex'"
2026-04-13T14:03:54.772232,gcp,concurrency_500,dataset/large_1.jpg,large,1,11.0687,,,,error,"500, message='Internal Server Error', url='https://us-central1-cs4296-image-process.cloudfunctions.net/process_imagex'"
2026-04-13T14:03:54.772255,gcp,concurrency_500,dataset/large_1.jpg,large,2,15.8913,7.3881,6594243,5616x3744,ok,
2026-04-13T14:03:54.772261,gcp,concurrency_500,dataset/large_1.jpg,large,3,16.616,3.4355,6594243,5616x3744,ok,
2026-04-13T14:03:54.772546,gcp,concurrency_500,dataset/large_1.jpg,large,4,11.0667,,,,error,"500, message='Internal Server Error', url='https://us-central1-cs4296-image-process.cloudfunctions.net/process_imagex'"
2026-04-13T14:03:54.772556,gcp,concurrency_500,dataset/large_1.jpg,large,5,11.8805,,,,error,"500, message='Internal Server Error', url='https://us-central1-cs4296-image-process.cloudfunctions.net/process_imagex'"
2026-04-13T14:03:54.772561,gcp,concurrency_500,dataset/large_1.jpg,large,6,11.5678,,,,error,"500, message='Internal Server Error', url='https://us-central1-cs4296-image-process.cloudfunctions.net/process_imagex'"
2026-04-13T14:03:54.772565,gcp,concurrency_500,dataset/large_1.jpg,large,7,11.8594,,,,error,"500, message='Internal Server Error', url='https://us-central1-cs4296-image-process.cloudfunctions.net/process_imagex'"
2026-04-13T14:03:54.772569,gcp,concurrency_500,dataset/large_1.jpg,large,8,11.0359,,,,error,"500, message='Internal Server Error', url='https://us-central1-cs4296-image-process.cloudfunctions.net/process_imagex'"
2026-04-13T14:03:54.772574,gcp,concurrency_500,dataset/large_1.jpg,large,9,11.565,,,,error,"500, message='Internal Server Error', url='https://us-central1-cs4296-image-process.cloudfunctions.net/process_imagex'"
2026-04-13T14:03:54.772578,gcp,concurrency_500,dataset/large_1.jpg,large,10,11.069,,,,error,"500, message='Internal Server Error', url='https://us-central1-cs4296-image-process.cloudfunctions.net/process_imagex'"
2026-04-13T14:03:54.772582,gcp,concurrency_500,dataset/large_1.jpg,large,11,11.0688,,,,error,"500, message='Internal Server Error', url='https://us-central1-cs4296-image-process.cloudfunctions.net/process_imagex'"
2026-04-13T14:03:54.772586,gcp,concurrency_500,dataset/large_1.jpg,large,12,11.0683,,,,error,"500, message='Internal Server Error', url='https://us-central1-cs4296-image-process.cloudfunctions.net/process_imagex'"
2026-04-13T14:03:54.772591,gcp,concurrency_500,dataset/large_1.jpg,large,13,11.586,,,,error,"500, message='Internal Server Error', url='https://us-central1-cs4296-image-process.cloudfunctions.net/process_imagex'"
2026-04-13T14:03:54.772595,gcp,concurrency_500,dataset/large_1.jpg,large,14,11.0603,,,,error,"500, message='Internal Server Error', url='https://us-central1-cs4296-image-process.cloudfunctions.net/process_imagex'"
2026-04-13T14:03:54.772599,gcp,concurrency_500,dataset/large_1.jpg,large,15,11.8593,,,,error,"500, message='Internal Server Error', url='https://us-central1-cs4296-image-process.cloudfunctions.net/process_imagex'"
2026-04-13T14:03:54.772603,gcp,concurrency_500,dataset/large_1.jpg,large,16,11.5681,,,,error,"500, message='Internal Server Error', url='https://us-central1-cs4296-image-process.cloudfunctions.net/process_imagex'"
2026-04-13T14:03:54.772607,gcp,concurrency_500,dataset/large_1.jpg,large,17,11.0432,,,,error,"500, message='Internal Server Error', url='https://us-central1-cs4296-image-process.cloudfunctions.net/process_imagex'"
2026-04-13T14:03:54.772611,gcp,concurrency_500,dataset/large_1.jpg,large,18,19.5431,2.7283,6594243,5616x3744,ok,
2026-04-13T14:03:54.772615,gcp,concurrency_500,dataset/large_1.jpg,large,19,12.4194,11.1025,6594243,5616x3744,ok,
2026-04-13T14:03:54.772619,gcp,concurrency_500,dataset/large_1.jpg,large,20,11.723,3.2754,6594243,5616x3744,ok,
2026-04-13T14:03:54.772623,gcp,concurrency_500,dataset/large_1.jpg,large,21,18.2074,6.839,6594243,5616x3744,ok,
2026-04-13T14:03:54.772626,gcp,concurrency_500,dataset/large_1.jpg,large,22,11.0587,,,,error,"500, message='Internal Server Error', url='https://us-central1-cs4296-image-process.cloudfunctions.net/process_imagex'"
2026-04-13T14:03:54.772630,gcp,concurrency_500,dataset/large_1.jpg,large,23,11.0588,,,,error,"500, message='Internal Server Error', url='https://us-central1-cs4296-image-process.cloudfunctions.net/process_imagex'"
2026-04-13T14:03:54.772635,gcp,concurrency_500,dataset/large_1.jpg,large,24,11.0443,,,,error,"500, message='Internal Server Error', url='https://us-central1-cs4296-image-process.cloudfunctions.net/process_imagex'"
2026-04-13T14:03:54.772640,gcp,concurrency_500,dataset/large_1.jpg,large,25,11.8799,,,,error,"500, message='Internal Server Error', url='https://us-central1-cs4296-image-process.cloudfunctions.net/process_imagex'"
2026-04-13T14:03:54.772645,gcp,concurrency_500,dataset/large_1.jpg,large,26,11.0442,,,,error,"500, message='Internal Server Error', url='https://us-central1-cs4296-image-process.cloudfunctions.net/process_imagex'"
2026-04-13T14:03:54.772649,gcp,concurrency_500,dataset/large_1.jpg,large,27,11.5853,,,,error,"500, message='Internal Server Error', url='https://us-central1-cs4296-image-process.cloudfunctions.net/process_imagex'"
2026-04-13T14:03:54.772653,gcp,concurrency_500,dataset/large_1.jpg,large,28,11.067,,,,error,"500, message='Internal Server Error', url='https://us-central1-cs4296-image-process.cloudfunctions.net/process_imagex'"
2026-04-13T14:03:54.772657,gcp,concurrency_500,dataset/large_1.jpg,large,29,10.8724,,,,error,"500, message='Internal Server Error', url='https://us-central1-cs4296-image-process.cloudfunctions.net/process_imagex'"
2026-04-13T14:03:54.772661,gcp,concurrency_500,dataset/large_1.jpg,large,30,11.5863,,,,error,"500, message='Internal Server Error', url='https://us-central1-cs4296-image-process.cloudfunctions.net/process_imagex'"
2026-04-13T14:03:54.772665,gcp,concurrency_500,dataset/large_1.jpg,large,31,8.2994,2.8758,6594243,5616x3744,ok,
2026-04-13T14:03:54.772669,gcp,concurrency_500,dataset/large_1.jpg,large,32,15.0546,6.61,6594243,5616x3744,ok,
2026-04-13T14:03:54.772672,gcp,concurrency_500,dataset/large_1.jpg,large,33,11.0535,,,,error,"500, message='Internal Server Error', url='https://us-central1-cs4296-image-process.cloudfunctions.net/process_imagex'"
2026-04-13T14:03:54.772676,gcp,concurrency_500,dataset/large_1.jpg,large,34,11.8746,,,,error,"500, message='Internal Server Error', url='https://us-central1-cs4296-image-process.cloudfunctions.net/process_imagex'"
2026-04-13T14:03:54.772680,gcp,concurrency_500,dataset/large_1.jpg,large,35,11.0422,,,,error,"500, message='Internal Server Error', url='https://us-central1-cs4296-image-process.cloudfunctions.net/process_imagex'"
2026-04-13T14:03:54.772684,gcp,concurrency_500,dataset/large_1.jpg,large,36,4.6696,2.4773,6594243,5616x3744,ok,
2026-04-13T14:03:54.772688,gcp,concurrency_500,dataset/large_1.jpg,large,37,11.069,,,,error,"500, message='Internal Server Error', url='https://us-central1-cs4296-image-process.cloudfunctions.net/process_imagex'"
2026-04-13T14:03:54.772692,gcp,concurrency_500,dataset/large_1.jpg,large,38,11.0441,,,,error,"500, message='Internal Server Error', url='https://us-central1-cs4296-image-process.cloudfunctions.net/process_imagex'"
2026-04-13T14:03:54.772695,gcp,concurrency_500,dataset/large_1.jpg,large,39,11.0438,,,,error,"500, message='Internal Server Error', url='https://us-central1-cs4296-image-process.cloudfunctions.net/process_imagex'"
2026-04-13T14:03:54.772699,gcp,concurrency_500,dataset/large_1.jpg,large,40,11.8583,,,,error,"500, message='Internal Server Error', url='https://us-central1-cs4296-image-process.cloudfunctions.net/process_imagex'"
2026-04-13T14:03:54.772703,gcp,concurrency_500,dataset/large_1.jpg,large,41,11.0414,,,,error,"500, message='Internal Server Error', url='https://us-central1-cs4296-image-process.cloudfunctions.net/process_imagex'"
2026-04-13T14:03:54.772707,gcp,concurrency_500,dataset/large_1.jpg,large,42,11.068,,,,error,"500, message='Internal Server Error', url='https://us-central1-cs4296-image-process.cloudfunctions.net/process_imagex'"
2026-04-13T14:03:54.772711,gcp,concurrency_500,dataset/large_1.jpg,large,43,4.5347,2.3549,6594243,5616x3744,ok,
2026-04-13T14:03:54.772714,gcp,concurrency_500,dataset/large_1.jpg,large,44,10.8715,,,,error,"500, message='Internal Server Error', url='https://us-central1-cs4296-image-process.cloudfunctions.net/process_imagex'"
2026-04-13T14:03:54.772718,gcp,concurrency_500,dataset/large_1.jpg,large,45,10.8689,,,,error,"500, message='Internal Server Error', url='https://us-central1-cs4296-image-process.cloudfunctions.net/process_imagex'"
2026-04-13T14:03:54.772735,gcp,concurrency_500,dataset/large_1.jpg,large,46,11.0663,,,,error,"500, message='Internal Server Error', url='https://us-central1-cs4296-image-process.cloudfunctions.net/process_imagex'"
2026-04-13T14:03:54.772739,gcp,concurrency_500,dataset/large_1.jpg,large,47,10.8741,,,,error,"500, message='Internal Server Error', url='https://us-central1-cs4296-image-process.cloudfunctions.net/process_imagex'"
2026-04-13T14:03:54.772743,gcp,concurrency_500,dataset/large_1.jpg,large,48,11.5639,,,,error,"500, message='Internal Server Error', url='https://us-central1-cs4296-image-process.cloudfunctions.net/process_imagex'"
2026-04-13T14:03:54.772749,gcp,concurrency_500,dataset/large_1.jpg,large,49,11.5638,,,,error,"500, message='Internal Server Error', url='https://us-central1-cs4296-image-process.cloudfunctions.net/process_imagex'"
2026-04-13T14:03:54.772753,gcp,concurrency_500,dataset/large_1.jpg,large,50,11.0417,,,,error,"500, message='Internal Server Error', url='https://us-central1-cs4296-image-process.cloudfunctions.net/process_imagex'"
2026-04-13T14:03:54.772757,gcp,concurrency_500,dataset/large_1.jpg,large,51,10.8519,,,,error,"500, message='Internal Server Error', url='https://us-central1-cs4296-image-process.cloudfunctions.net/process_imagex'"
2026-04-13T14:03:54.772760,gcp,concurrency_500,dataset/large_1.jpg,large,52,11.5847,,,,error,"500, message='Internal Server Error', url='https://us-central1-cs4296-image-process.cloudfunctions.net/process_imagex'"
2026-04-13T14:03:54.772764,gcp,concurrency_500,dataset/large_1.jpg,large,53,11.8541,,,,error,"500, message='Internal Server Error', url='https://us-central1-cs4296-image-process.cloudfunctions.net/process_imagex'"
2026-04-13T14:03:54.772768,gcp,concurrency_500,dataset/large_1.jpg,large,54,11.0666,,,,error,"500, message='Internal Server Error', url='https://us-central1-cs4296-image-process.cloudfunctions.net/process_imagex'"
2026-04-13T14:03:54.772772,gcp,concurrency_500,dataset/large_1.jpg,large,55,11.5662,,,,error,"500, message='Internal Server Error', url='https://us-central1-cs4296-image-process.cloudfunctions.net/process_imagex'"
2026-04-13T14:03:54.772776,gcp,concurrency_500,dataset/large_1.jpg,large,56,11.5828,,,,error,"500, message='Internal Server Error', url='https://us-central1-cs4296-image-process.cloudfunctions.net/process_imagex'"
2026-04-13T14:03:54.772779,gcp,concurrency_500,dataset/large_1.jpg,large,57,11.0684,,,,error,"500, message='Internal Server Error', url='https://us-central1-cs4296-image-process.cloudfunctions.net/process_imagex'"
2026-04-13T14:03:54.772783,gcp,concurrency_500,dataset/large_1.jpg,large,58,11.5844,,,,error,"500, message='Internal Server Error', url='https://us-central1-cs4296-image-process.cloudfunctions.net/process_imagex'"
2026-04-13T14:03:54.772787,gcp,concurrency_500,dataset/large_1.jpg,large,59,11.8777,,,,error,"500, message='Internal Server Error', url='https://us-central1-cs4296-image-process.cloudfunctions.net/process_imagex'"
2026-04-13T14:03:54.772791,gcp,concurrency_500,dataset/large_1.jpg,large,60,11.0425,,,,error,"500, message='Internal Server Error', url='https://us-central1-cs4296-image-process.cloudfunctions.net/process_imagex'"
2026-04-13T14:03:54.772795,gcp,concurrency_500,dataset/large_1.jpg,large,61,11.0576,,,,error,"500, message='Internal Server Error', url='https://us-central1-cs4296-image-process.cloudfunctions.net/process_imagex'"
2026-04-13T14:03:54.772798,gcp,concurrency_500,dataset/large_1.jpg,large,62,11.0592,,,,error,"500, message='Internal Server Error', url='https://us-central1-cs4296-image-process.cloudfunctions.net/process_imagex'"
2026-04-13T14:03:54.772802,gcp,concurrency_500,dataset/large_1.jpg,large,63,11.5824,,,,error,"500, message='Internal Server Error', url='https://us-central1-cs4296-image-process.cloudfunctions.net/process_imagex'"
2026-04-13T14:03:54.772806,gcp,concurrency_500,dataset/large_1.jpg,large,64,10.8706,,,,error,"500, message='Internal Server Error', url='https://us-central1-cs4296-image-process.cloudfunctions.net/process_imagex'"
2026-04-13T14:03:54.772810,gcp,concurrency_500,dataset/large_1.jpg,large,65,11.5659,,,,error,"500, message='Internal Server Error', url='https://us-central1-cs4296-image-process.cloudfunctions.net/process_imagex'"
2026-04-13T14:03:54.772814,gcp,concurrency_500,dataset/large_1.jpg,large,66,11.8735,,,,error,"500, message='Internal Server Error', url='https://us-central1-cs4296-image-process.cloudfunctions.net/process_imagex'"
2026-04-13T14:03:54.772818,gcp,concurrency_500,dataset/large_1.jpg,large,67,11.0669,,,,error,"500, message='Internal Server Error', url='https://us-central1-cs4296-image-process.cloudfunctions.net/process_imagex'"
2026-04-13T14:03:54.772821,gcp,concurrency_500,dataset/large_1.jpg,large,68,10.8702,,,,error,"500, message='Internal Server Error', url='https://us-central1-cs4296-image-process.cloudfunctions.net/process_imagex'"
2026-04-13T14:03:54.772825,gcp,concurrency_500,dataset/large_1.jpg,large,69,10.8742,,,,error,"500, message='Internal Server Error', url='https://us-central1-cs4296-image-process.cloudfunctions.net/process_imagex'"
2026-04-13T14:03:54.772829,gcp,concurrency_500,dataset/large_1.jpg,large,70,11.8569,,,,error,"500, message='Internal Server Error', url='https://us-central1-cs4296-image-process.cloudfunctions.net/process_imagex'"
2026-04-13T14:03:54.772832,gcp,concurrency_500,dataset/large_1.jpg,large,71,19.3609,9.1903,6594243,5616x3744,ok,
2026-04-13T14:03:54.772836,gcp,concurrency_500,dataset/large_1.jpg,large,72,11.037,,,,error,"500, message='Internal Server Error', url='https://us-central1-cs4296-image-process.cloudfunctions.net/process_imagex'"
2026-04-13T14:03:54.772840,gcp,concurrency_500,dataset/large_1.jpg,large,73,11.0676,,,,error,"500, message='Internal Server Error', url='https://us-central1-cs4296-image-process.cloudfunctions.net/process_imagex'"
2026-04-13T14:03:54.772843,gcp,concurrency_500,dataset/large_1.jpg,large,74,11.0367,,,,error,"500, message='Internal Server Error', url='https://us-central1-cs4296-image-process.cloudfunctions.net/process_imagex'"
2026-04-13T14:03:54.772847,gcp,concurrency_500,dataset/large_1.jpg,large,75,11.5841,,,,error,"500, message='Internal Server Error', url='https://us-central1-cs4296-image-process.cloudfunctions.net/process_imagex'"
2026-04-13T14:03:54.772851,gcp,concurrency_500,dataset/large_1.jpg,large,76,11.5812,,,,error,"500, message='Internal Server Error', url='https://us-central1-cs4296-image-process.cloudfunctions.net/process_imagex'"
2026-04-13T14:03:54.772854,gcp,concurrency_500,dataset/large_1.jpg,large,77,11.5657,,,,error,"500, message='Internal Server Error', url='https://us-central1-cs4296-image-process.cloudfunctions.net/process_imagex'"
2026-04-13T14:03:54.772859,gcp,concurrency_500,dataset/large_1.jpg,large,78,10.8704,,,,error,"500, message='Internal Server Error', url='https://us-central1-cs4296-image-process.cloudfunctions.net/process_imagex'"
2026-04-13T14:03:54.772862,gcp,concurrency_500,dataset/large_1.jpg,large,79,11.0417,,,,error,"500, message='Internal Server Error', url='https://us-central1-cs4296-image-process.cloudfunctions.net/process_imagex'"
2026-04-13T14:03:54.772866,gcp,concurrency_500,dataset/large_1.jpg,large,80,15.5974,7.2923,6594243,5616x3744,ok,
2026-04-13T14:03:54.772869,gcp,concurrency_500,dataset/large_1.jpg,large,81,11.8725,,,,error,"500, message='Internal Server Error', url='https://us-central1-cs4296-image-process.cloudfunctions.net/process_imagex'"
2026-04-13T14:03:54.772873,gcp,concurrency_500,dataset/large_1.jpg,large,82,11.0366,,,,error,"500, message='Internal Server Error', url='https://us-central1-cs4296-image-process.cloudfunctions.net/process_imagex'"
2026-04-13T14:03:54.772877,gcp,concurrency_500,dataset/large_1.jpg,large,83,11.0692,,,,error,"500, message='Internal Server Error', url='https://us-central1-cs4296-image-process.cloudfunctions.net/process_imagex'"
2026-04-13T14:03:54.772881,gcp,concurrency_500,dataset/large_1.jpg,large,84,11.8568,,,,error,"500, message='Internal Server Error', url='https://us-central1-cs4296-image-process.cloudfunctions.net/process_imagex'"
2026-04-13T14:03:54.772895,gcp,concurrency_500,dataset/large_1.jpg,large,85,12.8484,2.5019,6594243,5616x3744,ok,
2026-04-13T14:03:54.772899,gcp,concurrency_500,dataset/large_1.jpg,large,86,11.0566,,,,error,"500, message='Internal Server Error', url='https://us-central1-cs4296-image-process.cloudfunctions.net/process_imagex'"
2026-04-13T14:03:54.772903,gcp,concurrency_500,dataset/large_1.jpg,large,87,11.8734,,,,error,"500, message='Internal Server Error', url='https://us-central1-cs4296-image-process.cloudfunctions.net/process_imagex'"
2026-04-13T14:03:54.772907,gcp,concurrency_500,dataset/large_1.jpg,large,88,11.8764,,,,error,"500, message='Internal Server Error', url='https://us-central1-cs4296-image-process.cloudfunctions.net/process_imagex'"
2026-04-13T14:03:54.772910,gcp,concurrency_500,dataset/large_1.jpg,large,89,11.0565,,,,error,"500, message='Internal Server Error', url='https://us-central1-cs4296-image-process.cloudfunctions.net/process_imagex'"
2026-04-13T14:03:54.772914,gcp,concurrency_500,dataset/large_1.jpg,large,90,11.8574,,,,error,"500, message='Internal Server Error', url='https://us-central1-cs4296-image-process.cloudfunctions.net/process_imagex'"
2026-04-13T14:03:54.772918,gcp,concurrency_500,dataset/large_1.jpg,large,91,11.0664,,,,error,"500, message='Internal Server Error', url='https://us-central1-cs4296-image-process.cloudfunctions.net/process_imagex'"
2026-04-13T14:03:54.772921,gcp,concurrency_500,dataset/large_1.jpg,large,92,11.8723,,,,error,"500, message='Internal Server Error', url='https://us-central1-cs4296-image-process.cloudfunctions.net/process_imagex'"
2026-04-13T14:03:54.772925,gcp,concurrency_500,dataset/large_1.jpg,large,93,10.8505,,,,error,"500, message='Internal Server Error', url='https://us-central1-cs4296-image-process.cloudfunctions.net/process_imagex'"
2026-04-13T14:03:54.772929,gcp,concurrency_500,dataset/large_1.jpg,large,94,11.8721,,,,error,"500, message='Internal Server Error', url='https://us-central1-cs4296-image-process.cloudfunctions.net/process_imagex'"
2026-04-13T14:03:54.772933,gcp,concurrency_500,dataset/large_1.jpg,large,95,11.5837,,,,error,"500, message='Internal Server Error', url='https://us-central1-cs4296-image-process.cloudfunctions.net/process_imagex'"
2026-04-13T14:03:54.772936,gcp,concurrency_500,dataset/large_1.jpg,large,96,11.8573,,,,error,"500, message='Internal Server Error', url='https://us-central1-cs4296-image-process.cloudfunctions.net/process_imagex'"
2026-04-13T14:03:54.772940,gcp,concurrency_500,dataset/large_1.jpg,large,97,7.5248,2.9185,6594243,5616x3744,ok,
2026-04-13T14:03:54.772943,gcp,concurrency_500,dataset/large_1.jpg,large,98,11.0411,,,,error,"500, message='Internal Server Error', url='https://us-central1-cs4296-image-process.cloudfunctions.net/process_imagex'"
2026-04-13T14:03:54.772948,gcp,concurrency_500,dataset/large_1.jpg,large,99,11.8775,,,,error,"500, message='Internal Server Error', url='https://us-central1-cs4296-image-process.cloudfunctions.net/process_imagex'"
2026-04-13T14:03:54.772952,gcp,concurrency_500,dataset/large_1.jpg,large,100,11.8562,,,,error,"500, message='Internal Server Error', url='https://us-central1-cs4296-image-process.cloudfunctions.net/process_imagex'"
2026-04-13T14:03:54.772956,gcp,concurrency_500,dataset/large_1.jpg,large,101,11.0419,,,,error,"500, message='Internal Server Error', url='https://us-central1-cs4296-image-process.cloudfunctions.net/process_imagex'"
2026-04-13T14:03:54.772960,gcp,concurrency_500,dataset/large_1.jpg,large,102,11.0345,,,,error,"500, message='Internal Server Error', url='https://us-central1-cs4296-image-process.cloudfunctions.net/process_imagex'"
2026-04-13T14:03:54.772963,gcp,concurrency_500,dataset/large_1.jpg,large,103,11.8764,,,,error,"500, message='Internal Server Error', url='https://us-central1-cs4296-image-process.cloudfunctions.net/process_imagex'"
2026-04-13T14:03:54.772967,gcp,concurrency_500,dataset/large_1.jpg,large,104,11.0362,,,,error,"500, message='Internal Server Error', url='https://us-central1-cs4296-image-process.cloudfunctions.net/process_imagex'"
2026-04-13T14:03:54.772971,gcp,concurrency_500,dataset/large_1.jpg,large,105,11.5592,,,,error,"500, message='Internal Server Error', url='https://us-central1-cs4296-image-process.cloudfunctions.net/process_imagex'"
2026-04-13T14:03:54.772974,gcp,concurrency_500,dataset/large_1.jpg,large,106,11.8778,,,,error,"500, message='Internal Server Error', url='https://us-central1-cs4296-image-process.cloudfunctions.net/process_imagex'"
2026-04-13T14:03:54.772978,gcp,concurrency_500,dataset/large_1.jpg,large,107,11.0657,,,,error,"500, message='Internal Server Error', url='https://us-central1-cs4296-image-process.cloudfunctions.net/process_imagex'"
2026-04-13T14:03:54.772982,gcp,concurrency_500,dataset/large_1.jpg,large,108,11.0398,,,,error,"500, message='Internal Server Error', url='https://us-central1-cs4296-image-process.cloudfunctions.net/process_imagex'"
2026-04-13T14:03:54.772985,gcp,concurrency_500,dataset/large_1.jpg,large,109,11.8718,,,,error,"500, message='Internal Server Error', url='https://us-central1-cs4296-image-process.cloudfunctions.net/process_imagex'"
2026-04-13T14:03:54.772989,gcp,concurrency_500,dataset/large_1.jpg,large,110,11.0564,,,,error,"500, message='Internal Server Error', url='https://us-central1-cs4296-image-process.cloudfunctions.net/process_imagex'"
2026-04-13T14:03:54.772993,gcp,concurrency_500,dataset/large_1.jpg,large,111,11.0558,,,,error,"500, message='Internal Server Error', url='https://us-central1-cs4296-image-process.cloudfunctions.net/process_imagex'"
2026-04-13T14:03:54.772997,gcp,concurrency_500,dataset/large_1.jpg,large,112,11.5609,,,,error,"500, message='Internal Server Error', url='https://us-central1-cs4296-image-process.cloudfunctions.net/process_imagex'"
2026-04-13T14:03:54.773000,gcp,concurrency_500,dataset/large_1.jpg,large,113,11.5809,,,,error,"500, message='Internal Server Error', url='https://us-central1-cs4296-image-process.cloudfunctions.net/process_imagex'"
2026-04-13T14:03:54.773004,gcp,concurrency_500,dataset/large_1.jpg,large,114,11.5802,,,,error,"500, message='Internal Server Error', url='https://us-central1-cs4296-image-process.cloudfunctions.net/process_imagex'"
2026-04-13T14:03:54.773008,gcp,concurrency_500,dataset/large_1.jpg,large,115,5.2046,2.8191,6594243,5616x3744,ok,
2026-04-13T14:03:54.773011,gcp,concurrency_500,dataset/large_1.jpg,large,116,11.0349,,,,error,"500, message='Internal Server Error', url='https://us-central1-cs4296-image-process.cloudfunctions.net/process_imagex'"
2026-04-13T14:03:54.773015,gcp,concurrency_500,dataset/large_1.jpg,large,117,11.5608,,,,error,"500, message='Internal Server Error', url='https://us-central1-cs4296-image-process.cloudfunctions.net/process_imagex'"
2026-04-13T14:03:54.773019,gcp,concurrency_500,dataset/large_1.jpg,large,118,11.5607,,,,error,"500, message='Internal Server Error', url='https://us-central1-cs4296-image-process.cloudfunctions.net/process_imagex'"
2026-04-13T14:03:54.773022,gcp,concurrency_500,dataset/large_1.jpg,large,119,11.56,,,,error,"500, message='Internal Server Error', url='https://us-central1-cs4296-image-process.cloudfunctions.net/process_imagex'"
2026-04-13T14:03:54.773026,gcp,concurrency_500,dataset/large_1.jpg,large,120,11.5823,,,,error,"500, message='Internal Server Error', url='https://us-central1-cs4296-image-process.cloudfunctions.net/process_imagex'"
2026-04-13T14:03:54.773030,gcp,concurrency_500,dataset/large_1.jpg,large,121,11.5629,,,,error,"500, message='Internal Server Error', url='https://us-central1-cs4296-image-process.cloudfunctions.net/process_imagex'"
2026-04-13T14:03:54.773033,gcp,concurrency_500,dataset/large_1.jpg,large,122,11.038,,,,error,"500, message='Internal Server Error', url='https://us-central1-cs4296-image-process.cloudfunctions.net/process_imagex'"
2026-04-13T14:03:54.773037,gcp,concurrency_500,dataset/large_1.jpg,large,123,11.0635,,,,error,"500, message='Internal Server Error', url='https://us-central1-cs4296-image-process.cloudfunctions.net/process_imagex'"
2026-04-13T14:03:54.773047,gcp,concurrency_500,dataset/large_1.jpg,large,124,11.0646,,,,error,"500, message='Internal Server Error', url='https://us-central1-cs4296-image-process.cloudfunctions.net/process_imagex'"
2026-04-13T14:03:54.773051,gcp,concurrency_500,dataset/large_1.jpg,large,125,10.8688,,,,error,"500, message='Internal Server Error', url='https://us-central1-cs4296-image-process.cloudfunctions.net/process_imagex'"
2026-04-13T14:03:54.773055,gcp,concurrency_500,dataset/large_1.jpg,large,126,11.0382,,,,error,"500, message='Internal Server Error', url='https://us-central1-cs4296-image-process.cloudfunctions.net/process_imagex'"
2026-04-13T14:03:54.773059,gcp,concurrency_500,dataset/large_1.jpg,large,127,11.8757,,,,error,"500, message='Internal Server Error', url='https://us-central1-cs4296-image-process.cloudfunctions.net/process_imagex'"
2026-04-13T14:03:54.773062,gcp,concurrency_500,dataset/large_1.jpg,large,128,11.8767,,,,error,"500, message='Internal Server Error', url='https://us-central1-cs4296-image-process.cloudfunctions.net/process_imagex'"
2026-04-13T14:03:54.773066,gcp,concurrency_500,dataset/large_1.jpg,large,129,10.868,,,,error,"500, message='Internal Server Error', url='https://us-central1-cs4296-image-process.cloudfunctions.net/process_imagex'"
2026-04-13T14:03:54.773070,gcp,concurrency_500,dataset/large_1.jpg,large,130,11.5793,,,,error,"500, message='Internal Server Error', url='https://us-central1-cs4296-image-process.cloudfunctions.net/process_imagex'"
2026-04-13T14:03:54.773074,gcp,concurrency_500,dataset/large_1.jpg,large,131,10.8486,,,,error,"500, message='Internal Server Error', url='https://us-central1-cs4296-image-process.cloudfunctions.net/process_imagex'"
2026-04-13T14:03:54.773078,gcp,concurrency_500,dataset/large_1.jpg,large,132,11.0411,,,,error,"500, message='Internal Server Error', url='https://us-central1-cs4296-image-process.cloudfunctions.net/process_imagex'"
2026-04-13T14:03:54.773081,gcp,concurrency_500,dataset/large_1.jpg,large,133,10.8489,,,,error,"500, message='Internal Server Error', url='https://us-central1-cs4296-image-process.cloudfunctions.net/process_imagex'"
2026-04-13T14:03:54.773085,gcp,concurrency_500,dataset/large_1.jpg,large,134,11.031,,,,error,"500, message='Internal Server Error', url='https://us-central1-cs4296-image-process.cloudfunctions.net/process_imagex'"
2026-04-13T14:03:54.773089,gcp,concurrency_500,dataset/large_1.jpg,large,135,11.87,,,,error,"500, message='Internal Server Error', url='https://us-central1-cs4296-image-process.cloudfunctions.net/process_imagex'"
2026-04-13T14:03:54.773092,gcp,concurrency_500,dataset/large_1.jpg,large,136,11.0392,,,,error,"500, message='Internal Server Error', url='https://us-central1-cs4296-image-process.cloudfunctions.net/process_imagex'"
2026-04-13T14:03:54.773096,gcp,concurrency_500,dataset/large_1.jpg,large,137,11.0625,,,,error,"500, message='Internal Server Error', url='https://us-central1-cs4296-image-process.cloudfunctions.net/process_imagex'"
2026-04-13T14:03:54.773100,gcp,concurrency_500,dataset/large_1.jpg,large,138,11.5814,,,,error,"500, message='Internal Server Error', url='https://us-central1-cs4296-image-process.cloudfunctions.net/process_imagex'"
2026-04-13T14:03:54.773104,gcp,concurrency_500,dataset/large_1.jpg,large,139,11.5625,,,,error,"500, message='Internal Server Error', url='https://us-central1-cs4296-image-process.cloudfunctions.net/process_imagex'"
2026-04-13T14:03:54.773108,gcp,concurrency_500,dataset/large_1.jpg,large,140,10.9606,2.8541,6594243,5616x3744,ok,
2026-04-13T14:03:54.773111,gcp,concurrency_500,dataset/large_1.jpg,large,141,12.9052,2.5891,6594243,5616x3744,ok,
2026-04-13T14:03:54.773114,gcp,concurrency_500,dataset/large_1.jpg,large,142,13.8923,3.209,6594243,5616x3744,ok,
2026-04-13T14:03:54.773117,gcp,concurrency_500,dataset/large_1.jpg,large,143,17.1564,2.4196,6594243,5616x3744,ok,
2026-04-13T14:03:54.773121,gcp,concurrency_500,dataset/large_1.jpg,large,144,7.3451,2.7398,6594243,5616x3744,ok,
2026-04-13T14:03:54.773124,gcp,concurrency_500,dataset/large_1.jpg,large,145,11.8495,,,,error,"500, message='Internal Server Error', url='https://us-central1-cs4296-image-process.cloudfunctions.net/process_imagex'"
2026-04-13T14:03:54.773128,gcp,concurrency_500,dataset/large_1.jpg,large,146,10.8477,,,,error,"500, message='Internal Server Error', url='https://us-central1-cs4296-image-process.cloudfunctions.net/process_imagex'"
2026-04-13T14:03:54.773131,gcp,concurrency_500,dataset/large_1.jpg,large,147,11.0403,,,,error,"500, message='Internal Server Error', url='https://us-central1-cs4296-image-process.cloudfunctions.net/process_imagex'"
2026-04-13T14:03:54.773135,gcp,concurrency_500,dataset/large_1.jpg,large,148,11.5797,,,,error,"500, message='Internal Server Error', url='https://us-central1-cs4296-image-process.cloudfunctions.net/process_imagex'"
2026-04-13T14:03:54.773139,gcp,concurrency_500,dataset/large_1.jpg,large,149,15.4468,7.012,6594243,5616x3744,ok,
2026-04-13T14:03:54.773142,gcp,concurrency_500,dataset/large_1.jpg,large,150,11.8537,,,,error,"500, message='Internal Server Error', url='https://us-central1-cs4296-image-process.cloudfunctions.net/process_imagex'"
2026-04-13T14:03:54.773146,gcp,concurrency_500,dataset/large_1.jpg,large,151,11.0619,,,,error,"500, message='Internal Server Error', url='https://us-central1-cs4296-image-process.cloudfunctions.net/process_imagex'"
2026-04-13T14:03:54.773150,gcp,concurrency_500,dataset/large_1.jpg,large,152,11.5624,,,,error,"500, message='Internal Server Error', url='https://us-central1-cs4296-image-process.cloudfunctions.net/process_imagex'"
2026-04-13T14:03:54.773153,gcp,concurrency_500,dataset/large_1.jpg,large,153,11.0625,,,,error,"500, message='Internal Server Error', url='https://us-central1-cs4296-image-process.cloudfunctions.net/process_imagex'"
2026-04-13T14:03:54.773157,gcp,concurrency_500,dataset/large_1.jpg,large,154,11.0613,,,,error,"500, message='Internal Server Error', url='https://us-central1-cs4296-image-process.cloudfunctions.net/process_imagex'"
2026-04-13T14:03:54.773161,gcp,concurrency_500,dataset/large_1.jpg,large,155,11.0655,,,,error,"500, message='Internal Server Error', url='https://us-central1-cs4296-image-process.cloudfunctions.net/process_imagex'"
2026-04-13T14:03:54.773164,gcp,concurrency_500,dataset/large_1.jpg,large,156,10.8481,,,,error,"500, message='Internal Server Error', url='https://us-central1-cs4296-image-process.cloudfunctions.net/process_imagex'"
2026-04-13T14:03:54.773168,gcp,concurrency_500,dataset/large_1.jpg,large,157,11.5806,,,,error,"500, message='Internal Server Error', url='https://us-central1-cs4296-image-process.cloudfunctions.net/process_imagex'"
2026-04-13T14:03:54.773172,gcp,concurrency_500,dataset/large_1.jpg,large,158,11.0622,,,,error,"500, message='Internal Server Error', url='https://us-central1-cs4296-image-process.cloudfunctions.net/process_imagex'"
2026-04-13T14:03:54.773176,gcp,concurrency_500,dataset/large_1.jpg,large,159,11.5811,,,,error,"500, message='Internal Server Error', url='https://us-central1-cs4296-image-process.cloudfunctions.net/process_imagex'"
2026-04-13T14:03:54.773179,gcp,concurrency_500,dataset/large_1.jpg,large,160,11.0654,,,,error,"500, message='Internal Server Error', url='https://us-central1-cs4296-image-process.cloudfunctions.net/process_imagex'"
2026-04-13T14:03:54.773183,gcp,concurrency_500,dataset/large_1.jpg,large,161,11.0332,,,,error,"500, message='Internal Server Error', url='https://us-central1-cs4296-image-process.cloudfunctions.net/process_imagex'"
2026-04-13T14:03:54.773187,gcp,concurrency_500,dataset/large_1.jpg,large,162,10.8679,,,,error,"500, message='Internal Server Error', url='https://us-central1-cs4296-image-process.cloudfunctions.net/process_imagex'"
2026-04-13T14:03:54.773190,gcp,concurrency_500,dataset/large_1.jpg,large,163,11.0379,,,,error,"500, message='Internal Server Error', url='https://us-central1-cs4296-image-process.cloudfunctions.net/process_imagex'"
2026-04-13T14:03:54.773199,gcp,concurrency_500,dataset/large_1.jpg,large,164,16.1536,3.1299,6594243,5616x3744,ok,
2026-04-13T14:03:54.773203,gcp,concurrency_500,dataset/large_1.jpg,large,165,11.055,,,,error,"500, message='Internal Server Error', url='https://us-central1-cs4296-image-process.cloudfunctions.net/process_imagex'"
2026-04-13T14:03:54.773207,gcp,concurrency_500,dataset/large_1.jpg,large,166,11.8693,,,,error,"500, message='Internal Server Error', url='https://us-central1-cs4296-image-process.cloudfunctions.net/process_imagex'"
2026-04-13T14:03:54.773210,gcp,concurrency_500,dataset/large_1.jpg,large,167,11.8531,,,,error,"500, message='Internal Server Error', url='https://us-central1-cs4296-image-process.cloudfunctions.net/process_imagex'"
2026-04-13T14:03:54.773214,gcp,concurrency_500,dataset/large_1.jpg,large,168,11.0363,,,,error,"500, message='Internal Server Error', url='https://us-central1-cs4296-image-process.cloudfunctions.net/process_imagex'"
2026-04-13T14:03:54.773217,gcp,concurrency_500,dataset/large_1.jpg,large,169,11.061,,,,error,"500, message='Internal Server Error', url='https://us-central1-cs4296-image-process.cloudfunctions.net/process_imagex'"
2026-04-13T14:03:54.773221,gcp,concurrency_500,dataset/large_1.jpg,large,170,11.0372,,,,error,"500, message='Internal Server Error', url='https://us-central1-cs4296-image-process.cloudfunctions.net/process_imagex'"
2026-04-13T14:03:54.773225,gcp,concurrency_500,dataset/large_1.jpg,large,171,9.5091,2.3621,6594243,5616x3744,ok,
2026-04-13T14:03:54.773228,gcp,concurrency_500,dataset/large_1.jpg,large,172,11.5802,,,,error,"500, message='Internal Server Error', url='https://us-central1-cs4296-image-process.cloudfunctions.net/process_imagex'"
2026-04-13T14:03:54.773232,gcp,concurrency_500,dataset/large_1.jpg,large,173,11.5789,,,,error,"500, message='Internal Server Error', url='https://us-central1-cs4296-image-process.cloudfunctions.net/process_imagex'"
2026-04-13T14:03:54.773236,gcp,concurrency_500,dataset/large_1.jpg,large,174,11.0362,,,,error,"500, message='Internal Server Error', url='https://us-central1-cs4296-image-process.cloudfunctions.net/process_imagex'"
2026-04-13T14:03:54.773239,gcp,concurrency_500,dataset/large_1.jpg,large,175,11.8685,,,,error,"500, message='Internal Server Error', url='https://us-central1-cs4296-image-process.cloudfunctions.net/process_imagex'"
2026-04-13T14:03:54.773243,gcp,concurrency_500,dataset/large_1.jpg,large,176,11.0623,,,,error,"500, message='Internal Server Error', url='https://us-central1-cs4296-image-process.cloudfunctions.net/process_imagex'"
2026-04-13T14:03:54.773247,gcp,concurrency_500,dataset/large_1.jpg,large,177,19.6356,3.065,6594243,5616x3744,ok,
2026-04-13T14:03:54.773250,gcp,concurrency_500,dataset/large_1.jpg,large,178,11.5799,,,,error,"500, message='Internal Server Error', url='https://us-central1-cs4296-image-process.cloudfunctions.net/process_imagex'"
2026-04-13T14:03:54.773253,gcp,concurrency_500,dataset/large_1.jpg,large,179,10.8477,,,,error,"500, message='Internal Server Error', url='https://us-central1-cs4296-image-process.cloudfunctions.net/process_imagex'"
2026-04-13T14:03:54.773257,gcp,concurrency_500,dataset/large_1.jpg,large,180,11.0549,,,,error,"500, message='Internal Server Error', url='https://us-central1-cs4296-image-process.cloudfunctions.net/process_imagex'"
2026-04-13T14:03:54.773261,gcp,concurrency_500,dataset/large_1.jpg,large,181,10.8673,,,,error,"500, message='Internal Server Error', url='https://us-central1-cs4296-image-process.cloudfunctions.net/process_imagex'"
2026-04-13T14:03:54.773265,gcp,concurrency_500,dataset/large_1.jpg,large,182,11.8732,,,,error,"500, message='Internal Server Error', url='https://us-central1-cs4296-image-process.cloudfunctions.net/process_imagex'"
2026-04-13T14:03:54.773268,gcp,concurrency_500,dataset/large_1.jpg,large,183,16.3951,3.2269,6594243,5616x3744,ok,
2026-04-13T14:03:54.773271,gcp,concurrency_500,dataset/large_1.jpg,large,184,11.5614,,,,error,"500, message='Internal Server Error', url='https://us-central1-cs4296-image-process.cloudfunctions.net/process_imagex'"
2026-04-13T14:03:54.773275,gcp,concurrency_500,dataset/large_1.jpg,large,185,10.8691,,,,error,"500, message='Internal Server Error', url='https://us-central1-cs4296-image-process.cloudfunctions.net/process_imagex'"
2026-04-13T14:03:54.773279,gcp,concurrency_500,dataset/large_1.jpg,large,186,11.849,,,,error,"500, message='Internal Server Error', url='https://us-central1-cs4296-image-process.cloudfunctions.net/process_imagex'"
2026-04-13T14:03:54.773283,gcp,concurrency_500,dataset/large_1.jpg,large,187,11.8523,,,,error,"500, message='Internal Server Error', url='https://us-central1-cs4296-image-process.cloudfunctions.net/process_imagex'"
2026-04-13T14:03:54.773286,gcp,concurrency_500,dataset/large_1.jpg,large,188,11.5752,,,,error,"500, message='Internal Server Error', url='https://us-central1-cs4296-image-process.cloudfunctions.net/process_imagex'"
2026-04-13T14:03:54.773290,gcp,concurrency_500,dataset/large_1.jpg,large,189,12.8285,2.525,6594243,5616x3744,ok,
2026-04-13T14:03:54.773293,gcp,concurrency_500,dataset/large_1.jpg,large,190,11.0609,,,,error,"500, message='Internal Server Error', url='https://us-central1-cs4296-image-process.cloudfunctions.net/process_imagex'"
2026-04-13T14:03:54.773297,gcp,concurrency_500,dataset/large_1.jpg,large,191,11.5802,,,,error,"500, message='Internal Server Error', url='https://us-central1-cs4296-image-process.cloudfunctions.net/process_imagex'"
2026-04-13T14:03:54.773301,gcp,concurrency_500,dataset/large_1.jpg,large,192,11.039,,,,error,"500, message='Internal Server Error', url='https://us-central1-cs4296-image-process.cloudfunctions.net/process_imagex'"
2026-04-13T14:03:54.773304,gcp,concurrency_500,dataset/large_1.jpg,large,193,11.8503,,,,error,"500, message='Internal Server Error', url='https://us-central1-cs4296-image-process.cloudfunctions.net/process_imagex'"
2026-04-13T14:03:54.773308,gcp,concurrency_500,dataset/large_1.jpg,large,194,11.5794,,,,error,"500, message='Internal Server Error', url='https://us-central1-cs4296-image-process.cloudfunctions.net/process_imagex'"
2026-04-13T14:03:54.773311,gcp,concurrency_500,dataset/large_1.jpg,large,195,11.0623,,,,error,"500, message='Internal Server Error', url='https://us-central1-cs4296-image-process.cloudfunctions.net/process_imagex'"
2026-04-13T14:03:54.773315,gcp,concurrency_500,dataset/large_1.jpg,large,196,11.0608,,,,error,"500, message='Internal Server Error', url='https://us-central1-cs4296-image-process.cloudfunctions.net/process_imagex'"
2026-04-13T14:03:54.773319,gcp,concurrency_500,dataset/large_1.jpg,large,197,11.0617,,,,error,"500, message='Internal Server Error', url='https://us-central1-cs4296-image-process.cloudfunctions.net/process_imagex'"
2026-04-13T14:03:54.773322,gcp,concurrency_500,dataset/large_1.jpg,large,198,11.0518,,,,error,"500, message='Internal Server Error', url='https://us-central1-cs4296-image-process.cloudfunctions.net/process_imagex'"
2026-04-13T14:03:54.773326,gcp,concurrency_500,dataset/large_1.jpg,large,199,13.2824,2.8001,6594243,5616x3744,ok,
2026-04-13T14:03:54.773329,gcp,concurrency_500,dataset/large_1.jpg,large,200,11.0609,,,,error,"500, message='Internal Server Error', url='https://us-central1-cs4296-image-process.cloudfunctions.net/process_imagex'"
2026-04-13T14:03:54.773333,gcp,concurrency_500,dataset/large_1.jpg,large,201,11.0641,,,,error,"500, message='Internal Server Error', url='https://us-central1-cs4296-image-process.cloudfunctions.net/process_imagex'"
2026-04-13T14:03:54.773337,gcp,concurrency_500,dataset/large_1.jpg,large,202,11.8477,,,,error,"500, message='Internal Server Error', url='https://us-central1-cs4296-image-process.cloudfunctions.net/process_imagex'"
2026-04-13T14:03:54.773340,gcp,concurrency_500,dataset/large_1.jpg,large,203,11.8724,,,,error,"500, message='Internal Server Error', url='https://us-central1-cs4296-image-process.cloudfunctions.net/process_imagex'"
2026-04-13T14:03:54.773357,gcp,concurrency_500,dataset/large_1.jpg,large,204,10.868,,,,error,"500, message='Internal Server Error', url='https://us-central1-cs4296-image-process.cloudfunctions.net/process_imagex'"
2026-04-13T14:03:54.773363,gcp,concurrency_500,dataset/large_1.jpg,large,205,10.8665,,,,error,"500, message='Internal Server Error', url='https://us-central1-cs4296-image-process.cloudfunctions.net/process_imagex'"
2026-04-13T14:03:54.773368,gcp,concurrency_500,dataset/large_1.jpg,large,206,10.3402,2.8467,6594243,5616x3744,ok,
2026-04-13T14:03:54.773372,gcp,concurrency_500,dataset/large_1.jpg,large,207,11.061,,,,error,"500, message='Internal Server Error', url='https://us-central1-cs4296-image-process.cloudfunctions.net/process_imagex'"
2026-04-13T14:03:54.773377,gcp,concurrency_500,dataset/large_1.jpg,large,208,6.8889,2.2383,6594243,5616x3744,ok,
2026-04-13T14:03:54.773381,gcp,concurrency_500,dataset/large_1.jpg,large,209,11.5792,,,,error,"500, message='Internal Server Error', url='https://us-central1-cs4296-image-process.cloudfunctions.net/process_imagex'"
2026-04-13T14:03:54.773386,gcp,concurrency_500,dataset/large_1.jpg,large,210,10.8439,,,,error,"500, message='Internal Server Error', url='https://us-central1-cs4296-image-process.cloudfunctions.net/process_imagex'"
2026-04-13T14:03:54.773390,gcp,concurrency_500,dataset/large_1.jpg,large,211,11.56,,,,error,"500, message='Internal Server Error', url='https://us-central1-cs4296-image-process.cloudfunctions.net/process_imagex'"
2026-04-13T14:03:54.773394,gcp,concurrency_500,dataset/large_1.jpg,large,212,6.8738,3.5934,6594243,5616x3744,ok,
2026-04-13T14:03:54.773398,gcp,concurrency_500,dataset/large_1.jpg,large,213,11.0623,,,,error,"500, message='Internal Server Error', url='https://us-central1-cs4296-image-process.cloudfunctions.net/process_imagex'"
2026-04-13T14:03:54.773402,gcp,concurrency_500,dataset/large_1.jpg,large,214,10.7851,,,,error,"500, message='Internal Server Error', url='https://us-central1-cs4296-image-process.cloudfunctions.net/process_imagex'"
2026-04-13T14:03:54.773405,gcp,concurrency_500,dataset/large_1.jpg,large,215,11.0519,,,,error,"500, message='Internal Server Error', url='https://us-central1-cs4296-image-process.cloudfunctions.net/process_imagex'"
2026-04-13T14:03:54.773409,gcp,concurrency_500,dataset/large_1.jpg,large,216,8.1119,7.3061,6594243,5616x3744,ok,
2026-04-13T14:03:54.773413,gcp,concurrency_500,dataset/large_1.jpg,large,217,11.5575,,,,error,"500, message='Internal Server Error', url='https://us-central1-cs4296-image-process.cloudfunctions.net/process_imagex'"
2026-04-13T14:03:54.773416,gcp,concurrency_500,dataset/large_1.jpg,large,218,15.2769,2.2733,6594243,5616x3744,ok,
2026-04-13T14:03:54.773419,gcp,concurrency_500,dataset/large_1.jpg,large,219,11.8518,,,,error,"500, message='Internal Server Error', url='https://us-central1-cs4296-image-process.cloudfunctions.net/process_imagex'"
2026-04-13T14:03:54.773423,gcp,concurrency_500,dataset/large_1.jpg,large,220,7.6721,6.4406,6594243,5616x3744,ok,
2026-04-13T14:03:54.773426,gcp,concurrency_500,dataset/large_1.jpg,large,221,10.8416,,,,error,"500, message='Internal Server Error', url='https://us-central1-cs4296-image-process.cloudfunctions.net/process_imagex'"
2026-04-13T14:03:54.773429,gcp,concurrency_500,dataset/large_1.jpg,large,222,11.8724,,,,error,"500, message='Internal Server Error', url='https://us-central1-cs4296-image-process.cloudfunctions.net/process_imagex'"
2026-04-13T14:03:54.773433,gcp,concurrency_500,dataset/large_1.jpg,large,223,10.8411,,,,error,"500, message='Internal Server Error', url='https://us-central1-cs4296-image-process.cloudfunctions.net/process_imagex'"
2026-04-13T14:03:54.773436,gcp,concurrency_500,dataset/large_1.jpg,large,224,5.0685,2.686,6594243,5616x3744,ok,
2026-04-13T14:03:54.773439,gcp,concurrency_500,dataset/large_1.jpg,large,225,19.052,8.1872,6594243,5616x3744,ok,
2026-04-13T14:03:54.773442,gcp,concurrency_500,dataset/large_1.jpg,large,226,7.3234,2.7613,6594243,5616x3744,ok,
2026-04-13T14:03:54.773445,gcp,concurrency_500,dataset/large_1.jpg,large,227,7.0206,2.3021,6594243,5616x3744,ok,
2026-04-13T14:03:54.773448,gcp,concurrency_500,dataset/large_1.jpg,large,228,6.8939,3.6536,6594243,5616x3744,ok,
2026-04-13T14:03:54.773451,gcp,concurrency_500,dataset/large_1.jpg,large,229,10.8455,,,,error,"500, message='Internal Server Error', url='https://us-central1-cs4296-image-process.cloudfunctions.net/process_imagex'"
2026-04-13T14:03:54.773454,gcp,concurrency_500,dataset/large_1.jpg,large,230,10.8047,,,,error,"500, message='Internal Server Error', url='https://us-central1-cs4296-image-process.cloudfunctions.net/process_imagex'"
2026-04-13T14:03:54.773457,gcp,concurrency_500,dataset/large_1.jpg,large,231,10.5356,3.425,6594243,5616x3744,ok,
2026-04-13T14:03:54.773460,gcp,concurrency_500,dataset/large_1.jpg,large,232,11.8524,,,,error,"500, message='Internal Server Error', url='https://us-central1-cs4296-image-process.cloudfunctions.net/process_imagex'"
2026-04-13T14:03:54.773464,gcp,concurrency_500,dataset/large_1.jpg,large,233,7.2112,2.4085,6594243,5616x3744,ok,
2026-04-13T14:03:54.773467,gcp,concurrency_500,dataset/large_1.jpg,large,234,11.0525,,,,error,"500, message='Internal Server Error', url='https://us-central1-cs4296-image-process.cloudfunctions.net/process_imagex'"
2026-04-13T14:03:54.773470,gcp,concurrency_500,dataset/large_1.jpg,large,235,11.0367,,,,error,"500, message='Internal Server Error', url='https://us-central1-cs4296-image-process.cloudfunctions.net/process_imagex'"
2026-04-13T14:03:54.773473,gcp,concurrency_500,dataset/large_1.jpg,large,236,11.0629,,,,error,"500, message='Internal Server Error', url='https://us-central1-cs4296-image-process.cloudfunctions.net/process_imagex'"
2026-04-13T14:03:54.773477,gcp,concurrency_500,dataset/large_1.jpg,large,237,10.8675,,,,error,"500, message='Internal Server Error', url='https://us-central1-cs4296-image-process.cloudfunctions.net/process_imagex'"
2026-04-13T14:03:54.773481,gcp,concurrency_500,dataset/large_1.jpg,large,238,11.5591,,,,error,"500, message='Internal Server Error', url='https://us-central1-cs4296-image-process.cloudfunctions.net/process_imagex'"
2026-04-13T14:03:54.773484,gcp,concurrency_500,dataset/large_1.jpg,large,239,9.6364,8.6927,6594243,5616x3744,ok,
2026-04-13T14:03:54.773487,gcp,concurrency_500,dataset/large_1.jpg,large,240,11.8713,,,,error,"500, message='Internal Server Error', url='https://us-central1-cs4296-image-process.cloudfunctions.net/process_imagex'"
2026-04-13T14:03:54.773491,gcp,concurrency_500,dataset/large_1.jpg,large,241,17.7973,6.9766,6594243,5616x3744,ok,
2026-04-13T14:03:54.773494,gcp,concurrency_500,dataset/large_1.jpg,large,242,9.8568,2.4731,6594243,5616x3744,ok,
2026-04-13T14:03:54.773497,gcp,concurrency_500,dataset/large_1.jpg,large,243,11.0349,,,,error,"500, message='Internal Server Error', url='https://us-central1-cs4296-image-process.cloudfunctions.net/process_imagex'"
2026-04-13T14:03:54.773500,gcp,concurrency_500,dataset/large_1.jpg,large,244,11.8508,,,,error,"500, message='Internal Server Error', url='https://us-central1-cs4296-image-process.cloudfunctions.net/process_imagex'"
2026-04-13T14:03:54.773504,gcp,concurrency_500,dataset/large_1.jpg,large,245,15.1638,4.9809,6594243,5616x3744,ok,
2026-04-13T14:03:54.773507,gcp,concurrency_500,dataset/large_1.jpg,large,246,11.8722,,,,error,"500, message='Internal Server Error', url='https://us-central1-cs4296-image-process.cloudfunctions.net/process_imagex'"
2026-04-13T14:03:54.773510,gcp,concurrency_500,dataset/large_1.jpg,large,247,11.8505,,,,error,"500, message='Internal Server Error', url='https://us-central1-cs4296-image-process.cloudfunctions.net/process_imagex'"
2026-04-13T14:03:54.773513,gcp,concurrency_500,dataset/large_1.jpg,large,248,11.5589,,,,error,"500, message='Internal Server Error', url='https://us-central1-cs4296-image-process.cloudfunctions.net/process_imagex'"
2026-04-13T14:03:54.773522,gcp,concurrency_500,dataset/large_1.jpg,large,249,6.874,2.3133,6594243,5616x3744,ok,
2026-04-13T14:03:54.773525,gcp,concurrency_500,dataset/large_1.jpg,large,250,11.5587,,,,error,"500, message='Internal Server Error', url='https://us-central1-cs4296-image-process.cloudfunctions.net/process_imagex'"
2026-04-13T14:03:54.773529,gcp,concurrency_500,dataset/large_1.jpg,large,251,11.0344,,,,error,"500, message='Internal Server Error', url='https://us-central1-cs4296-image-process.cloudfunctions.net/process_imagex'"
2026-04-13T14:03:54.773532,gcp,concurrency_500,dataset/large_1.jpg,large,252,7.8892,7.0474,6594243,5616x3744,ok,
2026-04-13T14:03:54.773535,gcp,concurrency_500,dataset/large_1.jpg,large,253,7.9587,7.1461,6594243,5616x3744,ok,
2026-04-13T14:03:54.773538,gcp,concurrency_500,dataset/large_1.jpg,large,254,11.5583,,,,error,"500, message='Internal Server Error', url='https://us-central1-cs4296-image-process.cloudfunctions.net/process_imagex'"
2026-04-13T14:03:54.773541,gcp,concurrency_500,dataset/large_1.jpg,large,255,11.0303,,,,error,"500, message='Internal Server Error', url='https://us-central1-cs4296-image-process.cloudfunctions.net/process_imagex'"
2026-04-13T14:03:54.773545,gcp,concurrency_500,dataset/large_1.jpg,large,256,11.0337,,,,error,"500, message='Internal Server Error', url='https://us-central1-cs4296-image-process.cloudfunctions.net/process_imagex'"
2026-04-13T14:03:54.773548,gcp,concurrency_500,dataset/large_1.jpg,large,257,14.6051,2.4477,6594243,5616x3744,ok,
2026-04-13T14:03:54.773551,gcp,concurrency_500,dataset/large_1.jpg,large,258,11.5558,,,,error,"500, message='Internal Server Error', url='https://us-central1-cs4296-image-process.cloudfunctions.net/process_imagex'"
2026-04-13T14:03:54.773555,gcp,concurrency_500,dataset/large_1.jpg,large,259,11.8654,,,,error,"500, message='Internal Server Error', url='https://us-central1-cs4296-image-process.cloudfunctions.net/process_imagex'"
2026-04-13T14:03:54.773558,gcp,concurrency_500,dataset/large_1.jpg,large,260,15.2457,2.2782,6594243,5616x3744,ok,
2026-04-13T14:03:54.773561,gcp,concurrency_500,dataset/large_1.jpg,large,261,11.0604,,,,error,"500, message='Internal Server Error', url='https://us-central1-cs4296-image-process.cloudfunctions.net/process_imagex'"
2026-04-13T14:03:54.773564,gcp,concurrency_500,dataset/large_1.jpg,large,262,10.8658,,,,error,"500, message='Internal Server Error', url='https://us-central1-cs4296-image-process.cloudfunctions.net/process_imagex'"
2026-04-13T14:03:54.773568,gcp,concurrency_500,dataset/large_1.jpg,large,263,11.0511,,,,error,"500, message='Internal Server Error', url='https://us-central1-cs4296-image-process.cloudfunctions.net/process_imagex'"
2026-04-13T14:03:54.773571,gcp,concurrency_500,dataset/large_1.jpg,large,264,8.8923,7.9231,6594243,5616x3744,ok,
2026-04-13T14:03:54.773574,gcp,concurrency_500,dataset/large_1.jpg,large,265,4.5192,2.4334,6594243,5616x3744,ok,
2026-04-13T14:03:54.773577,gcp,concurrency_500,dataset/large_1.jpg,large,266,10.8441,,,,error,"500, message='Internal Server Error', url='https://us-central1-cs4296-image-process.cloudfunctions.net/process_imagex'"
2026-04-13T14:03:54.773581,gcp,concurrency_500,dataset/large_1.jpg,large,267,11.057,,,,error,"500, message='Internal Server Error', url='https://us-central1-cs4296-image-process.cloudfunctions.net/process_imagex'"
2026-04-13T14:03:54.773584,gcp,concurrency_500,dataset/large_1.jpg,large,268,11.5767,,,,error,"500, message='Internal Server Error', url='https://us-central1-cs4296-image-process.cloudfunctions.net/process_imagex'"
2026-04-13T14:03:54.773587,gcp,concurrency_500,dataset/large_1.jpg,large,269,10.8626,,,,error,"500, message='Internal Server Error', url='https://us-central1-cs4296-image-process.cloudfunctions.net/process_imagex'"
2026-04-13T14:03:54.773591,gcp,concurrency_500,dataset/large_1.jpg,large,270,11.0574,,,,error,"500, message='Internal Server Error', url='https://us-central1-cs4296-image-process.cloudfunctions.net/process_imagex'"
2026-04-13T14:03:54.773594,gcp,concurrency_500,dataset/large_1.jpg,large,271,17.3852,9.1127,6594243,5616x3744,ok,
2026-04-13T14:03:54.773597,gcp,concurrency_500,dataset/large_1.jpg,large,272,9.4383,2.3113,6594243,5616x3744,ok,
2026-04-13T14:03:54.773600,gcp,concurrency_500,dataset/large_1.jpg,large,273,11.0597,,,,error,"500, message='Internal Server Error', url='https://us-central1-cs4296-image-process.cloudfunctions.net/process_imagex'"
2026-04-13T14:03:54.773604,gcp,concurrency_500,dataset/large_1.jpg,large,274,7.2276,3.947,6594243,5616x3744,ok,
2026-04-13T14:03:54.773607,gcp,concurrency_500,dataset/large_1.jpg,large,275,19.1161,2.7917,6594243,5616x3744,ok,
2026-04-13T14:03:54.773610,gcp,concurrency_500,dataset/large_1.jpg,large,276,11.4466,3.167,6594243,5616x3744,ok,
2026-04-13T14:03:54.773613,gcp,concurrency_500,dataset/large_1.jpg,large,277,10.8022,,,,error,"500, message='Internal Server Error', url='https://us-central1-cs4296-image-process.cloudfunctions.net/process_imagex'"
2026-04-13T14:03:54.773616,gcp,concurrency_500,dataset/large_1.jpg,large,278,11.051,,,,error,"500, message='Internal Server Error', url='https://us-central1-cs4296-image-process.cloudfunctions.net/process_imagex'"
2026-04-13T14:03:54.773620,gcp,concurrency_500,dataset/large_1.jpg,large,279,10.8027,,,,error,"500, message='Internal Server Error', url='https://us-central1-cs4296-image-process.cloudfunctions.net/process_imagex'"
2026-04-13T14:03:54.773623,gcp,concurrency_500,dataset/large_1.jpg,large,280,10.6028,3.249,6594243,5616x3744,ok,
2026-04-13T14:03:54.773626,gcp,concurrency_500,dataset/large_1.jpg,large,281,6.9337,2.297,6594243,5616x3744,ok,
2026-04-13T14:03:54.773629,gcp,concurrency_500,dataset/large_1.jpg,large,282,9.8216,2.7771,6594243,5616x3744,ok,
2026-04-13T14:03:54.773631,gcp,concurrency_500,dataset/large_1.jpg,large,283,10.3535,9.1005,6594243,5616x3744,ok,
2026-04-13T14:03:54.773634,gcp,concurrency_500,dataset/large_1.jpg,large,284,11.574,,,,error,"500, message='Internal Server Error', url='https://us-central1-cs4296-image-process.cloudfunctions.net/process_imagex'"
2026-04-13T14:03:54.773638,gcp,concurrency_500,dataset/large_1.jpg,large,285,11.5738,,,,error,"500, message='Internal Server Error', url='https://us-central1-cs4296-image-process.cloudfunctions.net/process_imagex'"
2026-04-13T14:03:54.773641,gcp,concurrency_500,dataset/large_1.jpg,large,286,10.8651,,,,error,"500, message='Internal Server Error', url='https://us-central1-cs4296-image-process.cloudfunctions.net/process_imagex'"
2026-04-13T14:03:54.773645,gcp,concurrency_500,dataset/large_1.jpg,large,287,11.0588,,,,error,"500, message='Internal Server Error', url='https://us-central1-cs4296-image-process.cloudfunctions.net/process_imagex'"
2026-04-13T14:03:54.773648,gcp,concurrency_500,dataset/large_1.jpg,large,288,11.8482,,,,error,"500, message='Internal Server Error', url='https://us-central1-cs4296-image-process.cloudfunctions.net/process_imagex'"
2026-04-13T14:03:54.773652,gcp,concurrency_500,dataset/large_1.jpg,large,289,10.8389,,,,error,"500, message='Internal Server Error', url='https://us-central1-cs4296-image-process.cloudfunctions.net/process_imagex'"
2026-04-13T14:03:54.773655,gcp,concurrency_500,dataset/large_1.jpg,large,290,10.8597,,,,error,"500, message='Internal Server Error', url='https://us-central1-cs4296-image-process.cloudfunctions.net/process_imagex'"
2026-04-13T14:03:54.773659,gcp,concurrency_500,dataset/large_1.jpg,large,291,11.865,,,,error,"500, message='Internal Server Error', url='https://us-central1-cs4296-image-process.cloudfunctions.net/process_imagex'"
2026-04-13T14:03:54.773662,gcp,concurrency_500,dataset/large_1.jpg,large,292,10.8616,,,,error,"500, message='Internal Server Error', url='https://us-central1-cs4296-image-process.cloudfunctions.net/process_imagex'"
2026-04-13T14:03:54.773666,gcp,concurrency_500,dataset/large_1.jpg,large,293,11.8701,,,,error,"500, message='Internal Server Error', url='https://us-central1-cs4296-image-process.cloudfunctions.net/process_imagex'"
2026-04-13T14:03:54.773673,gcp,concurrency_500,dataset/large_1.jpg,large,294,11.0485,,,,error,"500, message='Internal Server Error', url='https://us-central1-cs4296-image-process.cloudfunctions.net/process_imagex'"
2026-04-13T14:03:54.773677,gcp,concurrency_500,dataset/large_1.jpg,large,295,11.0566,,,,error,"500, message='Internal Server Error', url='https://us-central1-cs4296-image-process.cloudfunctions.net/process_imagex'"
2026-04-13T14:03:54.773681,gcp,concurrency_500,dataset/large_1.jpg,large,296,11.8697,,,,error,"500, message='Internal Server Error', url='https://us-central1-cs4296-image-process.cloudfunctions.net/process_imagex'"
2026-04-13T14:03:54.773684,gcp,concurrency_500,dataset/large_1.jpg,large,297,11.5567,,,,error,"500, message='Internal Server Error', url='https://us-central1-cs4296-image-process.cloudfunctions.net/process_imagex'"
2026-04-13T14:03:54.773687,gcp,concurrency_500,dataset/large_1.jpg,large,298,10.8613,,,,error,"500, message='Internal Server Error', url='https://us-central1-cs4296-image-process.cloudfunctions.net/process_imagex'"
2026-04-13T14:03:54.773691,gcp,concurrency_500,dataset/large_1.jpg,large,299,10.8621,,,,error,"500, message='Internal Server Error', url='https://us-central1-cs4296-image-process.cloudfunctions.net/process_imagex'"
2026-04-13T14:03:54.773695,gcp,concurrency_500,dataset/large_1.jpg,large,300,11.0482,,,,error,"500, message='Internal Server Error', url='https://us-central1-cs4296-image-process.cloudfunctions.net/process_imagex'"
2026-04-13T14:03:54.773698,gcp,concurrency_500,dataset/large_1.jpg,large,301,10.8646,,,,error,"500, message='Internal Server Error', url='https://us-central1-cs4296-image-process.cloudfunctions.net/process_imagex'"
2026-04-13T14:03:54.773701,gcp,concurrency_500,dataset/large_1.jpg,large,302,11.5541,,,,error,"500, message='Internal Server Error', url='https://us-central1-cs4296-image-process.cloudfunctions.net/process_imagex'"
2026-04-13T14:03:54.773704,gcp,concurrency_500,dataset/large_1.jpg,large,303,11.5568,,,,error,"500, message='Internal Server Error', url='https://us-central1-cs4296-image-process.cloudfunctions.net/process_imagex'"
2026-04-13T14:03:54.773708,gcp,concurrency_500,dataset/large_1.jpg,large,304,11.029,,,,error,"500, message='Internal Server Error', url='https://us-central1-cs4296-image-process.cloudfunctions.net/process_imagex'"
2026-04-13T14:03:54.773711,gcp,concurrency_500,dataset/large_1.jpg,large,305,10.8647,,,,error,"500, message='Internal Server Error', url='https://us-central1-cs4296-image-process.cloudfunctions.net/process_imagex'"
2026-04-13T14:03:54.773715,gcp,concurrency_500,dataset/large_1.jpg,large,306,11.8534,,,,error,"500, message='Internal Server Error', url='https://us-central1-cs4296-image-process.cloudfunctions.net/process_imagex'"
2026-04-13T14:03:54.773718,gcp,concurrency_500,dataset/large_1.jpg,large,307,11.5728,,,,error,"500, message='Internal Server Error', url='https://us-central1-cs4296-image-process.cloudfunctions.net/process_imagex'"
2026-04-13T14:03:54.773721,gcp,concurrency_500,dataset/large_1.jpg,large,308,11.0346,,,,error,"500, message='Internal Server Error', url='https://us-central1-cs4296-image-process.cloudfunctions.net/process_imagex'"
2026-04-13T14:03:54.773725,gcp,concurrency_500,dataset/large_1.jpg,large,309,8.1775,2.8118,6594243,5616x3744,ok,
2026-04-13T14:03:54.773728,gcp,concurrency_500,dataset/large_1.jpg,large,310,17.516,7.9749,6594243,5616x3744,ok,
2026-04-13T14:03:54.773731,gcp,concurrency_500,dataset/large_1.jpg,large,311,11.1153,,,,error,"500, message='Internal Server Error', url='https://us-central1-cs4296-image-process.cloudfunctions.net/process_imagex'"
2026-04-13T14:03:54.773734,gcp,concurrency_500,dataset/large_1.jpg,large,312,11.5747,,,,error,"500, message='Internal Server Error', url='https://us-central1-cs4296-image-process.cloudfunctions.net/process_imagex'"
2026-04-13T14:03:54.773738,gcp,concurrency_500,dataset/large_1.jpg,large,313,10.8422,,,,error,"500, message='Internal Server Error', url='https://us-central1-cs4296-image-process.cloudfunctions.net/process_imagex'"
2026-04-13T14:03:54.773741,gcp,concurrency_500,dataset/large_1.jpg,large,314,16.301,5.9492,6594243,5616x3744,ok,
2026-04-13T14:03:54.773744,gcp,concurrency_500,dataset/large_1.jpg,large,315,8.0403,7.1014,6594243,5616x3744,ok,
2026-04-13T14:03:54.773748,gcp,concurrency_500,dataset/large_1.jpg,large,316,7.0876,3.7334,6594243,5616x3744,ok,
2026-04-13T14:03:54.773751,gcp,concurrency_500,dataset/large_1.jpg,large,317,11.8485,,,,error,"500, message='Internal Server Error', url='https://us-central1-cs4296-image-process.cloudfunctions.net/process_imagex'"
2026-04-13T14:03:54.773754,gcp,concurrency_500,dataset/large_1.jpg,large,318,11.0427,,,,error,"500, message='Internal Server Error', url='https://us-central1-cs4296-image-process.cloudfunctions.net/process_imagex'"
2026-04-13T14:03:54.773757,gcp,concurrency_500,dataset/large_1.jpg,large,319,11.5533,,,,error,"500, message='Internal Server Error', url='https://us-central1-cs4296-image-process.cloudfunctions.net/process_imagex'"
2026-04-13T14:03:54.773761,gcp,concurrency_500,dataset/large_1.jpg,large,320,11.0318,,,,error,"500, message='Internal Server Error', url='https://us-central1-cs4296-image-process.cloudfunctions.net/process_imagex'"
2026-04-13T14:03:54.773765,gcp,concurrency_500,dataset/large_1.jpg,large,321,4.5836,2.3778,6594243,5616x3744,ok,
2026-04-13T14:03:54.773768,gcp,concurrency_500,dataset/large_1.jpg,large,322,11.8479,,,,error,"500, message='Internal Server Error', url='https://us-central1-cs4296-image-process.cloudfunctions.net/process_imagex'"
2026-04-13T14:03:54.773771,gcp,concurrency_500,dataset/large_1.jpg,large,323,11.8534,10.5243,6594243,5616x3744,ok,
2026-04-13T14:03:54.773774,gcp,concurrency_500,dataset/large_1.jpg,large,324,11.0339,,,,error,"500, message='Internal Server Error', url='https://us-central1-cs4296-image-process.cloudfunctions.net/process_imagex'"
2026-04-13T14:03:54.773777,gcp,concurrency_500,dataset/large_1.jpg,large,325,8.543,7.3988,6594243,5616x3744,ok,
2026-04-13T14:03:54.773780,gcp,concurrency_500,dataset/large_1.jpg,large,326,11.0564,,,,error,"500, message='Internal Server Error', url='https://us-central1-cs4296-image-process.cloudfunctions.net/process_imagex'"
2026-04-13T14:03:54.773784,gcp,concurrency_500,dataset/large_1.jpg,large,327,11.5532,,,,error,"500, message='Internal Server Error', url='https://us-central1-cs4296-image-process.cloudfunctions.net/process_imagex'"
2026-04-13T14:03:54.773787,gcp,concurrency_500,dataset/large_1.jpg,large,328,11.0306,,,,error,"500, message='Internal Server Error', url='https://us-central1-cs4296-image-process.cloudfunctions.net/process_imagex'"
2026-04-13T14:03:54.773791,gcp,concurrency_500,dataset/large_1.jpg,large,329,11.8479,,,,error,"500, message='Internal Server Error', url='https://us-central1-cs4296-image-process.cloudfunctions.net/process_imagex'"
2026-04-13T14:03:54.773794,gcp,concurrency_500,dataset/large_1.jpg,large,330,11.8617,,,,error,"500, message='Internal Server Error', url='https://us-central1-cs4296-image-process.cloudfunctions.net/process_imagex'"
2026-04-13T14:03:54.773798,gcp,concurrency_500,dataset/large_1.jpg,large,331,10.8617,,,,error,"500, message='Internal Server Error', url='https://us-central1-cs4296-image-process.cloudfunctions.net/process_imagex'"
2026-04-13T14:03:54.773801,gcp,concurrency_500,dataset/large_1.jpg,large,332,7.4029,3.8839,6594243,5616x3744,ok,
2026-04-13T14:03:54.773804,gcp,concurrency_500,dataset/large_1.jpg,large,333,10.7813,,,,error,"500, message='Internal Server Error', url='https://us-central1-cs4296-image-process.cloudfunctions.net/process_imagex'"
2026-04-13T14:03:54.773807,gcp,concurrency_500,dataset/large_1.jpg,large,334,11.5554,,,,error,"500, message='Internal Server Error', url='https://us-central1-cs4296-image-process.cloudfunctions.net/process_imagex'"
2026-04-13T14:03:54.773811,gcp,concurrency_500,dataset/large_1.jpg,large,335,11.0308,,,,error,"500, message='Internal Server Error', url='https://us-central1-cs4296-image-process.cloudfunctions.net/process_imagex'"
2026-04-13T14:03:54.773818,gcp,concurrency_500,dataset/large_1.jpg,large,336,11.0489,,,,error,"500, message='Internal Server Error', url='https://us-central1-cs4296-image-process.cloudfunctions.net/process_imagex'"
2026-04-13T14:03:54.773822,gcp,concurrency_500,dataset/large_1.jpg,large,337,11.5529,,,,error,"500, message='Internal Server Error', url='https://us-central1-cs4296-image-process.cloudfunctions.net/process_imagex'"
2026-04-13T14:03:54.773825,gcp,concurrency_500,dataset/large_1.jpg,large,338,11.0277,,,,error,"500, message='Internal Server Error', url='https://us-central1-cs4296-image-process.cloudfunctions.net/process_imagex'"
2026-04-13T14:03:54.773829,gcp,concurrency_500,dataset/large_1.jpg,large,339,11.8677,,,,error,"500, message='Internal Server Error', url='https://us-central1-cs4296-image-process.cloudfunctions.net/process_imagex'"
2026-04-13T14:03:54.773832,gcp,concurrency_500,dataset/large_1.jpg,large,340,11.8679,,,,error,"500, message='Internal Server Error', url='https://us-central1-cs4296-image-process.cloudfunctions.net/process_imagex'"
2026-04-13T14:03:54.773835,gcp,concurrency_500,dataset/large_1.jpg,large,341,11.0309,,,,error,"500, message='Internal Server Error', url='https://us-central1-cs4296-image-process.cloudfunctions.net/process_imagex'"
2026-04-13T14:03:54.773839,gcp,concurrency_500,dataset/large_1.jpg,large,342,10.8614,,,,error,"500, message='Internal Server Error', url='https://us-central1-cs4296-image-process.cloudfunctions.net/process_imagex'"
2026-04-13T14:03:54.773842,gcp,concurrency_500,dataset/large_1.jpg,large,343,16.479,7.1197,6594243,5616x3744,ok,
2026-04-13T14:03:54.773845,gcp,concurrency_500,dataset/large_1.jpg,large,344,11.0317,,,,error,"500, message='Internal Server Error', url='https://us-central1-cs4296-image-process.cloudfunctions.net/process_imagex'"
2026-04-13T14:03:54.773849,gcp,concurrency_500,dataset/large_1.jpg,large,345,10.8369,,,,error,"500, message='Internal Server Error', url='https://us-central1-cs4296-image-process.cloudfunctions.net/process_imagex'"
2026-04-13T14:03:54.773852,gcp,concurrency_500,dataset/large_1.jpg,large,346,11.572,,,,error,"500, message='Internal Server Error', url='https://us-central1-cs4296-image-process.cloudfunctions.net/process_imagex'"
2026-04-13T14:03:54.773855,gcp,concurrency_500,dataset/large_1.jpg,large,347,11.5717,,,,error,"500, message='Internal Server Error', url='https://us-central1-cs4296-image-process.cloudfunctions.net/process_imagex'"
2026-04-13T14:03:54.773859,gcp,concurrency_500,dataset/large_1.jpg,large,348,11.0229,,,,error,"500, message='Internal Server Error', url='https://us-central1-cs4296-image-process.cloudfunctions.net/process_imagex'"
2026-04-13T14:03:54.773862,gcp,concurrency_500,dataset/large_1.jpg,large,349,11.0313,,,,error,"500, message='Internal Server Error', url='https://us-central1-cs4296-image-process.cloudfunctions.net/process_imagex'"
2026-04-13T14:03:54.773865,gcp,concurrency_500,dataset/large_1.jpg,large,350,11.0486,,,,error,"500, message='Internal Server Error', url='https://us-central1-cs4296-image-process.cloudfunctions.net/process_imagex'"
2026-04-13T14:03:54.773869,gcp,concurrency_500,dataset/large_1.jpg,large,351,11.0568,,,,error,"500, message='Internal Server Error', url='https://us-central1-cs4296-image-process.cloudfunctions.net/process_imagex'"
2026-04-13T14:03:54.773872,gcp,concurrency_500,dataset/large_1.jpg,large,352,11.5719,,,,error,"500, message='Internal Server Error', url='https://us-central1-cs4296-image-process.cloudfunctions.net/process_imagex'"
2026-04-13T14:03:54.773876,gcp,concurrency_500,dataset/large_1.jpg,large,353,10.8609,,,,error,"500, message='Internal Server Error', url='https://us-central1-cs4296-image-process.cloudfunctions.net/process_imagex'"
2026-04-13T14:03:54.773879,gcp,concurrency_500,dataset/large_1.jpg,large,354,10.3317,2.8963,6594243,5616x3744,ok,
2026-04-13T14:03:54.773882,gcp,concurrency_500,dataset/large_1.jpg,large,355,11.0484,,,,error,"500, message='Internal Server Error', url='https://us-central1-cs4296-image-process.cloudfunctions.net/process_imagex'"
2026-04-13T14:03:54.773885,gcp,concurrency_500,dataset/large_1.jpg,large,356,11.5692,,,,error,"500, message='Internal Server Error', url='https://us-central1-cs4296-image-process.cloudfunctions.net/process_imagex'"
2026-04-13T14:03:54.773889,gcp,concurrency_500,dataset/large_1.jpg,large,357,11.0232,,,,error,"500, message='Internal Server Error', url='https://us-central1-cs4296-image-process.cloudfunctions.net/process_imagex'"
2026-04-13T14:03:54.773892,gcp,concurrency_500,dataset/large_1.jpg,large,358,11.8461,,,,error,"500, message='Internal Server Error', url='https://us-central1-cs4296-image-process.cloudfunctions.net/process_imagex'"
2026-04-13T14:03:54.773895,gcp,concurrency_500,dataset/large_1.jpg,large,359,11.0588,,,,error,"500, message='Internal Server Error', url='https://us-central1-cs4296-image-process.cloudfunctions.net/process_imagex'"
2026-04-13T14:03:54.773899,gcp,concurrency_500,dataset/large_1.jpg,large,360,5.2866,2.8056,6594243,5616x3744,ok,
2026-04-13T14:03:54.773902,gcp,concurrency_500,dataset/large_1.jpg,large,361,10.8606,,,,error,"500, message='Internal Server Error', url='https://us-central1-cs4296-image-process.cloudfunctions.net/process_imagex'"
2026-04-13T14:03:54.773905,gcp,concurrency_500,dataset/large_1.jpg,large,362,10.6511,3.6256,6594243,5616x3744,ok,
2026-04-13T14:03:54.773908,gcp,concurrency_500,dataset/large_1.jpg,large,363,6.9773,2.2832,6594243,5616x3744,ok,
2026-04-13T14:03:54.773911,gcp,concurrency_500,dataset/large_1.jpg,large,364,11.8588,,,,error,"500, message='Internal Server Error', url='https://us-central1-cs4296-image-process.cloudfunctions.net/process_imagex'"
2026-04-13T14:03:54.773915,gcp,concurrency_500,dataset/large_1.jpg,large,365,11.0307,,,,error,"500, message='Internal Server Error', url='https://us-central1-cs4296-image-process.cloudfunctions.net/process_imagex'"
2026-04-13T14:03:54.773918,gcp,concurrency_500,dataset/large_1.jpg,large,366,10.8409,,,,error,"500, message='Internal Server Error', url='https://us-central1-cs4296-image-process.cloudfunctions.net/process_imagex'"
2026-04-13T14:03:54.773921,gcp,concurrency_500,dataset/large_1.jpg,large,367,4.6027,2.4059,6594243,5616x3744,ok,
2026-04-13T14:03:54.773924,gcp,concurrency_500,dataset/large_1.jpg,large,368,11.0306,,,,error,"500, message='Internal Server Error', url='https://us-central1-cs4296-image-process.cloudfunctions.net/process_imagex'"
2026-04-13T14:03:54.773928,gcp,concurrency_500,dataset/large_1.jpg,large,369,11.0305,,,,error,"500, message='Internal Server Error', url='https://us-central1-cs4296-image-process.cloudfunctions.net/process_imagex'"
2026-04-13T14:03:54.773931,gcp,concurrency_500,dataset/large_1.jpg,large,370,9.9319,2.8525,6594243,5616x3744,ok,
2026-04-13T14:03:54.773934,gcp,concurrency_500,dataset/large_1.jpg,large,371,4.4517,2.3847,6594243,5616x3744,ok,
2026-04-13T14:03:54.773937,gcp,concurrency_500,dataset/large_1.jpg,large,372,10.8622,,,,error,"500, message='Internal Server Error', url='https://us-central1-cs4296-image-process.cloudfunctions.net/process_imagex'"
2026-04-13T14:03:54.773941,gcp,concurrency_500,dataset/large_1.jpg,large,373,10.8628,,,,error,"500, message='Internal Server Error', url='https://us-central1-cs4296-image-process.cloudfunctions.net/process_imagex'"
2026-04-13T14:03:54.773944,gcp,concurrency_500,dataset/large_1.jpg,large,374,10.1196,3.0353,6594243,5616x3744,ok,
2026-04-13T14:03:54.773947,gcp,concurrency_500,dataset/large_1.jpg,large,375,11.0854,3.4961,6594243,5616x3744,ok,
2026-04-13T14:03:54.773950,gcp,concurrency_500,dataset/large_1.jpg,large,376,17.834,8.2516,6594243,5616x3744,ok,
2026-04-13T14:03:54.773953,gcp,concurrency_500,dataset/large_1.jpg,large,377,10.8401,,,,error,"500, message='Internal Server Error', url='https://us-central1-cs4296-image-process.cloudfunctions.net/process_imagex'"
2026-04-13T14:03:54.773956,gcp,concurrency_500,dataset/large_1.jpg,large,378,11.5687,,,,error,"500, message='Internal Server Error', url='https://us-central1-cs4296-image-process.cloudfunctions.net/process_imagex'"
2026-04-13T14:03:54.773963,gcp,concurrency_500,dataset/large_1.jpg,large,379,11.0474,,,,error,"500, message='Internal Server Error', url='https://us-central1-cs4296-image-process.cloudfunctions.net/process_imagex'"
2026-04-13T14:03:54.773967,gcp,concurrency_500,dataset/large_1.jpg,large,380,10.8403,,,,error,"500, message='Internal Server Error', url='https://us-central1-cs4296-image-process.cloudfunctions.net/process_imagex'"
2026-04-13T14:03:54.773970,gcp,concurrency_500,dataset/large_1.jpg,large,381,11.8623,,,,error,"500, message='Internal Server Error', url='https://us-central1-cs4296-image-process.cloudfunctions.net/process_imagex'"
2026-04-13T14:03:54.773974,gcp,concurrency_500,dataset/large_1.jpg,large,382,10.8585,,,,error,"500, message='Internal Server Error', url='https://us-central1-cs4296-image-process.cloudfunctions.net/process_imagex'"
2026-04-13T14:03:54.773977,gcp,concurrency_500,dataset/large_1.jpg,large,383,10.8403,,,,error,"500, message='Internal Server Error', url='https://us-central1-cs4296-image-process.cloudfunctions.net/process_imagex'"
2026-04-13T14:03:54.773981,gcp,concurrency_500,dataset/large_1.jpg,large,384,11.868,,,,error,"500, message='Internal Server Error', url='https://us-central1-cs4296-image-process.cloudfunctions.net/process_imagex'"
2026-04-13T14:03:54.773984,gcp,concurrency_500,dataset/large_1.jpg,large,385,11.0301,,,,error,"500, message='Internal Server Error', url='https://us-central1-cs4296-image-process.cloudfunctions.net/process_imagex'"
2026-04-13T14:03:54.773988,gcp,concurrency_500,dataset/large_1.jpg,large,386,7.1702,3.7724,6594243,5616x3744,ok,
2026-04-13T14:03:54.773991,gcp,concurrency_500,dataset/large_1.jpg,large,387,10.8402,,,,error,"500, message='Internal Server Error', url='https://us-central1-cs4296-image-process.cloudfunctions.net/process_imagex'"
2026-04-13T14:03:54.773994,gcp,concurrency_500,dataset/large_1.jpg,large,388,11.573,,,,error,"500, message='Internal Server Error', url='https://us-central1-cs4296-image-process.cloudfunctions.net/process_imagex'"
2026-04-13T14:03:54.773997,gcp,concurrency_500,dataset/large_1.jpg,large,389,10.7796,,,,error,"500, message='Internal Server Error', url='https://us-central1-cs4296-image-process.cloudfunctions.net/process_imagex'"
2026-04-13T14:03:54.774001,gcp,concurrency_500,dataset/large_1.jpg,large,390,10.8599,,,,error,"500, message='Internal Server Error', url='https://us-central1-cs4296-image-process.cloudfunctions.net/process_imagex'"
2026-04-13T14:03:54.774004,gcp,concurrency_500,dataset/large_1.jpg,large,391,10.1469,8.9944,6594243,5616x3744,ok,
2026-04-13T14:03:54.774007,gcp,concurrency_500,dataset/large_1.jpg,large,392,11.0549,,,,error,"500, message='Internal Server Error', url='https://us-central1-cs4296-image-process.cloudfunctions.net/process_imagex'"
2026-04-13T14:03:54.774011,gcp,concurrency_500,dataset/large_1.jpg,large,393,16.5132,6.2822,6594243,5616x3744,ok,
2026-04-13T14:03:54.774014,gcp,concurrency_500,dataset/large_1.jpg,large,394,11.8417,,,,error,"500, message='Internal Server Error', url='https://us-central1-cs4296-image-process.cloudfunctions.net/process_imagex'"
2026-04-13T14:03:54.774017,gcp,concurrency_500,dataset/large_1.jpg,large,395,11.0318,,,,error,"500, message='Internal Server Error', url='https://us-central1-cs4296-image-process.cloudfunctions.net/process_imagex'"
2026-04-13T14:03:54.774020,gcp,concurrency_500,dataset/large_1.jpg,large,396,11.5729,,,,error,"500, message='Internal Server Error', url='https://us-central1-cs4296-image-process.cloudfunctions.net/process_imagex'"
2026-04-13T14:03:54.774024,gcp,concurrency_500,dataset/large_1.jpg,large,397,11.8417,,,,error,"500, message='Internal Server Error', url='https://us-central1-cs4296-image-process.cloudfunctions.net/process_imagex'"
2026-04-13T14:03:54.774027,gcp,concurrency_500,dataset/large_1.jpg,large,398,15.0727,5.1266,6594243,5616x3744,ok,
2026-04-13T14:03:54.774030,gcp,concurrency_500,dataset/large_1.jpg,large,399,10.8589,,,,error,"500, message='Internal Server Error', url='https://us-central1-cs4296-image-process.cloudfunctions.net/process_imagex'"
2026-04-13T14:03:54.774033,gcp,concurrency_500,dataset/large_1.jpg,large,400,11.8458,,,,error,"500, message='Internal Server Error', url='https://us-central1-cs4296-image-process.cloudfunctions.net/process_imagex'"
2026-04-13T14:03:54.774037,gcp,concurrency_500,dataset/large_1.jpg,large,401,7.9325,2.7462,6594243,5616x3744,ok,
2026-04-13T14:03:54.774039,gcp,concurrency_500,dataset/large_1.jpg,large,402,11.5727,,,,error,"500, message='Internal Server Error', url='https://us-central1-cs4296-image-process.cloudfunctions.net/process_imagex'"
2026-04-13T14:03:54.774043,gcp,concurrency_500,dataset/large_1.jpg,large,403,10.5482,2.8837,6594243,5616x3744,ok,
2026-04-13T14:03:54.774046,gcp,concurrency_500,dataset/large_1.jpg,large,404,10.2072,2.8109,6594243,5616x3744,ok,
2026-04-13T14:03:54.774049,gcp,concurrency_500,dataset/large_1.jpg,large,405,19.1609,8.493,6594243,5616x3744,ok,
2026-04-13T14:03:54.774051,gcp,concurrency_500,dataset/large_1.jpg,large,406,11.0538,,,,error,"500, message='Internal Server Error', url='https://us-central1-cs4296-image-process.cloudfunctions.net/process_imagex'"
2026-04-13T14:03:54.774055,gcp,concurrency_500,dataset/large_1.jpg,large,407,11.0552,,,,error,"500, message='Internal Server Error', url='https://us-central1-cs4296-image-process.cloudfunctions.net/process_imagex'"
2026-04-13T14:03:54.774059,gcp,concurrency_500,dataset/large_1.jpg,large,408,11.8646,,,,error,"500, message='Internal Server Error', url='https://us-central1-cs4296-image-process.cloudfunctions.net/process_imagex'"
2026-04-13T14:03:54.774062,gcp,concurrency_500,dataset/large_1.jpg,large,409,10.0432,2.7224,6594243,5616x3744,ok,
2026-04-13T14:03:54.774065,gcp,concurrency_500,dataset/large_1.jpg,large,410,10.8586,,,,error,"500, message='Internal Server Error', url='https://us-central1-cs4296-image-process.cloudfunctions.net/process_imagex'"
2026-04-13T14:03:54.774069,gcp,concurrency_500,dataset/large_1.jpg,large,411,11.0288,,,,error,"500, message='Internal Server Error', url='https://us-central1-cs4296-image-process.cloudfunctions.net/process_imagex'"
2026-04-13T14:03:54.774072,gcp,concurrency_500,dataset/large_1.jpg,large,412,11.5529,,,,error,"500, message='Internal Server Error', url='https://us-central1-cs4296-image-process.cloudfunctions.net/process_imagex'"
2026-04-13T14:03:54.774076,gcp,concurrency_500,dataset/large_1.jpg,large,413,11.0427,,,,error,"500, message='Internal Server Error', url='https://us-central1-cs4296-image-process.cloudfunctions.net/process_imagex'"
2026-04-13T14:03:54.774079,gcp,concurrency_500,dataset/large_1.jpg,large,414,11.5505,,,,error,"500, message='Internal Server Error', url='https://us-central1-cs4296-image-process.cloudfunctions.net/process_imagex'"
2026-04-13T14:03:54.774082,gcp,concurrency_500,dataset/large_1.jpg,large,415,11.025,,,,error,"500, message='Internal Server Error', url='https://us-central1-cs4296-image-process.cloudfunctions.net/process_imagex'"
2026-04-13T14:03:54.774086,gcp,concurrency_500,dataset/large_1.jpg,large,416,11.0523,,,,error,"500, message='Internal Server Error', url='https://us-central1-cs4296-image-process.cloudfunctions.net/process_imagex'"
2026-04-13T14:03:54.774089,gcp,concurrency_500,dataset/large_1.jpg,large,417,13.5939,3.1289,6594243,5616x3744,ok,
2026-04-13T14:03:54.774092,gcp,concurrency_500,dataset/large_1.jpg,large,418,11.5403,,,,error,"500, message='Internal Server Error', url='https://us-central1-cs4296-image-process.cloudfunctions.net/process_imagex'"
2026-04-13T14:03:54.774095,gcp,concurrency_500,dataset/large_1.jpg,large,419,11.042,,,,error,"500, message='Internal Server Error', url='https://us-central1-cs4296-image-process.cloudfunctions.net/process_imagex'"
2026-04-13T14:03:54.774099,gcp,concurrency_500,dataset/large_1.jpg,large,420,11.0341,,,,error,"500, message='Internal Server Error', url='https://us-central1-cs4296-image-process.cloudfunctions.net/process_imagex'"
2026-04-13T14:03:54.774106,gcp,concurrency_500,dataset/large_1.jpg,large,421,11.0448,,,,error,"500, message='Internal Server Error', url='https://us-central1-cs4296-image-process.cloudfunctions.net/process_imagex'"
2026-04-13T14:03:54.774110,gcp,concurrency_500,dataset/large_1.jpg,large,422,11.044,,,,error,"500, message='Internal Server Error', url='https://us-central1-cs4296-image-process.cloudfunctions.net/process_imagex'"
2026-04-13T14:03:54.774113,gcp,concurrency_500,dataset/large_1.jpg,large,423,10.829,,,,error,"500, message='Internal Server Error', url='https://us-central1-cs4296-image-process.cloudfunctions.net/process_imagex'"
2026-04-13T14:03:54.774117,gcp,concurrency_500,dataset/large_1.jpg,large,424,11.0424,,,,error,"500, message='Internal Server Error', url='https://us-central1-cs4296-image-process.cloudfunctions.net/process_imagex'"
2026-04-13T14:03:54.774120,gcp,concurrency_500,dataset/large_1.jpg,large,425,11.0444,,,,error,"500, message='Internal Server Error', url='https://us-central1-cs4296-image-process.cloudfunctions.net/process_imagex'"
2026-04-13T14:03:54.774124,gcp,concurrency_500,dataset/large_1.jpg,large,426,14.5596,2.2962,6594243,5616x3744,ok,
2026-04-13T14:03:54.774126,gcp,concurrency_500,dataset/large_1.jpg,large,427,11.0189,,,,error,"500, message='Internal Server Error', url='https://us-central1-cs4296-image-process.cloudfunctions.net/process_imagex'"
2026-04-13T14:03:54.774130,gcp,concurrency_500,dataset/large_1.jpg,large,428,15.6221,6.696,6594243,5616x3744,ok,
2026-04-13T14:03:54.774133,gcp,concurrency_500,dataset/large_1.jpg,large,429,11.0175,,,,error,"500, message='Internal Server Error', url='https://us-central1-cs4296-image-process.cloudfunctions.net/process_imagex'"
2026-04-13T14:03:54.774136,gcp,concurrency_500,dataset/large_1.jpg,large,430,11.5391,,,,error,"500, message='Internal Server Error', url='https://us-central1-cs4296-image-process.cloudfunctions.net/process_imagex'"
2026-04-13T14:03:54.774139,gcp,concurrency_500,dataset/large_1.jpg,large,431,11.0196,,,,error,"500, message='Internal Server Error', url='https://us-central1-cs4296-image-process.cloudfunctions.net/process_imagex'"
2026-04-13T14:03:54.774143,gcp,concurrency_500,dataset/large_1.jpg,large,432,11.5588,,,,error,"500, message='Internal Server Error', url='https://us-central1-cs4296-image-process.cloudfunctions.net/process_imagex'"
2026-04-13T14:03:54.774146,gcp,concurrency_500,dataset/large_1.jpg,large,433,11.8496,,,,error,"500, message='Internal Server Error', url='https://us-central1-cs4296-image-process.cloudfunctions.net/process_imagex'"
2026-04-13T14:03:54.774150,gcp,concurrency_500,dataset/large_1.jpg,large,434,11.8554,,,,error,"500, message='Internal Server Error', url='https://us-central1-cs4296-image-process.cloudfunctions.net/process_imagex'"
2026-04-13T14:03:54.774153,gcp,concurrency_500,dataset/large_1.jpg,large,435,11.5411,,,,error,"500, message='Internal Server Error', url='https://us-central1-cs4296-image-process.cloudfunctions.net/process_imagex'"
2026-04-13T14:03:54.774156,gcp,concurrency_500,dataset/large_1.jpg,large,436,11.834,,,,error,"500, message='Internal Server Error', url='https://us-central1-cs4296-image-process.cloudfunctions.net/process_imagex'"
2026-04-13T14:03:54.774160,gcp,concurrency_500,dataset/large_1.jpg,large,437,11.5586,,,,error,"500, message='Internal Server Error', url='https://us-central1-cs4296-image-process.cloudfunctions.net/process_imagex'"
2026-04-13T14:03:54.774163,gcp,concurrency_500,dataset/large_1.jpg,large,438,11.0444,,,,error,"500, message='Internal Server Error', url='https://us-central1-cs4296-image-process.cloudfunctions.net/process_imagex'"
2026-04-13T14:03:54.774167,gcp,concurrency_500,dataset/large_1.jpg,large,439,15.2626,2.237,6594243,5616x3744,ok,
2026-04-13T14:03:54.774170,gcp,concurrency_500,dataset/large_1.jpg,large,440,11.8549,,,,error,"500, message='Internal Server Error', url='https://us-central1-cs4296-image-process.cloudfunctions.net/process_imagex'"
2026-04-13T14:03:54.774173,gcp,concurrency_500,dataset/large_1.jpg,large,441,10.8509,,,,error,"500, message='Internal Server Error', url='https://us-central1-cs4296-image-process.cloudfunctions.net/process_imagex'"
2026-04-13T14:03:54.774176,gcp,concurrency_500,dataset/large_1.jpg,large,442,11.8501,,,,error,"500, message='Internal Server Error', url='https://us-central1-cs4296-image-process.cloudfunctions.net/process_imagex'"
2026-04-13T14:03:54.774180,gcp,concurrency_500,dataset/large_1.jpg,large,443,11.5614,,,,error,"500, message='Internal Server Error', url='https://us-central1-cs4296-image-process.cloudfunctions.net/process_imagex'"
2026-04-13T14:03:54.774183,gcp,concurrency_500,dataset/large_1.jpg,large,444,10.8504,,,,error,"500, message='Internal Server Error', url='https://us-central1-cs4296-image-process.cloudfunctions.net/process_imagex'"
2026-04-13T14:03:54.774186,gcp,concurrency_500,dataset/large_1.jpg,large,445,11.8544,,,,error,"500, message='Internal Server Error', url='https://us-central1-cs4296-image-process.cloudfunctions.net/process_imagex'"
2026-04-13T14:03:54.774190,gcp,concurrency_500,dataset/large_1.jpg,large,446,11.0329,,,,error,"500, message='Internal Server Error', url='https://us-central1-cs4296-image-process.cloudfunctions.net/process_imagex'"
2026-04-13T14:03:54.774193,gcp,concurrency_500,dataset/large_1.jpg,large,447,11.8347,,,,error,"500, message='Internal Server Error', url='https://us-central1-cs4296-image-process.cloudfunctions.net/process_imagex'"
2026-04-13T14:03:54.774196,gcp,concurrency_500,dataset/large_1.jpg,large,448,11.0458,,,,error,"500, message='Internal Server Error', url='https://us-central1-cs4296-image-process.cloudfunctions.net/process_imagex'"
2026-04-13T14:03:54.774200,gcp,concurrency_500,dataset/large_1.jpg,large,449,11.0427,,,,error,"500, message='Internal Server Error', url='https://us-central1-cs4296-image-process.cloudfunctions.net/process_imagex'"
2026-04-13T14:03:54.774203,gcp,concurrency_500,dataset/large_1.jpg,large,450,11.0184,,,,error,"500, message='Internal Server Error', url='https://us-central1-cs4296-image-process.cloudfunctions.net/process_imagex'"
2026-04-13T14:03:54.774206,gcp,concurrency_500,dataset/large_1.jpg,large,451,11.855,,,,error,"500, message='Internal Server Error', url='https://us-central1-cs4296-image-process.cloudfunctions.net/process_imagex'"
2026-04-13T14:03:54.774210,gcp,concurrency_500,dataset/large_1.jpg,large,452,11.5418,,,,error,"500, message='Internal Server Error', url='https://us-central1-cs4296-image-process.cloudfunctions.net/process_imagex'"
2026-04-13T14:03:54.774213,gcp,concurrency_500,dataset/large_1.jpg,large,453,11.0427,,,,error,"500, message='Internal Server Error', url='https://us-central1-cs4296-image-process.cloudfunctions.net/process_imagex'"
2026-04-13T14:03:54.774217,gcp,concurrency_500,dataset/large_1.jpg,large,454,11.8542,,,,error,"500, message='Internal Server Error', url='https://us-central1-cs4296-image-process.cloudfunctions.net/process_imagex'"
2026-04-13T14:03:54.774220,gcp,concurrency_500,dataset/large_1.jpg,large,455,11.5609,,,,error,"500, message='Internal Server Error', url='https://us-central1-cs4296-image-process.cloudfunctions.net/process_imagex'"
2026-04-13T14:03:54.774223,gcp,concurrency_500,dataset/large_1.jpg,large,456,11.8539,,,,error,"500, message='Internal Server Error', url='https://us-central1-cs4296-image-process.cloudfunctions.net/process_imagex'"
2026-04-13T14:03:54.774227,gcp,concurrency_500,dataset/large_1.jpg,large,457,11.5585,,,,error,"500, message='Internal Server Error', url='https://us-central1-cs4296-image-process.cloudfunctions.net/process_imagex'"
2026-04-13T14:03:54.774230,gcp,concurrency_500,dataset/large_1.jpg,large,458,10.827,,,,error,"500, message='Internal Server Error', url='https://us-central1-cs4296-image-process.cloudfunctions.net/process_imagex'"
2026-04-13T14:03:54.774233,gcp,concurrency_500,dataset/large_1.jpg,large,459,11.5413,,,,error,"500, message='Internal Server Error', url='https://us-central1-cs4296-image-process.cloudfunctions.net/process_imagex'"
2026-04-13T14:03:54.774240,gcp,concurrency_500,dataset/large_1.jpg,large,460,11.5602,,,,error,"500, message='Internal Server Error', url='https://us-central1-cs4296-image-process.cloudfunctions.net/process_imagex'"
2026-04-13T14:03:54.774243,gcp,concurrency_500,dataset/large_1.jpg,large,461,11.8535,,,,error,"500, message='Internal Server Error', url='https://us-central1-cs4296-image-process.cloudfunctions.net/process_imagex'"
2026-04-13T14:03:54.774247,gcp,concurrency_500,dataset/large_1.jpg,large,462,10.8493,,,,error,"500, message='Internal Server Error', url='https://us-central1-cs4296-image-process.cloudfunctions.net/process_imagex'"
2026-04-13T14:03:54.774250,gcp,concurrency_500,dataset/large_1.jpg,large,463,11.0166,,,,error,"500, message='Internal Server Error', url='https://us-central1-cs4296-image-process.cloudfunctions.net/process_imagex'"
2026-04-13T14:03:54.774253,gcp,concurrency_500,dataset/large_1.jpg,large,464,11.8329,,,,error,"500, message='Internal Server Error', url='https://us-central1-cs4296-image-process.cloudfunctions.net/process_imagex'"
2026-04-13T14:03:54.774257,gcp,concurrency_500,dataset/large_1.jpg,large,465,10.8479,,,,error,"500, message='Internal Server Error', url='https://us-central1-cs4296-image-process.cloudfunctions.net/process_imagex'"
2026-04-13T14:03:54.774260,gcp,concurrency_500,dataset/large_1.jpg,large,466,11.0134,,,,error,"500, message='Internal Server Error', url='https://us-central1-cs4296-image-process.cloudfunctions.net/process_imagex'"
2026-04-13T14:03:54.774263,gcp,concurrency_500,dataset/large_1.jpg,large,467,10.8477,,,,error,"500, message='Internal Server Error', url='https://us-central1-cs4296-image-process.cloudfunctions.net/process_imagex'"
2026-04-13T14:03:54.774267,gcp,concurrency_500,dataset/large_1.jpg,large,468,11.8532,,,,error,"500, message='Internal Server Error', url='https://us-central1-cs4296-image-process.cloudfunctions.net/process_imagex'"
2026-04-13T14:03:54.774270,gcp,concurrency_500,dataset/large_1.jpg,large,469,11.5581,,,,error,"500, message='Internal Server Error', url='https://us-central1-cs4296-image-process.cloudfunctions.net/process_imagex'"
2026-04-13T14:03:54.774273,gcp,concurrency_500,dataset/large_1.jpg,large,470,11.5411,,,,error,"500, message='Internal Server Error', url='https://us-central1-cs4296-image-process.cloudfunctions.net/process_imagex'"
2026-04-13T14:03:54.774277,gcp,concurrency_500,dataset/large_1.jpg,large,471,11.8542,,,,error,"500, message='Internal Server Error', url='https://us-central1-cs4296-image-process.cloudfunctions.net/process_imagex'"
2026-04-13T14:03:54.774280,gcp,concurrency_500,dataset/large_1.jpg,large,472,11.8291,,,,error,"500, message='Internal Server Error', url='https://us-central1-cs4296-image-process.cloudfunctions.net/process_imagex'"
2026-04-13T14:03:54.774283,gcp,concurrency_500,dataset/large_1.jpg,large,473,11.0415,,,,error,"500, message='Internal Server Error', url='https://us-central1-cs4296-image-process.cloudfunctions.net/process_imagex'"
2026-04-13T14:03:54.774287,gcp,concurrency_500,dataset/large_1.jpg,large,474,11.5414,,,,error,"500, message='Internal Server Error', url='https://us-central1-cs4296-image-process.cloudfunctions.net/process_imagex'"
2026-04-13T14:03:54.774290,gcp,concurrency_500,dataset/large_1.jpg,large,475,10.8497,,,,error,"500, message='Internal Server Error', url='https://us-central1-cs4296-image-process.cloudfunctions.net/process_imagex'"
2026-04-13T14:03:54.774293,gcp,concurrency_500,dataset/large_1.jpg,large,476,11.033,,,,error,"500, message='Internal Server Error', url='https://us-central1-cs4296-image-process.cloudfunctions.net/process_imagex'"
2026-04-13T14:03:54.774297,gcp,concurrency_500,dataset/large_1.jpg,large,477,11.0321,,,,error,"500, message='Internal Server Error', url='https://us-central1-cs4296-image-process.cloudfunctions.net/process_imagex'"
2026-04-13T14:03:54.774300,gcp,concurrency_500,dataset/large_1.jpg,large,478,10.8268,,,,error,"500, message='Internal Server Error', url='https://us-central1-cs4296-image-process.cloudfunctions.net/process_imagex'"
2026-04-13T14:03:54.774304,gcp,concurrency_500,dataset/large_1.jpg,large,479,10.8467,,,,error,"500, message='Internal Server Error', url='https://us-central1-cs4296-image-process.cloudfunctions.net/process_imagex'"
2026-04-13T14:03:54.774307,gcp,concurrency_500,dataset/large_1.jpg,large,480,11.0346,,,,error,"500, message='Internal Server Error', url='https://us-central1-cs4296-image-process.cloudfunctions.net/process_imagex'"
2026-04-13T14:03:54.774310,gcp,concurrency_500,dataset/large_1.jpg,large,481,11.5414,,,,error,"500, message='Internal Server Error', url='https://us-central1-cs4296-image-process.cloudfunctions.net/process_imagex'"
2026-04-13T14:03:54.774314,gcp,concurrency_500,dataset/large_1.jpg,large,482,11.5354,,,,error,"500, message='Internal Server Error', url='https://us-central1-cs4296-image-process.cloudfunctions.net/process_imagex'"
2026-04-13T14:03:54.774317,gcp,concurrency_500,dataset/large_1.jpg,large,483,10.8495,,,,error,"500, message='Internal Server Error', url='https://us-central1-cs4296-image-process.cloudfunctions.net/process_imagex'"
2026-04-13T14:03:54.774320,gcp,concurrency_500,dataset/large_1.jpg,large,484,10.8463,,,,error,"500, message='Internal Server Error', url='https://us-central1-cs4296-image-process.cloudfunctions.net/process_imagex'"
2026-04-13T14:03:54.774324,gcp,concurrency_500,dataset/large_1.jpg,large,485,11.8522,,,,error,"500, message='Internal Server Error', url='https://us-central1-cs4296-image-process.cloudfunctions.net/process_imagex'"
2026-04-13T14:03:54.774328,gcp,concurrency_500,dataset/large_1.jpg,large,486,11.0447,,,,error,"500, message='Internal Server Error', url='https://us-central1-cs4296-image-process.cloudfunctions.net/process_imagex'"
2026-04-13T14:03:54.774331,gcp,concurrency_500,dataset/large_1.jpg,large,487,21.5189,6.0889,6594243,5616x3744,ok,
2026-04-13T14:03:54.774334,gcp,concurrency_500,dataset/large_1.jpg,large,488,10.8471,,,,error,"500, message='Internal Server Error', url='https://us-central1-cs4296-image-process.cloudfunctions.net/process_imagex'"
2026-04-13T14:03:54.774337,gcp,concurrency_500,dataset/large_1.jpg,large,489,11.557,,,,error,"500, message='Internal Server Error', url='https://us-central1-cs4296-image-process.cloudfunctions.net/process_imagex'"
2026-04-13T14:03:54.774341,gcp,concurrency_500,dataset/large_1.jpg,large,490,11.0409,,,,error,"500, message='Internal Server Error', url='https://us-central1-cs4296-image-process.cloudfunctions.net/process_imagex'"
2026-04-13T14:03:54.774344,gcp,concurrency_500,dataset/large_1.jpg,large,491,11.5409,,,,error,"500, message='Internal Server Error', url='https://us-central1-cs4296-image-process.cloudfunctions.net/process_imagex'"
2026-04-13T14:03:54.774347,gcp,concurrency_500,dataset/large_1.jpg,large,492,10.8261,,,,error,"500, message='Internal Server Error', url='https://us-central1-cs4296-image-process.cloudfunctions.net/process_imagex'"
2026-04-13T14:03:54.774351,gcp,concurrency_500,dataset/large_1.jpg,large,493,11.5593,,,,error,"500, message='Internal Server Error', url='https://us-central1-cs4296-image-process.cloudfunctions.net/process_imagex'"
2026-04-13T14:03:54.774354,gcp,concurrency_500,dataset/large_1.jpg,large,494,11.5574,,,,error,"500, message='Internal Server Error', url='https://us-central1-cs4296-image-process.cloudfunctions.net/process_imagex'"
2026-04-13T14:03:54.774357,gcp,concurrency_500,dataset/large_1.jpg,large,495,11.5581,,,,error,"500, message='Internal Server Error', url='https://us-central1-cs4296-image-process.cloudfunctions.net/process_imagex'"
2026-04-13T14:03:54.774361,gcp,concurrency_500,dataset/large_1.jpg,large,496,10.8487,,,,error,"500, message='Internal Server Error', url='https://us-central1-cs4296-image-process.cloudfunctions.net/process_imagex'"
2026-04-13T14:03:54.774364,gcp,concurrency_500,dataset/large_1.jpg,large,497,11.0128,,,,error,"500, message='Internal Server Error', url='https://us-central1-cs4296-image-process.cloudfunctions.net/process_imagex'"
2026-04-13T14:03:54.774371,gcp,concurrency_500,dataset/large_1.jpg,large,498,10.8493,,,,error,"500, message='Internal Server Error', url='https://us-central1-cs4296-image-process.cloudfunctions.net/process_imagex'"
2026-04-13T14:03:54.774375,gcp,concurrency_500,dataset/large_1.jpg,large,499,11.0444,,,,error,"500, message='Internal Server Error', url='https://us-central1-cs4296-image-process.cloudfunctions.net/process_imagex'"
2026-04-13T14:03:54.774378,gcp,concurrency_500,dataset/large_1.jpg,large,500,10.826,,,,error,"500, message='Internal Server Error', url='https://us-central1-cs4296-image-process.cloudfunctions.net/process_imagex'"
